step,sim_time,obs_0,obs_1,obs_2,obs_3,obs_4,obs_5,obs_6,obs_7,obs_8,obs_9,obs_10,obs_11,obs_12,obs_13,obs_14,obs_15,obs_16,obs_17,obs_18,obs_19,obs_20,obs_21,obs_22,obs_23,obs_24,obs_25,obs_26,obs_27,obs_28,obs_29,obs_30,obs_31,obs_32,obs_33,action_0,action_1,action_2,action_3,action_4,action_5,root_pos_w_0,root_pos_w_1,root_pos_w_2,root_quat_w_0,root_quat_w_1,root_quat_w_2,root_quat_w_3,root_lin_vel_b_0,root_lin_vel_b_1,root_lin_vel_b_2,root_ang_vel_b_0,root_ang_vel_b_1,root_ang_vel_b_2,joint_pos_servo2,joint_pos_servo1,joint_pos_servo4,joint_pos_servo3,joint_pos_wheel1,joint_pos_wheel2,joint_vel_servo2,joint_vel_servo1,joint_vel_servo4,joint_vel_servo3,joint_vel_wheel1,joint_vel_wheel2,computed_torque_0,computed_torque_1,computed_torque_2,computed_torque_3,computed_torque_4,computed_torque_5,applied_torque_0,applied_torque_1,applied_torque_2,applied_torque_3,applied_torque_4,applied_torque_5
0,0.02,-8.671650203462278e-11,2.3104165802756427e-10,-0.09810000658035278,-1.2626357737133276e-09,-1.9834525688544602e-10,-2.768946877340639e-11,0.0,0.0,-1.0,0.0,0.0,0.0,0.27000001072883606,0.0,0.27000001072883606,0.0,-0.8999999761581421,-0.8999999761581421,1.899999976158142,1.899999976158142,2.4111321392152746e-14,-1.2603653743500226e-13,-3.1745519841336334e-12,2.104595143992416e-12,2.5969173643100585e-13,1.823054294330939e-12,2.883022325646939e-14,-7.53641940520744e-14,0.0,0.0,0.0,0.0,0.0,0.0,1.5927746295928955,-0.12370322644710541,0.8579822182655334,-0.3949510157108307,0.8771054148674011,1.1243858337402344,-0.0011610068613663316,0.0008257245062850416,0.33012041449546814,-0.0012619612971320748,-0.0024982918985188007,3.83695078198798e-05,0.9999960064888,-0.08668813109397888,-0.007897238247096539,2.9979870319366455,0.0009349881438538432,-0.6875381469726562,0.010755018331110477,0.0037495207507163286,-0.007691762875765562,0.0036449532490223646,-0.008524194359779358,0.02991248294711113,0.03827247768640518,0.8186157941818237,-1.5311826467514038,0.796770453453064,-1.7010767459869385,6.041918754577637,7.7124834060668945,15.704095840454102,15.703730583190918,-20.54867172241211,-23.939815521240234,14.037087440490723,17.991554260253906,2.0,2.0,-2.0,-2.0,14.037087440490723,17.991554260253906
1,0.04,-0.08668813109397888,-0.007897238247096539,2.9979870319366455,0.0009349881438538432,-0.6875381469726562,0.010755018331110477,-0.004996466916054487,0.0025241042021661997,-0.9999840259552002,0.0,0.0,0.0,0.27000001072883606,0.0,0.33012041449546814,-0.002524138428270817,-0.8962504267692566,-0.8963550329208374,1.892308235168457,1.891475796699524,0.02991248294711113,0.03827247768640518,0.8186157941818237,0.796770453453064,-1.5311826467514038,-1.7010767459869385,6.041918754577637,7.7124834060668945,1.5927746295928955,-0.12370322644710541,0.8579822182655334,-0.3949510157108307,0.8771054148674011,1.1243858337402344,1.996738076210022,-0.10636363923549652,1.0747960805892944,-0.4665285646915436,1.5814210176467896,2.0011372566223145,-0.0036535055842250586,0.0007430260302498937,0.3895193338394165,-0.0011327305110171437,-0.02125382050871849,-0.0001902432122733444,0.999773383140564,-0.005519665777683258,-0.015298062935471535,2.908535957336426,0.02360505796968937,-2.435640335083008,-0.12394637614488602,0.06631819158792496,-0.09261024743318558,0.06382759660482407,-0.09944696724414825,0.19362980127334595,0.24691800773143768,4.494469165802002,-6.0297956466674805,4.277354717254639,-6.45785665512085,11.895528793334961,15.063197135925293,7.997647762298584,8.26904296875,-10.439866065979004,-14.297294616699219,11.283744812011719,14.130674362182617,2.0,2.0,-2.0,-2.0,11.283744812011719,14.130674362182617
2,0.06,-0.005519665777683258,-0.015298062935471535,2.908535957336426,0.02360505796968937,-2.435640335083008,-0.12394637614488602,-0.04249843955039978,0.0022568609565496445,-0.9990937113761902,0.0,0.0,0.0,0.27000001072883606,0.0,0.3895193338394165,-0.002258903346955776,-0.8336817622184753,-0.8361724019050598,1.807389736175537,1.8005529642105103,0.19362980127334595,0.24691800773143768,4.494469165802002,4.277354717254639,-6.0297956466674805,-6.45785665512085,11.895528793334961,15.063197135925293,1.996738076210022,-0.10636363923549652,1.0747960805892944,-0.4665285646915436,1.5814210176467896,2.0011372566223145,1.784562587738037,-0.18243251740932465,0.996216356754303,-0.4079764783382416,1.480718731880188,2.157421350479126,-0.005814103409647942,0.0005311844870448112,0.44430437684059143,-0.000799839326646179,-0.049673713743686676,-0.0015237935585901141,0.998763918876648,0.2093190848827362,-0.015641486272215843,2.6169466972351074,0.03496070206165314,-2.8083646297454834,-0.1617761254310608,0.19390514492988586,-0.26177605986595154,0.18691560626029968,-0.2778020203113556,0.4437534213066101,0.5727577805519104,7.015538692474365,-9.487924575805664,6.782624244689941,-10.0,11.998395919799805,17.101633071899414,0.15640926361083984,0.6512632369995117,-0.8592681884765625,-2.665079116821289,-1.7467041015625,2.369232177734375,0.15640926361083984,0.6512632369995117,-0.8592681884765625,-2.0,-1.7467041015625,2.369232177734375
3,0.08,0.2093190848827362,-0.015641486272215843,2.6169466972351074,0.03496070206165314,-2.8083646297454834,-0.1617761254310608,-0.09922706335783005,0.0014463163679465652,-0.9950633645057678,0.0,0.0,0.0,0.27000001072883606,0.0,0.44430437684059143,-0.0014534901129081845,-0.7060948610305786,-0.71308434009552,1.6382238864898682,1.6221979856491089,0.4437534213066101,0.5727577805519104,7.015538692474365,6.782624244689941,-9.487924575805664,-10.0,11.998395919799805,17.101633071899414,1.784562587738037,-0.18243251740932465,0.996216356754303,-0.4079764783382416,1.480718731880188,2.157421350479126,1.4060838222503662,-0.23191331326961517,0.8287599086761475,-0.4010513722896576,1.2311025857925415,2.0965771675109863,-0.006796845700591803,0.00021899119019508362,0.493651419878006,-0.00021001887216698378,-0.07418361306190491,-0.0025596474297344685,0.997241199016571,0.3423425555229187,-0.01799171417951584,2.3398149013519287,0.06137097626924515,-2.259058952331543,-0.21739932894706726,0.3245486915111542,-0.4432388246059418,0.3175945580005646,-0.477161705493927,0.6719099879264832,0.9155760407447815,6.364173889160156,-8.818050384521484,6.30030632019043,-9.871916770935059,10.123140335083008,16.838760375976562,-0.034725189208984375,-0.16656112670898438,-0.012598037719726562,0.2648811340332031,-3.9386749267578125,-0.9696731567382812,-0.034725189208984375,-0.16656112670898438,-0.012598037719726562,0.2648811340332031,-3.9386749267578125,-0.9696731567382812
4,0.1,0.3423425555229187,-0.01799171417951584,2.3398149013519287,0.06137097626924515,-2.259058952331543,-0.21739932894706726,-0.14795897901058197,3.911115345545113e-05,-0.9889931082725525,0.0,0.0,0.0,0.27000001072883606,0.0,0.493651419878006,-3.954641942982562e-05,-0.5754512548446655,-0.5824054479598999,1.456761121749878,1.4228382110595703,0.6719099879264832,0.9155760407447815,6.364173889160156,6.30030632019043,-8.818050384521484,-9.871916770935059,10.123140335083008,16.838760375976562,1.4060838222503662,-0.23191331326961517,0.8287599086761475,-0.4010513722896576,1.2311025857925415,2.0965771675109863,1.1193678379058838,-0.23621131479740143,0.6420050263404846,-0.3813805878162384,1.3117619752883911,2.204702854156494,-0.007195181678980589,-0.00015877843543421477,0.538021445274353,0.0005744771915487945,-0.09509845077991486,-0.003493191208690405,0.9954615831375122,0.3998107612133026,-0.01422936376184225,2.0883893966674805,0.08313609659671783,-2.0587220191955566,-0.05019717290997505,0.44383952021598816,-0.6119030714035034,0.436339408159256,-0.6630886197090149,0.871656596660614,1.2542243003845215,5.742689609527588,-8.174646377563477,5.706669807434082,-8.911579132080078,10.38682746887207,17.479650497436523,-0.2131805419921875,-0.13714218139648438,0.39776611328125,0.7816276550292969,1.3203315734863281,1.7844085693359375,-0.2131805419921875,-0.13714218139648438,0.39776611328125,0.7816276550292969,1.3203315734863281,1.7844085693359375
5,0.12,0.3998107612133026,-0.01422936376184225,2.0883893966674805,0.08313609659671783,-2.0587220191955566,-0.05019717290997505,-0.18932969868183136,-0.0018081340240314603,-0.9819118976593018,0.0,0.0,0.0,0.27000001072883606,0.0,0.538021445274353,0.0018414400983601809,-0.45616045594215393,-0.4636605679988861,1.2880969047546387,1.2369112968444824,0.871656596660614,1.2542243003845215,5.742689609527588,5.706669807434082,-8.174646377563477,-8.911579132080078,10.38682746887207,17.479650497436523,1.1193678379058838,-0.23621131479740143,0.6420050263404846,-0.3813805878162384,1.3117619752883911,2.204702854156494,0.8629445433616638,-0.24071557819843292,0.4760214686393738,-0.3555964231491089,1.4247510433197021,2.3166332244873047,-0.0076468633487820625,-0.0005227025831118226,0.5778425335884094,0.0014051407342776656,-0.11523876339197159,-0.0030977698042988777,0.9933319091796875,0.4282605051994324,-0.00946057215332985,1.8584933280944824,0.09609025716781616,-2.008099317550659,0.07916256785392761,0.5516650676727295,-0.7651709318161011,0.5440391302108765,-0.8285878300666809,1.0850173234939575,1.610130786895752,5.190073013305664,-7.432450771331787,5.168036937713623,-7.903767108917236,11.256382942199707,18.37150764465332,-0.19768333435058594,-0.1443157196044922,0.35649681091308594,0.7954921722412109,1.8407783508300781,1.8377418518066406,-0.19768333435058594,-0.1443157196044922,0.35649681091308594,0.7954921722412109,1.8407783508300781,1.8377418518066406
6,0.14,0.4282605051994324,-0.00946057215332985,1.8584933280944824,0.09609025716781616,-2.008099317550659,0.07916256785392761,-0.2289319783449173,-0.0035055086482316256,-0.9734357595443726,0.0,0.0,0.0,0.27000001072883606,0.0,0.5778425335884094,0.0036011540796607733,-0.3483349084854126,-0.3559608459472656,1.134829044342041,1.0714120864868164,1.0850173234939575,1.610130786895752,5.190073013305664,5.168036937713623,-7.432450771331787,-7.903767108917236,11.256382942199707,18.37150764465332,0.8629445433616638,-0.24071557819843292,0.4760214686393738,-0.3555964231491089,1.4247510433197021,2.3166332244873047,0.6541071534156799,-0.24146245419979095,0.3500654101371765,-0.3210301399230957,1.4555989503860474,2.3456649780273438,0.0,0.0,0.27000001072883606,0.0,0.0,0.0,1.0,0.4429568648338318,-0.004070991650223732,1.646287441253662,0.05983223021030426,-1.796839952468872,-0.016726665198802948,0.6488387584686279,-0.9040940999984741,0.6395043134689331,-0.9742873311042786,1.313559651374817,1.9812579154968262,4.628095626831055,-6.715085506439209,4.27098274230957,-6.8331451416015625,11.584111213684082,18.72017478942871,-0.17933082580566406,-1.2309789657592773,0.37066650390625,0.8610801696777344,0.5239315032958984,0.50482177734375,-0.17933082580566406,-1.2309789657592773,0.37066650390625,0.8610801696777344,0.5239315032958984,0.50482177734375
7,0.16,0.4429568648338318,-0.004070991650223732,1.646287441253662,0.05983223021030426,-1.796839952468872,-0.016726665198802948,0.0,0.0,-1.0,0.0,0.0,0.0,0.27000001072883606,0.0,0.27000001072883606,0.0,-0.25116121768951416,-0.260495662689209,0.995905876159668,0.9257126450538635,1.313559651374817,1.9812579154968262,4.628095626831055,4.27098274230957,-6.715085506439209,-6.8331451416015625,11.584111213684082,18.72017478942871,0.0,0.0,0.0,0.0,0.0,0.0,0.5290685296058655,-0.2640461325645447,0.33395951986312866,-0.18204554915428162,0.802712619304657,1.4719140529632568,0.005834320560097694,0.000776276458054781,0.31736236810684204,-0.0012907738564535975,0.0090639041736722,4.5356096961768344e-05,0.9999580979347229,0.23379947245121002,-0.0016356338746845722,2.4119229316711426,-0.026644837111234665,0.5470969080924988,-0.04097520932555199,0.7422158718109131,-1.080636739730835,0.7166287302970886,-1.1476331949234009,1.4436509609222412,2.2185580730438232,4.346335411071777,-7.638687610626221,3.476513385772705,-7.712822437286377,6.320341110229492,11.646145820617676,-0.4066753387451172,0.3014254570007324,4.7799224853515625,6.3239946365356445,0.24899578094482422,0.46004486083984375,-0.4066753387451172,0.3014254570007324,2.0,2.0,0.24899578094482422,0.46004486083984375
8,0.18,0.23379947245121002,-0.0016356338746845722,2.4119229316711426,-0.026644837111234665,0.5470969080924988,-0.04097520932555199,0.018127165734767914,0.0025806173216551542,-0.9998323917388916,0.0,0.0,0.0,0.27000001072883606,0.0,0.31736236810684204,-0.0025810443330556154,-0.157784104347229,-0.18337124586105347,0.8193632364273071,0.7523667812347412,1.4436509609222412,2.2185580730438232,4.346335411071777,3.476513385772705,-7.638687610626221,-7.712822437286377,6.320341110229492,11.646145820617676,0.5290685296058655,-0.2640461325645447,0.33395951986312866,-0.18204554915428162,0.802712619304657,1.4719140529632568,0.48931944370269775,-0.1581975221633911,0.23639559745788574,-0.23516513407230377,1.7363336086273193,2.3841962814331055,0.011084601283073425,0.0007083978853188455,0.3656799793243408,-0.0011412908788770437,0.006622495129704475,0.0006606159149669111,0.9999771118164062,0.22605769336223602,-0.0050854370929300785,2.3854312896728516,-0.026148004457354546,-0.4638010561466217,-0.035483650863170624,0.8221256732940674,-1.1990454196929932,0.7796346545219421,-1.270847201347351,1.570002794265747,2.4511098861694336,3.715573787689209,-4.819034576416016,2.6612281799316406,-4.954094409942627,6.336470603942871,11.725295066833496,-0.22457313537597656,-1.4879112243652344,1.834517478942871,2.1437225341796875,0.11639690399169922,0.18686866760253906,-0.22457313537597656,-1.4879112243652344,1.834517478942871,2.0,0.11639690399169922,0.18686866760253906
9,0.2,0.22605769336223602,-0.0050854370929300785,2.3854312896728516,-0.026148004457354546,-0.4638010561466217,-0.035483650863170624,0.013246194459497929,0.0022737798281013966,-0.9999093413352966,0.0,0.0,0.0,0.27000001072883606,0.0,0.3656799793243408,-0.0022739809937775135,-0.07787430286407471,-0.12036532163619995,0.7009545564651489,0.629152774810791,1.570002794265747,2.4511098861694336,3.715573787689209,2.6612281799316406,-4.819034576416016,-4.954094409942627,6.336470603942871,11.725295066833496,0.48931944370269775,-0.1581975221633911,0.23639559745788574,-0.23516513407230377,1.7363336086273193,2.3841962814331055,0.35850560665130615,-0.16965605318546295,0.11624467372894287,-0.2319016009569168,2.0876314640045166,2.7166409492492676,0.014381974935531616,0.0007145616691559553,0.411469042301178,-0.0015026008477434516,-0.0018003354780375957,-0.00033260832424275577,0.9999971389770508,0.17339441180229187,-0.005717184394598007,2.2297117710113525,-0.06215178966522217,-0.6173439025878906,-0.18887552618980408,0.8904983997344971,-1.2900469303131104,0.8225781321525574,-1.363305926322937,1.8409950733184814,2.826207160949707,2.999911308288574,-4.223954677581787,1.5048185586929321,-4.205008029937744,13.876218795776367,19.0836238861084,-1.1069350242614746,-1.9764151573181152,0.22549057006835938,0.4210357666015625,0.10167884826660156,0.09548568725585938,-1.1069350242614746,-1.9764151573181152,0.22549057006835938,0.4210357666015625,0.10167884826660156,0.09548568725585938
10,0.22,0.17339441180229187,-0.005717184394598007,2.2297117710113525,-0.06215178966522217,-0.6173439025878906,-0.18887552618980408,-0.003601660253480077,0.0030039953999221325,-0.9999887943267822,0.0,0.0,0.0,0.27000001072883606,0.0,0.411469042301178,-0.003004019381478429,-0.00950157642364502,-0.07742184400558472,0.6099530458450317,0.5366940498352051,1.8409950733184814,2.826207160949707,2.999911308288574,1.5048185586929321,-4.223954677581787,-4.205008029937744,13.876218795776367,19.0836238861084,0.35850560665130615,-0.16965605318546295,0.11624467372894287,-0.2319016009569168,2.0876314640045166,2.7166409492492676,0.21897459030151367,-0.1750379055738449,-0.0014504939317703247,-0.15870438516139984,2.3420679569244385,3.0601892471313477,0.017102859914302826,0.0007596950163133442,0.4539113938808441,-0.0019980589859187603,-0.007234781514853239,-0.0013463669456541538,0.9999708533287048,0.16679774224758148,-0.003718275111168623,2.0624351501464844,-0.060840390622615814,-0.1541890650987625,-0.07797923684120178,0.9416463971138,-1.3709843158721924,0.8439135551452637,-1.4413232803344727,2.1725313663482666,3.2262096405029297,1.8925058841705322,-3.7845911979675293,0.3269767165184021,-3.4677977561950684,16.713117599487305,20.00000762939453,-2.3152856826782227,-1.9677053689956665,0.24553871154785156,1.1134047508239746,0.054592132568359375,3.4662513732910156,-2.0,-1.9677053689956665,0.24553871154785156,1.1134047508239746,0.054592132568359375,3.4662513732910156
11,0.24,0.16679774224758148,-0.003718275111168623,2.0624351501464844,-0.060840390622615814,-0.1541890650987625,-0.07797923684120178,-0.014474521391093731,0.003976520150899887,-0.9998870491981506,0.0,0.0,0.0,0.27000001072883606,0.0,0.4539113938808441,-0.003976947162300348,0.04164642095565796,-0.05608642101287842,0.5290156602859497,0.45867669582366943,2.1725313663482666,3.2262096405029297,1.8925058841705322,0.3269767165184021,-3.7845911979675293,-3.4677977561950684,16.713117599487305,20.00000762939453,0.21897459030151367,-0.1750379055738449,-0.0014504939317703247,-0.15870438516139984,2.3420679569244385,3.0601892471313477,0.1731758713722229,-0.15751543641090393,-0.06825396418571472,-0.13748255372047424,2.7308413982391357,3.314863681793213,0.019542386755347252,0.0008801036165095866,0.4930250942707062,-0.002220012480393052,-0.008197254501283169,0.0004110602894797921,0.9999638199806213,0.1525357961654663,-0.004349084105342627,1.888947606086731,-0.017466600984334946,0.0402606837451458,0.14852654933929443,0.9694851636886597,-1.4436827898025513,0.8466289043426514,-1.504320502281189,2.5455667972564697,3.6262149810791016,1.0819231271743774,-3.3912906646728516,-0.2224225550889969,-2.919672966003418,18.72464942932129,20.000001907348633,-0.7873923778533936,-1.0633119344711304,0.47177553176879883,0.44699525833129883,0.03079986572265625,8.963016510009766,-0.7873923778533936,-1.0633119344711304,0.47177553176879883,0.44699525833129883,0.03079986572265625,8.963016510009766
12,0.26,0.1525357961654663,-0.004349084105342627,1.888947606086731,-0.017466600984334946,0.0402606837451458,0.14852654933929443,-0.016392091289162636,0.004446603357791901,-0.999855637550354,0.0,0.0,0.0,0.27000001072883606,0.0,0.4930250942707062,-0.00444721570238471,0.06948518753051758,-0.05337107181549072,0.4563171863555908,0.3956794738769531,2.5455667972564697,3.6262149810791016,1.0819231271743774,-0.2224225550889969,-3.3912906646728516,-2.919672966003418,18.72464942932129,20.000001907348633,0.1731758713722229,-0.15751543641090393,-0.06825396418571472,-0.13748255372047424,2.7308413982391357,3.314863681793213,0.1459701806306839,-0.15050894021987915,-0.11221310496330261,-0.09891274571418762,3.0137317180633545,3.404110908508301,0.021779680624604225,0.0009363763965666294,0.528592586517334,-0.0022503912914544344,-0.008600291796028614,0.0023672536481171846,0.9999576807022095,0.14131483435630798,-0.006116050761193037,1.7101794481277466,-0.008004793897271156,0.0008670229581184685,0.15808811783790588,0.9878366589546204,-1.5076066255569458,0.8398599028587341,-1.5579622983932495,2.9455692768096924,4.026232719421387,0.7583608627319336,-3.0010902881622314,-0.5871449708938599,-2.4414780139923096,20.000011444091797,20.00000762939453,-0.4482520818710327,-0.6905425786972046,0.3193821907043457,0.6147704124450684,3.6934356689453125,13.037799835205078,-0.4482520818710327,-0.6905425786972046,0.3193821907043457,0.6147704124450684,3.6934356689453125,13.037799835205078
13,0.28,0.14131483435630798,-0.006116050761193037,1.7101794481277466,-0.008004793897271156,0.0008670229581184685,0.15808811783790588,-0.017189200967550278,0.004541310481727123,-0.9998419284820557,0.0,0.0,0.0,0.27000001072883606,0.0,0.528592586517334,-0.004541997332125902,0.08783668279647827,-0.06014007329940796,0.3923933506011963,0.3420376777648926,2.9455692768096924,4.026232719421387,0.7583608627319336,-0.5871449708938599,-3.0010902881622314,-2.4414780139923096,20.000011444091797,20.00000762939453,0.1459701806306839,-0.15050894021987915,-0.11221310496330261,-0.09891274571418762,3.0137317180633545,3.404110908508301,0.12126310169696808,-0.1352468878030777,-0.13692989945411682,-0.05528479442000389,3.1153786182403564,3.3322911262512207,0.023975983262062073,0.0009573325514793396,0.5605548024177551,-0.0022424424532800913,-0.00935362558811903,0.004235250409692526,0.9999447464942932,0.13881981372833252,-0.006800273433327675,1.5297094583511353,0.0019916067831218243,-0.07699699699878693,0.21138185262680054,1.0010732412338257,-1.5633689165115356,0.8270322680473328,-1.6020845174789429,3.345573663711548,4.426258087158203,0.5101646780967712,-2.614783763885498,-0.7714236974716187,-1.9681862592697144,20.000003814697266,20.000003814697266,-0.4354463815689087,-0.33091866970062256,0.3580746650695801,0.6797933578491211,8.219680786132812,14.465766906738281,-0.4354463815689087,-0.33091866970062256,0.3580746650695801,0.6797933578491211,8.219680786132812,14.465766906738281
14,0.3,0.13881981372833252,-0.006800273433327675,1.5297094583511353,0.0019916067831218243,-0.07699699699878693,0.21138185262680054,-0.01868722215294838,0.00456386711448431,-0.9998148679733276,0.0,0.0,0.0,0.27000001072883606,0.0,0.5605548024177551,-0.0045646801590919495,0.1010732650756836,-0.07296770811080933,0.33663105964660645,0.2979154586791992,3.345573663711548,4.426258087158203,0.5101646780967712,-0.7714236974716187,-2.614783763885498,-1.9681862592697144,20.000003814697266,20.000003814697266,0.12126310169696808,-0.1352468878030777,-0.13692989945411682,-0.05528479442000389,3.1153786182403564,3.3322911262512207,0.09543126821517944,-0.11207613348960876,-0.14634965360164642,-0.019496265798807144,3.080385446548462,3.1847259998321533,0.02612573839724064,0.0009571954142302275,0.588907778263092,-0.0021169790998101234,-0.011063290759921074,0.00694017531350255,0.9999123811721802,0.13856372237205505,-0.008338183164596558,1.3483188152313232,0.023850366473197937,-0.19784784317016602,0.3155610263347626,1.0093327760696411,-1.6116162538528442,0.8120211362838745,-1.637032389640808,3.7455790042877197,4.826284885406494,0.26673319935798645,-2.2271156311035156,-0.7945970296859741,-1.555580496788025,20.000011444091797,19.999996185302734,-0.4450416564941406,-0.07745873928070068,0.42827892303466797,0.5604653358459473,9.84604263305664,13.316642761230469,-0.4450416564941406,-0.07745873928070068,0.42827892303466797,0.5604653358459473,9.84604263305664,13.316642761230469
15,0.32,0.13856372237205505,-0.008338183164596558,1.3483188152313232,0.023850366473197937,-0.19784784317016602,0.3155610263347626,-0.02209525741636753,0.004387149587273598,-0.9997458457946777,0.0,0.0,0.0,0.27000001072883606,0.0,0.588907778263092,-0.004388235043734312,0.10933279991149902,-0.08797883987426758,0.28838372230529785,0.262967586517334,3.7455790042877197,4.826284885406494,0.26673319935798645,-0.7945970296859741,-2.2271156311035156,-1.555580496788025,20.000011444091797,19.999996185302734,0.09543126821517944,-0.11207613348960876,-0.14634965360164642,-0.019496265798807144,3.080385446548462,3.1847259998321533,0.06952007859945297,-0.08437058329582214,-0.15148672461509705,0.018946576863527298,2.9766833782196045,2.9867327213287354,0.0,0.0,0.27000001072883606,0.0,0.0,0.0,1.0,0.13948188722133636,-0.010221194475889206,1.1662973165512085,0.04401038959622383,-0.3236958682537079,0.41813233494758606,1.012826681137085,-1.6522713899612427,0.7971471548080444,-1.6642475128173828,4.1455817222595215,5.226307392120361,0.03711342439055443,-1.8459655046463013,-0.7665335536003113,-1.1768323183059692,20.0000057220459,20.000003814697266,-0.4321834444999695,-0.014345407485961914,0.4599282741546631,0.5714993476867676,9.28615951538086,10.955612182617188,-0.4321834444999695,-0.014345407485961914,0.4599282741546631,0.5714993476867676,9.28615951538086,10.955612182617188
16,0.34,0.13948188722133636,-0.010221194475889206,1.1662973165512085,0.04401038959622383,-0.3236958682537079,0.41813233494758606,0.0,0.0,-1.0,0.0,0.0,0.0,0.27000001072883606,0.0,0.27000001072883606,0.0,0.11282670497894287,-0.10285282135009766,0.24772858619689941,0.23575246334075928,4.1455817222595215,5.226307392120361,0.03711342439055443,-0.7665335536003113,-1.8459655046463013,-1.1768323183059692,20.0000057220459,20.000003814697266,0.0,0.0,0.0,0.0,0.0,0.0,0.2124587893486023,0.026296228170394897,0.1405547857284546,0.1676655411720276,1.0153404474258423,0.9339419007301331,0.002126607345417142,-8.068297756835818e-05,0.3098130226135254,0.0006199141498655081,0.021209998056292534,0.0026627087499946356,0.9997712969779968,0.001723460853099823,-0.0110428212210536,1.9782530069351196,0.13038605451583862,1.5732048749923706,0.43714335560798645,1.0414222478866577,-1.8212227821350098,0.8209693431854248,-1.83194100856781,4.318456649780273,5.391465663909912,1.0586235523223877,-7.151792526245117,1.449838638305664,-7.208515167236328,8.079771041870117,7.402205944061279,-0.4285745620727539,0.23185276985168457,15.030014991760254,16.882770538330078,-0.027149200439453125,0.08586502075195312,-0.4285745620727539,0.23185276985168457,2.0,2.0,-0.027149200439453125,0.08586502075195312
17,0.36,0.001723460853099823,-0.0110428212210536,1.9782530069351196,0.13038605451583862,1.5732048749923706,0.43714335560798645,0.042406994849443436,-0.001352496794424951,-0.9990994930267334,0.0,0.0,0.0,0.27000001072883606,0.0,0.3098130226135254,0.0013537149643525481,0.14142227172851562,-0.07903063297271729,0.07877719402313232,0.06805896759033203,4.318456649780273,5.391465663909912,1.0586235523223877,1.449838638305664,-7.151792526245117,-7.208515167236328,8.079771041870117,7.402205944061279,0.2124587893486023,0.026296228170394897,0.1405547857284546,0.1676655411720276,1.0153404474258423,0.9339419007301331,0.026560574769973755,0.06603661179542542,-0.014420893043279648,0.10316096246242523,1.4699357748031616,1.3443975448608398,0.003356572240591049,-0.0004829485551454127,0.3490380346775055,0.0023570547346025705,0.036343052983284,0.006473151966929436,0.9993155598640442,-0.1208021491765976,-0.011961660347878933,1.9414849281311035,0.18984851241111755,0.9164803624153137,0.35239219665527344,1.0342859029769897,-1.9286503791809082,0.8257129192352295,-1.9417661428451538,4.513540267944336,5.570104122161865,-0.5524927973747253,-4.4183502197265625,0.15731382369995117,-4.569275379180908,11.62730884552002,10.63200855255127,0.253872275352478,0.30651992559432983,11.067961692810059,11.924358367919922,1.0840396881103516,1.0137386322021484,0.253872275352478,0.30651992559432983,2.0,2.0,1.0840396881103516,1.0137386322021484
18,0.38,-0.1208021491765976,-0.011961660347878933,1.9414849281311035,0.18984851241111755,0.9164803624153137,0.35239219665527344,0.07260584086179733,-0.005181391257792711,-0.9973469972610474,0.0,0.0,0.0,0.27000001072883606,0.0,0.3490380346775055,0.00519512640312314,0.13428592681884766,-0.0742870569229126,-0.028650403022766113,-0.04176616668701172,4.513540267944336,5.570104122161865,-0.5524927973747253,0.15731382369995117,-4.4183502197265625,-4.569275379180908,11.62730884552002,10.63200855255127,0.026560574769973755,0.06603661179542542,-0.014420893043279648,0.10316096246242523,1.4699357748031616,1.3443975448608398,-0.11217743158340454,0.1048610657453537,-0.15672823786735535,0.20714400708675385,1.5834928750991821,1.4234815835952759,0.0034934573341161013,-0.001020614174194634,0.38770806789398193,0.004421616904437542,0.04425306245684624,0.008383197709918022,0.9989753365516663,-0.18065038323402405,-0.007852140814065933,1.9139169454574585,0.20803745090961456,0.25657424330711365,0.10890918970108032,1.0033315420150757,-1.9820008277893066,0.8078949451446533,-1.9984115362167358,4.755895614624023,5.7899909019470215,-1.5273898839950562,-1.6758776903152466,-0.8990042209625244,-1.846610188484192,12.58066463470459,11.315279960632324,0.2736365795135498,0.22848010063171387,6.73947811126709,8.496992111206055,0.3777046203613281,0.28912925720214844,0.2736365795135498,0.22848010063171387,2.0,2.0,0.3777046203613281,0.28912925720214844
19,0.4,-0.18065038323402405,-0.007852140814065933,1.9139169454574585,0.20803745090961456,0.25657424330711365,0.10890918970108032,0.08834130316972733,-0.009576136246323586,-0.9960439801216125,0.0,0.0,0.0,0.27000001072883606,0.0,0.38770806789398193,0.00961387250572443,0.1033315658569336,-0.09210503101348877,-0.08200085163116455,-0.09841156005859375,4.755895614624023,5.7899909019470215,-1.5273898839950562,-0.8990042209625244,-1.6758776903152466,-1.846610188484192,12.58066463470459,11.315279960632324,-0.11217743158340454,0.1048610657453537,-0.15672823786735535,0.20714400708675385,1.5834928750991821,1.4234815835952759,-0.19061724841594696,0.14196628332138062,-0.23455680906772614,0.2649482786655426,1.5119482278823853,1.2534785270690918,0.003027138765901327,-0.0016140617663040757,0.4259363114833832,0.006486634723842144,0.04320085793733597,0.00813006330281496,0.9990121722221375,-0.19023987650871277,-0.0003323070704936981,1.8920953273773193,0.18813741207122803,-0.529211163520813,-0.08334675431251526,0.9631212949752808,-1.981086254119873,0.7797167301177979,-2.000580310821533,5.002649307250977,6.0040106773376465,-1.951967477798462,1.02383291721344,-1.3767317533493042,0.9332321882247925,12.037036895751953,9.988785743713379,0.23550844192504883,0.1173851490020752,1.8133363723754883,3.8441758155822754,-0.009607315063476562,-0.23417091369628906,0.23550844192504883,0.1173851490020752,1.8133363723754883,2.0,-0.009607315063476562,-0.23417091369628906
20,0.42,-0.19023987650871277,-0.0003323070704936981,1.8920953273773193,0.18813741207122803,-0.529211163520813,-0.08334675431251526,0.08621089905500412,-0.013662905432283878,-0.9961828589439392,0.0,0.0,0.0,0.27000001072883606,0.0,0.4259363114833832,0.013714393600821495,0.06312131881713867,-0.12028324604034424,-0.08108627796173096,-0.10058033466339111,5.002649307250977,6.0040106773376465,-1.951967477798462,-1.3767317533493042,1.02383291721344,0.9332321882247925,12.037036895751953,9.988785743713379,-0.19061724841594696,0.14196628332138062,-0.23455680906772614,0.2649482786655426,1.5119482278823853,1.2534785270690918,-0.21924005448818207,0.13963046669960022,-0.2398497611284256,0.24331118166446686,1.2723913192749023,0.8355125784873962,0.002534192521125078,-0.001791240181773901,0.4622543156147003,0.006666629575192928,0.036761440336704254,0.008531764149665833,0.9992653131484985,-0.1308937817811966,0.021357571706175804,1.736886978149414,-0.04200810566544533,-0.5358447432518005,0.10054580122232437,0.923843264579773,-1.9556622505187988,0.7540671825408936,-1.9632878303527832,5.226850509643555,6.172994136810303,-1.9215253591537476,1.2489092350006104,-1.171149492263794,1.9866851568222046,10.217864990234375,6.753637313842773,0.023234844207763672,-0.1280961036682129,-0.3160710334777832,-0.38739633560180664,-0.5204582214355469,-0.8493757247924805,0.023234844207763672,-0.1280961036682129,-0.3160710334777832,-0.38739633560180664,-0.5204582214355469,-0.8493757247924805
21,0.44,-0.1308937817811966,0.021357571706175804,1.736886978149414,-0.04200810566544533,-0.5358447432518005,0.10054580122232437,0.07335510849952698,-0.013950743712484837,-0.9972078800201416,0.0,0.0,0.0,0.27000001072883606,0.0,0.4622543156147003,0.013988885097205639,0.02384328842163086,-0.14593279361724854,-0.05566227436065674,-0.06328785419464111,5.226850509643555,6.172994136810303,-1.9215253591537476,-1.171149492263794,1.2489092350006104,1.9866851568222046,10.217864990234375,6.753637313842773,-0.21924005448818207,0.13963046669960022,-0.2398497611284256,0.24331118166446686,1.2723913192749023,0.8355125784873962,-0.2061072140932083,0.13082155585289001,-0.18621978163719177,0.20573855936527252,1.0371832847595215,0.49662718176841736,0.00276630325242877,-0.0018777608638629317,0.4943053126335144,0.006510342936962843,0.03133638575673103,0.010454489849507809,0.9994329214096069,-0.06285920739173889,0.01699596643447876,1.52179753780365,-0.03896375000476837,-0.39469611644744873,0.20200976729393005,0.889914870262146,-1.9332947731018066,0.7400882244110107,-1.9302525520324707,5.413137435913086,6.281846523284912,-1.6453841924667358,1.0687685012817383,-0.6520357131958008,1.588047742843628,8.333944320678711,4.040534496307373,0.03425145149230957,-0.18118536472320557,-0.293975830078125,-0.46335339546203613,-0.5037899017333984,-0.739377498626709,0.03425145149230957,-0.18118536472320557,-0.293975830078125,-0.46335339546203613,-0.5037899017333984,-0.739377498626709
22,0.46,-0.06285920739173889,0.01699596643447876,1.52179753780365,-0.03896375000476837,-0.39469611644744873,0.20200976729393005,0.06250111013650894,-0.013668513856828213,-0.9979509115219116,0.0,0.0,0.0,0.27000001072883606,0.0,0.4943053126335144,0.01369571778923273,-0.010085105895996094,-0.15991175174713135,-0.03329479694366455,-0.030252575874328613,5.413137435913086,6.281846523284912,-1.6453841924667358,-0.6520357131958008,1.0687685012817383,1.588047742843628,8.333944320678711,4.040534496307373,-0.2061072140932083,0.13082155585289001,-0.18621978163719177,0.20573855936527252,1.0371832847595215,0.49662718176841736,-0.1803039163351059,0.12444159388542175,-0.13402968645095825,0.1940704733133316,0.8501589894294739,0.30144360661506653,0.003606760175898671,-0.0019412816036492586,0.5220858454704285,0.006278969347476959,0.026376325637102127,0.01286773756146431,0.9995494484901428,-0.011786215007305145,0.013075991533696651,1.312328577041626,-0.04038581997156143,-0.4008147120475769,0.23903262615203857,0.8632239103317261,-1.9141249656677246,0.7350857257843018,-1.902742862701416,5.56532096862793,-6.219350337982178,-1.2844454050064087,0.9228010773658752,-0.22647953033447266,1.3252116441726685,6.832744598388672,2.450761079788208,-0.003065347671508789,-0.09266293048858643,-0.24473190307617188,-0.2906222343444824,-0.4003458023071289,-0.4307889938354492,-0.003065347671508789,-0.09266293048858643,-0.24473190307617188,-0.2906222343444824,-0.4003458023071289,-0.4307889938354492
23,0.48,-0.011786215007305145,0.013075991533696651,1.312328577041626,-0.04038581997156143,-0.4008147120475769,0.23903262615203857,0.052567292004823685,-0.013231088407337666,-0.9985293745994568,0.0,0.0,0.0,0.27000001072883606,0.0,0.5220858454704285,0.013249794952571392,-0.036776065826416016,-0.16491425037384033,-0.01412498950958252,-0.0027428865432739258,5.56532096862793,-6.219350337982178,-1.2844454050064087,-0.22647953033447266,0.9228010773658752,1.3252116441726685,6.832744598388672,2.450761079788208,-0.1803039163351059,0.12444159388542175,-0.13402968645095825,0.1940704733133316,0.8501589894294739,0.30144360661506653,-0.15342147648334503,0.08376015722751617,-0.050525911152362823,0.12660261988639832,0.6027990579605103,0.21106821298599243,0.004995799157768488,-0.0020559881813824177,0.5453789234161377,0.006308135110884905,0.021277543157339096,0.01632803864777088,0.9996203184127808,0.03771134838461876,0.00592028209939599,1.0893489122390747,-0.01003824733197689,-0.4087127447128296,0.33803418278694153,0.8439725637435913,-1.9008545875549316,0.7427341938018799,-1.8861498832702637,5.68333625793457,-6.177697658538818,-0.9298842549324036,0.6235714554786682,0.3827829658985138,0.7631992697715759,4.871786117553711,1.7036818265914917,-0.13632512092590332,0.0015442967414855957,-0.3269994258880615,-0.14205622673034668,-0.5378217697143555,-0.20716261863708496,-0.13632512092590332,0.0015442967414855957,-0.3269994258880615,-0.14205622673034668,-0.5378217697143555,-0.20716261863708496
24,0.5,0.03771134838461876,0.00592028209939599,1.0893489122390747,-0.01003824733197689,-0.4087127447128296,0.33803418278694153,0.042332932353019714,-0.013306321576237679,-0.9990147948265076,0.0,0.0,0.0,0.27000001072883606,0.0,0.5453789234161377,0.013318653218448162,-0.05602741241455078,-0.1572657823562622,-0.0008546113967895508,0.013850092887878418,5.68333625793457,-6.177697658538818,-0.9298842549324036,0.3827829658985138,0.6235714554786682,0.7631992697715759,4.871786117553711,1.7036818265914917,-0.15342147648334503,0.08376015722751617,-0.050525911152362823,0.12660261988639832,0.6027990579605103,0.21106821298599243,-0.10888837277889252,0.08835451304912567,-0.029693618416786194,0.11431173980236053,0.3816552758216858,0.14713004231452942,0.006785789504647255,-0.002205152530223131,0.564550518989563,0.006534855347126722,0.01622083969414234,0.01866379752755165,0.9996727705001831,0.07329759746789932,0.0003878972493112087,0.8861351609230042,0.019001569598913193,-0.42982247471809387,0.20025506615638733,0.8327606916427612,-1.8893094062805176,0.7533729076385498,-1.8731598854064941,5.763422012329102,-6.148515224456787,-0.5142055749893188,0.576458215713501,0.5008941888809204,0.6123828291893005,3.0951473712921143,1.188636064529419,-0.1168370246887207,-0.012164592742919922,-0.2520318031311035,-0.10840475559234619,-0.4674820899963379,-0.15413713455200195,-0.1168370246887207,-0.012164592742919922,-0.2520318031311035,-0.10840475559234619,-0.4674820899963379,-0.15413713455200195
25,0.52,0.07329759746789932,0.0003878972493112087,0.8861351609230042,0.019001569598913193,-0.42982247471809387,0.20025506615638733,0.03218713030219078,-0.013670919463038445,-0.9993879795074463,0.0,0.0,0.0,0.27000001072883606,0.0,0.564550518989563,0.013678432442247868,-0.06723928451538086,-0.14662706851959229,0.010690569877624512,0.02684009075164795,5.763422012329102,-6.148515224456787,-0.5142055749893188,0.5008941888809204,0.576458215713501,0.6123828291893005,3.0951473712921143,1.188636064529419,-0.10888837277889252,0.08835451304912567,-0.029693618416786194,0.11431173980236053,0.3816552758216858,0.14713004231452942,-0.07076190412044525,0.0894622951745987,-0.010762527585029602,0.10265800356864929,0.20467065274715424,0.07534361630678177,0.008913100697100163,-0.0023897471837699413,0.5796648263931274,0.006975618191063404,0.011193339712917805,0.01984541304409504,0.99971604347229,0.1023997887969017,-0.004010837059468031,0.6834190487861633,0.03947034478187561,-0.4325132966041565,0.09449724853038788,0.8284519910812378,-1.8788857460021973,0.7659533023834229,-1.8628363609313965,5.811410903930664,-6.1301589012146,-0.18815135955810547,0.5162819623947144,0.5983572006225586,0.48805978894233704,1.6709195375442505,0.6165303587913513,-0.09816223382949829,-0.03799247741699219,-0.20364809036254883,-0.10866200923919678,-0.3765242099761963,-0.16834759712219238,-0.09816223382949829,-0.03799247741699219,-0.20364809036254883,-0.10866200923919678,-0.3765242099761963,-0.16834759712219238
26,0.54,0.1023997887969017,-0.004010837059468031,0.6834190487861633,0.03947034478187561,-0.4325132966041565,0.09449724853038788,0.022103454917669296,-0.014391547068953514,-0.9996520280838013,0.0,0.0,0.0,0.27000001072883606,0.0,0.5796648263931274,0.014395562000572681,-0.0715479850769043,-0.13404667377471924,0.021114230155944824,0.037163615226745605,5.811410903930664,-6.1301589012146,-0.18815135955810547,0.5983572006225586,0.5162819623947144,0.48805978894233704,1.6709195375442505,0.6165303587913513,-0.07076190412044525,0.0894622951745987,-0.010762527585029602,0.10265800356864929,0.20467065274715424,0.07534361630678177,-0.03669516742229462,0.08702171593904495,0.009286373853683472,0.092574343085289,0.06373345106840134,-0.0062289610505104065,0.011339644901454449,-0.002590610645711422,0.5907374620437622,0.007545653730630875,0.00624419329687953,0.02018524333834648,0.9997482895851135,0.12572774291038513,-0.0075537776574492455,0.48082154989242554,0.050633132457733154,-0.4281308352947235,0.01854884810745716,0.8297528028488159,-1.8698716163635254,0.7804543972015381,-1.8547215461730957,5.833757400512695,-6.124024868011475,0.07676264643669128,0.44285714626312256,0.6949121356010437,0.3857058882713318,0.5364095568656921,-0.03355953469872475,-0.08140763640403748,-0.06298410892486572,-0.1630178689956665,-0.11248236894607544,-0.30203306674957275,-0.18709783256053925,-0.08140763640403748,-0.06298410892486572,-0.1630178689956665,-0.11248236894607544,-0.30203306674957275,-0.18709783256053925
27,0.56,0.12572774291038513,-0.0075537776574492455,0.48082154989242554,0.050633132457733154,-0.4281308352947235,0.01854884810745716,0.012180621735751629,-0.015339589677751064,-0.9998081922531128,0.0,0.0,0.0,0.27000001072883606,0.0,0.5907374620437622,0.01534133031964302,-0.07024717330932617,-0.119545578956604,0.0301283597946167,0.04527842998504639,5.833757400512695,-6.124024868011475,0.07676264643669128,0.6949121356010437,0.44285714626312256,0.3857058882713318,0.5364095568656921,-0.03355953469872475,-0.03669516742229462,0.08702171593904495,0.009286373853683472,0.092574343085289,0.06373345106840134,-0.0062289610505104065,-0.006673857569694519,0.08224230259656906,0.031418658792972565,0.08407007157802582,-0.05706024914979935,-0.09595554322004318,0.01404055580496788,-0.002794628031551838,0.5977811813354492,0.008177977986633778,0.001422559842467308,0.019975576549768448,0.999765932559967,0.14408613741397858,-0.010763631202280521,0.27846652269363403,0.055419810116291046,-0.4158075451850891,-0.03006282076239586,0.8355501890182495,-1.8623547554016113,0.7969729900360107,-1.8484253883361816,5.835058212280273,-6.131558895111084,0.2890508770942688,0.3671780824661255,0.7956676483154297,0.3013419210910797,-0.4337828755378723,-0.7496039271354675,-0.07595616579055786,-0.08025264739990234,-0.13917559385299683,-0.11425018310546875,-0.2610127329826355,-0.2027226686477661,-0.07595616579055786,-0.08025264739990234,-0.13917559385299683,-0.11425018310546875,-0.2610127329826355,-0.2027226686477661
28,0.58,0.14408613741397858,-0.010763631202280521,0.27846652269363403,0.055419810116291046,-0.4158075451850891,-0.03006282076239586,0.0025177341885864735,-0.01640896126627922,-0.9998618960380554,0.0,0.0,0.0,0.27000001072883606,0.0,0.5977811813354492,0.016409749165177345,-0.06444978713989258,-0.10302698612213135,0.03764522075653076,0.05157458782196045,5.835058212280273,-6.131558895111084,0.2890508770942688,0.7956676483154297,0.3671780824661255,0.3013419210910797,-0.4337828755378723,-0.7496039271354675,-0.006673857569694519,0.08224230259656906,0.031418658792972565,0.08407007157802582,-0.05706024914979935,-0.09595554322004318,0.020302847027778625,0.07658824324607849,0.05482650548219681,0.07727277278900146,-0.16582949459552765,-0.1899038851261139,0.0,0.0,0.27000001072883606,0.0,0.0,0.0,1.0,0.15782447159290314,-0.013977957889437675,0.07647423446178436,0.0562744140625,-0.3960857391357422,-0.05937608703970909,0.8449562788009644,-1.856276035308838,0.8155004978179932,-1.843578815460205,5.817926406860352,-6.153771877288818,0.4598994851112366,0.2959161698818207,0.8948121070861816,0.23398222029209137,-1.3061819076538086,-1.5003349781036377,-0.07592284679412842,-0.09164202213287354,-0.12379854917526245,-0.11305093765258789,-0.23663830757141113,-0.2103900909423828,-0.07592284679412842,-0.09164202213287354,-0.12379854917526245,-0.11305093765258789,-0.23663830757141113,-0.2103900909423828
29,0.6,0.15782447159290314,-0.013977957889437675,0.07647423446178436,0.0562744140625,-0.3960857391357422,-0.05937608703970909,0.0,0.0,-1.0,0.0,0.0,0.0,0.27000001072883606,0.0,0.27000001072883606,0.0,-0.055043697357177734,-0.08449947834014893,0.0437239408493042,0.05642116069793701,5.817926406860352,-6.153771877288818,0.4598994851112366,0.8948121070861816,0.2959161698818207,0.23398222029209137,-1.3061819076538086,-1.5003349781036377,0.0,0.0,0.0,0.0,0.0,0.0,0.028028398752212524,0.07353021204471588,0.06292343139648438,0.07167400419712067,-0.17620961368083954,-0.17233529686927795,-0.0005365289398469031,-6.998192111495882e-05,0.2698746621608734,0.0001372078259009868,-0.0023312363773584366,-0.00010981973173329607,0.9999972581863403,-0.03588847815990448,-0.015435377135872841,-0.00780468387529254,0.0617172047495842,-0.31898725032806396,-0.03216397762298584,0.8559175133705139,-1.8544238805770874,0.8310590982437134,-1.8519688844680786,5.790579319000244,-6.181763648986816,0.6113337278366089,-0.044036462903022766,0.6831045150756836,-0.19345231354236603,-1.3291244506835938,-1.4009419679641724,-0.2581641674041748,0.277981162071228,0.43015140295028687,0.9392253756523132,-0.10276174545288086,0.0275266170501709,-0.2581641674041748,0.277981162071228,0.43015140295028687,0.9392253756523132,-0.10276174545288086,0.0275266170501709
30,0.62,-0.03588847815990448,-0.015435377135872841,-0.00780468387529254,0.0617172047495842,-0.31898725032806396,-0.03216397762298584,-0.004662429913878441,-0.000274926918791607,-0.9999890327453613,0.0,0.0,0.0,0.27000001072883606,0.0,0.2698746621608734,0.00027492991648614407,-0.044082462787628174,-0.06894087791442871,0.04557609558105469,0.04803109169006348,5.790579319000244,-6.181763648986816,0.6113337278366089,0.6831045150756836,-0.044036462903022766,-0.19345231354236603,-1.3291244506835938,-1.4009419679641724,0.028028398752212524,0.07353021204471588,0.06292343139648438,0.07167400419712067,-0.17620961368083954,-0.17233529686927795,0.07271584868431091,0.05831097811460495,0.11685096472501755,0.061859600245952606,-0.45952776074409485,-0.44561442732810974,-0.0007892076973803341,-2.6914101908914745e-05,0.26996180415153503,3.121444387943484e-05,-0.0023845478426665068,0.0005180990556254983,0.9999969601631165,-0.01711854338645935,0.007259185425937176,-0.003823776263743639,-0.02889496088027954,0.019167713820934296,0.0527099184691906,0.8734747767448425,-1.8555808067321777,0.8506892919540405,-1.8534235954284668,5.721536159515381,-6.251014709472656,0.9453849196434021,-0.13685287535190582,0.9909767508506775,-0.11162254959344864,-3.5781872272491455,-3.5947139263153076,-0.4723697900772095,0.36334228515625,0.4825602173805237,0.5097934007644653,-0.23260498046875,0.01967620849609375,-0.4723697900772095,0.36334228515625,0.4825602173805237,0.5097934007644653,-0.23260498046875,0.01967620849609375
31,0.64,-0.01711854338645935,0.007259185425937176,-0.003823776263743639,-0.02889496088027954,0.019167713820934296,0.0527099184691906,-0.004769113380461931,-5.995783430989832e-05,-0.9999883770942688,0.0,0.0,0.0,0.27000001072883606,0.0,0.26996180415153503,5.995851824991405e-05,-0.02652519941329956,-0.04931068420410156,0.044419169425964355,0.04657638072967529,5.721536159515381,-6.251014709472656,0.9453849196434021,0.9909767508506775,-0.13685287535190582,-0.11162254959344864,-3.5781872272491455,-3.5947139263153076,0.07271584868431091,0.05831097811460495,0.11685096472501755,0.061859600245952606,-0.45952776074409485,-0.44561442732810974,0.11274158954620361,0.07022525370121002,0.1615755259990692,0.07012613117694855,-0.6419308185577393,-0.6512898802757263,-0.0008538190159015357,-3.5338933230377734e-05,0.2700825035572052,2.7862757633556612e-05,-0.00044222595170140266,0.0010857615852728486,0.9999992847442627,-0.01098435465246439,0.0029561014380306005,0.0016832819674164057,-0.010703261010348797,0.1731671243906021,-0.0041542453691363335,0.8953185081481934,-1.8563259840011597,0.8755834698677063,-1.855190396308899,5.621963977813721,6.212645053863525,1.1544818878173828,-0.05354057624936104,1.2316911220550537,-0.08026965707540512,-5.056966781616211,-5.241444110870361,-0.44475269317626953,0.3445243835449219,0.5081612467765808,0.5990430116653442,-0.16357707977294922,0.023016929626464844,-0.44475269317626953,0.3445243835449219,0.5081612467765808,0.5990430116653442,-0.16357707977294922,0.023016929626464844
32,0.66,-0.01098435465246439,0.0029561014380306005,0.0016832819674164057,-0.010703261010348797,0.1731671243906021,-0.0041542453691363335,-0.0008845117408782244,-5.4765172535553575e-05,-0.9999995231628418,0.0,0.0,0.0,0.27000001072883606,0.0,0.2700825035572052,5.476519436342642e-05,-0.0046814680099487305,-0.02441650629043579,0.04367399215698242,0.044809579849243164,5.621963977813721,6.212645053863525,1.1544818878173828,1.2316911220550537,-0.05354057624936104,-0.08026965707540512,-5.056966781616211,-5.241444110870361,0.11274158954620361,0.07022525370121002,0.1615755259990692,0.07012613117694855,-0.6419308185577393,-0.6512898802757263,0.12087558954954147,0.10451123118400574,0.15627843141555786,0.09714704751968384,-0.6869763135910034,-0.7823042273521423,-0.001057867077179253,-2.8709182515740395e-05,0.27036598324775696,9.359496289107483e-06,0.0026369490660727024,0.0012018585111945868,0.9999957084655762,-0.019972005859017372,0.001880620256997645,0.015773268416523933,-0.0068112872540950775,0.3078625202178955,-0.01756821945309639,0.9155281782150269,-1.8547110557556152,0.9008674621582031,-1.8544338941574097,5.513443470001221,6.088611125946045,0.9810858368873596,0.11900783330202103,1.1944057941436768,0.10107260942459106,-5.454413414001465,-6.259582042694092,-0.17144882678985596,0.09175992012023926,0.6198753714561462,0.6152810454368591,-0.08621406555175781,-0.008362770080566406,-0.17144882678985596,0.09175992012023926,0.6198753714561462,0.6152810454368591,-0.08621406555175781,-0.008362770080566406
33,0.68,-0.019972005859017372,0.001880620256997645,0.015773268416523933,-0.0068112872540950775,0.3078625202178955,-0.01756821945309639,0.005273852963000536,-2.5057392122107558e-05,-0.9999856948852539,0.0,0.0,0.0,0.27000001072883606,0.0,0.27036598324775696,2.5057739549083635e-05,0.015528202056884766,0.0008674860000610352,0.045288920402526855,0.04556608200073242,5.513443470001221,6.088611125946045,0.9810858368873596,1.1944057941436768,0.11900783330202103,0.10107260942459106,-5.454413414001465,-6.259582042694092,0.12087558954954147,0.10451123118400574,0.15627843141555786,0.09714704751968384,-0.6869763135910034,-0.7823042273521423,0.12658555805683136,0.11204446107149124,0.17437173426151276,0.1128896176815033,-0.7093132734298706,-0.8308428525924683,-0.0015114647103473544,-2.7592075639404356e-05,0.27072015404701233,1.7272204786422662e-06,0.005816533230245113,0.0012199992779642344,0.9999822974205017,-0.03117867186665535,0.0014955701772123575,0.015581903979182243,-0.005607739090919495,0.30599796772003174,-0.023037763312458992,0.9344754815101624,-1.851333737373352,0.9256577491760254,-1.8515598773956299,5.400938987731934,5.9560322761535645,0.94677734375,0.17599736154079437,1.2042486667633057,0.17113734781742096,-5.633040904998779,-6.654383182525635,-0.2076512575149536,0.12523341178894043,0.5630919933319092,0.6187490224838257,-0.08042430877685547,0.010352134704589844,-0.2076512575149536,0.12523341178894043,0.5630919933319092,0.6187490224838257,-0.08042430877685547,0.010352134704589844
34,0.7000000000000001,-0.03117867186665535,0.0014955701772123575,0.015581903979182243,-0.005607739090919495,0.30599796772003174,-0.023037763312458992,0.011632855981588364,-1.7646712876739912e-05,-0.9999321699142456,0.0,0.0,0.0,0.27000001072883606,0.0,0.27072015404701233,1.7647906133788638e-05,0.034475505352020264,0.0256577730178833,0.04866623878479004,0.04844009876251221,5.400938987731934,5.9560322761535645,0.94677734375,1.2042486667633057,0.17599736154079437,0.17113734781742096,-5.633040904998779,-6.654383182525635,0.12658555805683136,0.11204446107149124,0.17437173426151276,0.1128896176815033,-0.7093132734298706,-0.8308428525924683,0.13628779351711273,0.11438606679439545,0.18536023795604706,0.11723238229751587,-0.723112940788269,-0.8453252911567688,-0.002194570144638419,-3.0222930945456028e-05,0.2709770202636719,1.502993427493493e-07,0.008892806246876717,0.0012297331122681499,0.9999597072601318,-0.04123086482286453,0.0009903485188260674,0.0087848249822855,-0.003812928218394518,0.3083256781101227,-0.021353235468268394,0.9530750513076782,-1.8477319478988647,0.9498947858810425,-1.8479955196380615,5.286138534545898,5.8206963539123535,0.9283633232116699,0.1734716296195984,1.1769511699676514,0.18558871746063232,-5.748197078704834,-6.772461891174316,-0.21213102340698242,0.12180805206298828,0.5576848983764648,0.5890671014785767,-0.07343769073486328,0.01779651641845703,-0.21213102340698242,0.12180805206298828,0.5576848983764648,0.5890671014785767,-0.07343769073486328,0.01779651641845703
35,0.72,-0.04123086482286453,0.0009903485188260674,0.0087848249822855,-0.003812928218394518,0.3083256781101227,-0.021353235468268394,0.01778489537537098,-2.217214205302298e-05,-0.9998418688774109,0.0,0.0,0.0,0.27000001072883606,0.0,0.2709770202636719,2.217565088358242e-05,0.05307507514953613,0.04989480972290039,0.052268028259277344,0.052004456520080566,5.286138534545898,5.8206963539123535,0.9283633232116699,1.1769511699676514,0.1734716296195984,0.18558871746063232,-5.748197078704834,-6.772461891174316,0.13628779351711273,0.11438606679439545,0.18536023795604706,0.11723238229751587,-0.723112940788269,-0.8453252911567688,0.14550834894180298,0.1175500899553299,0.19139420986175537,0.12119345366954803,-0.7224048376083374,-0.8351234197616577,-0.0030944470781832933,-3.2282579923048615e-05,0.27109378576278687,-3.3423532386223087e-06,0.011821539141237736,0.0012354841455817223,0.9999293088912964,-0.05084266886115074,0.0010087682167068124,0.0019422655459493399,-0.0039610168896615505,0.29545873403549194,-0.01704760268330574,0.9712307453155518,-1.8444000482559204,0.9729694724082947,-1.8442538976669312,5.17119026184082,5.68671178817749,0.9018232822418213,0.16376595199108124,1.1188775300979614,0.19693203270435333,-5.75006628036499,-6.692906379699707,-0.19679391384124756,0.10795974731445312,0.589233934879303,0.5786079168319702,-0.056847572326660156,0.023286819458007812,-0.19679391384124756,0.10795974731445312,0.589233934879303,0.5786079168319702,-0.056847572326660156,0.023286819458007812
36,0.74,-0.05084266886115074,0.0010087682167068124,0.0019422655459493399,-0.0039610168896615505,0.29545873403549194,-0.01704760268330574,0.023641414940357208,-2.2526415705215186e-05,-0.9997202754020691,0.0,0.0,0.0,0.27000001072883606,0.0,0.27109378576278687,2.253271304653026e-05,0.07123076915740967,0.07296949625015259,0.05559992790222168,0.05574607849121094,5.17119026184082,5.68671178817749,0.9018232822418213,1.1188775300979614,0.16376595199108124,0.19693203270435333,-5.75006628036499,-6.692906379699707,0.14550834894180298,0.1175500899553299,0.19139420986175537,0.12119345366954803,-0.7224048376083374,-0.8351234197616577,0.15304580330848694,0.12088144570589066,0.19405831396579742,0.1246519535779953,-0.7080466151237488,-0.8072278499603271,-0.0041976687498390675,-3.4479424357414246e-05,0.27109548449516296,-7.00060718372697e-06,0.014479597099125385,0.001247067702934146,0.999894380569458,-0.059632137417793274,0.0009641904616728425,-0.0035663065500557423,-0.004132110625505447,0.27029141783714294,-0.016580412164330482,0.9886902570724487,-1.8412814140319824,0.9945055842399597,-1.8403997421264648,5.058260917663574,5.557006359100342,0.8658143877983093,0.15752176940441132,1.0406386852264404,0.20439134538173676,-5.642954349517822,-6.470120429992676,-0.17344677448272705,0.08835983276367188,0.6187178492546082,0.5661813020706177,-0.038852691650390625,0.02716064453125,-0.17344677448272705,0.08835983276367188,0.6187178492546082,0.5661813020706177,-0.038852691650390625,0.02716064453125
37,0.76,-0.059632137417793274,0.0009641904616728425,-0.0035663065500557423,-0.004132110625505447,0.27029141783714294,-0.016580412164330482,0.028956152498722076,-2.2114341845735908e-05,-0.9995806217193604,0.0,0.0,0.0,0.27000001072883606,0.0,0.27109548449516296,2.212361869169399e-05,0.08869028091430664,0.09450560808181763,0.05871856212615967,0.059600234031677246,5.058260917663574,5.557006359100342,0.8658143877983093,1.0406386852264404,0.15752176940441132,0.20439134538173676,-5.642954349517822,-6.470120429992676,0.15304580330848694,0.12088144570589066,0.19405831396579742,0.1246519535779953,-0.7080466151237488,-0.8072278499603271,0.15860426425933838,0.12386775016784668,0.19423769414424896,0.12733913958072662,-0.6817926168441772,-0.766011655330658,-0.005483423825353384,-3.671497688628733e-05,0.27101078629493713,-1.1369207641109824e-05,0.0167847890406847,0.0012508993968367577,0.9998583197593689,-0.06731073558330536,0.0012083493638783693,-0.007625932805240154,-0.005048113875091076,0.2374657392501831,-0.012909168377518654,1.005219578742981,-1.8383393287658691,1.0142555236816406,-1.836520791053772,4.94926643371582,5.433765888214111,0.8148854374885559,0.15166330337524414,0.9543023705482483,0.20438316464424133,-5.440646648406982,-6.1409502029418945,-0.15480399131774902,0.07343828678131104,0.6442278623580933,0.5534716248512268,-0.023413658142089844,0.02947998046875,-0.15480399131774902,0.07343828678131104,0.6442278623580933,0.5534716248512268,-0.023413658142089844,0.02947998046875
38,0.78,-0.06731073558330536,0.0012083493638783693,-0.007625932805240154,-0.005048113875091076,0.2374657392501831,-0.012909168377518654,0.03356485068798065,-1.9256969608250074e-05,-0.9994364976882935,0.0,0.0,0.0,0.27000001072883606,0.0,0.27101078629493713,1.9267825337010436e-05,0.10521960258483887,0.11425554752349854,0.06166064739227295,0.06347918510437012,4.94926643371582,5.433765888214111,0.8148854374885559,0.9543023705482483,0.15166330337524414,0.20438316464424133,-5.440646648406982,-6.1409502029418945,0.15860426425933838,0.12386775016784668,0.19423769414424896,0.12733913958072662,-0.6817926168441772,-0.766011655330658,0.1621682196855545,0.12637431919574738,0.19226215779781342,0.1291312277317047,-0.6451209783554077,-0.7144620418548584,-0.006926259025931358,-3.98254778701812e-05,0.27086877822875977,-1.4546334568876773e-05,0.018688835203647614,0.0012526982463896275,0.9998244643211365,-0.07375230640172958,0.0013498219195753336,-0.010381673462688923,-0.005592054687440395,0.19914986193180084,-0.010673166252672672,1.020578384399414,-1.8355616331100464,1.032076358795166,-1.8327354192733765,4.845890045166016,5.3186798095703125,0.7544099688529968,0.1449824720621109,0.8588777780532837,0.20004630088806152,-5.154971122741699,-5.729024887084961,-0.12574028968811035,0.049553632736206055,0.6625293493270874,0.5476678609848022,-0.008048057556152344,0.03148841857910156,-0.12574028968811035,0.049553632736206055,0.6625293493270874,0.5476678609848022,-0.008048057556152344,0.03148841857910156
39,0.8,-0.07375230640172958,0.0013498219195753336,-0.010381673462688923,-0.005592054687440395,0.19914986193180084,-0.010673166252672672,0.03737114742398262,-1.773537769622635e-05,-0.9993010759353638,0.0,0.0,0.0,0.27000001072883606,0.0,0.27086877822875977,1.774777592800092e-05,0.12057840824127197,0.13207638263702393,0.0644383430480957,0.06726455688476562,4.845890045166016,5.3186798095703125,0.7544099688529968,0.8588777780532837,0.1449824720621109,0.20004630088806152,-5.154971122741699,-5.729024887084961,0.1621682196855545,0.12637431919574738,0.19226215779781342,0.1291312277317047,-0.6451209783554077,-0.7144620418548584,0.16392004489898682,0.12818777561187744,0.18868716061115265,0.13006702065467834,-0.5997928380966187,-0.654934287071228,-0.008498161099851131,-4.281222936697304e-05,0.2706961929798126,-1.7844127796706744e-05,0.02016461081802845,0.0012557745212689042,0.9997957944869995,-0.07884193956851959,0.0017751199193298817,-0.011911642737686634,-0.007171907927840948,0.15810325741767883,-0.007696541026234627,1.0345919132232666,-1.8329620361328125,1.0478975772857666,-1.8291499614715576,4.749552249908447,5.213054180145264,0.6870828866958618,0.13555708527565002,0.7598965167999268,0.19392059743404388,-4.798339366912842,-5.252565383911133,-0.0948190689086914,0.025135040283203125,0.6722886562347412,0.5484288930892944,0.00634765625,0.033415794372558594,-0.0948190689086914,0.025135040283203125,0.6722886562347412,0.5484288930892944,0.00634765625,0.033415794372558594
40,0.8200000000000001,-0.07884193956851959,0.0017751199193298817,-0.011911642737686634,-0.007171907927840948,0.15810325741767883,-0.007696541026234627,0.04032102972269058,-1.496343975304626e-05,-0.9991863965988159,0.0,0.0,0.0,0.27000001072883606,0.0,0.2706961929798126,1.4975619706092402e-05,0.1345919370651245,0.1478976011276245,0.06703794002532959,0.07085001468658447,4.749552249908447,5.213054180145264,0.6870828866958618,0.7598965167999268,0.13555708527565002,0.19392059743404388,-4.798339366912842,-5.252565383911133,0.16392004489898682,0.12818777561187744,0.18868716061115265,0.13006702065467834,-0.5997928380966187,-0.654934287071228,0.16409018635749817,0.12913964688777924,0.18383121490478516,0.13014470040798187,-0.5474389791488647,-0.5893604159355164,-0.010170605033636093,-4.700724093709141e-05,0.270515501499176,-1.918194357131142e-05,0.0211939699947834,0.0012550447136163712,0.9997745156288147,-0.08265817910432816,0.001246022991836071,-0.012428897432982922,-0.004999431315809488,0.11426383256912231,-0.0041798935271799564,1.0471452474594116,-1.8305758237838745,1.0616966485977173,-1.8258732557296753,4.661398887634277,5.117874622344971,0.612774670124054,0.12563414871692657,0.6616637110710144,0.17940498888492584,-4.385542392730713,-4.728152275085449,-0.07164585590362549,0.008173823356628418,0.6833491325378418,0.5396043062210083,0.017699241638183594,0.03378772735595703,-0.07164585590362549,0.008173823356628418,0.6833491325378418,0.5396043062210083,0.017699241638183594,0.03378772735595703
41,0.84,-0.08265817910432816,0.001246022991836071,-0.012428897432982922,-0.004999431315809488,0.11426383256912231,-0.0041798935271799564,0.04237842932343483,-1.4843524695606902e-05,-0.9991013407707214,0.0,0.0,0.0,0.27000001072883606,0.0,0.270515501499176,1.4856870620860718e-05,0.14714527130126953,0.1616966724395752,0.06942415237426758,0.0741267204284668,4.661398887634277,5.117874622344971,0.612774670124054,0.6616637110710144,0.12563414871692657,0.17940498888492584,-4.385542392730713,-4.728152275085449,0.16409018635749817,0.12913964688777924,0.18383121490478516,0.13014470040798187,-0.5474389791488647,-0.5893604159355164,0.16288994252681732,0.12889595329761505,0.1780698150396347,0.12924446165561676,-0.4901098310947418,-0.5196102261543274,-0.011915095150470734,-5.0986564019694924e-05,0.2703438103199005,-2.0821955331484787e-05,0.021776754409074783,0.0012534442357718945,0.9997619986534119,-0.08520056307315826,0.0016750367358326912,-0.01193653978407383,-0.0064377738162875175,0.07058621942996979,-0.001334638218395412,1.0581759214401245,-1.8284635543823242,1.0735057592391968,-1.8230290412902832,4.582264423370361,5.033833026885986,0.5369343757629395,0.11034297943115234,0.5641745924949646,0.158955380320549,-3.931722640991211,-4.170423984527588,-0.04336845874786377,-0.013849973678588867,0.6822682619094849,0.5486131906509399,0.028719425201416016,0.03355121612548828,-0.04336845874786377,-0.013849973678588867,0.6822682619094849,0.5486131906509399,0.028719425201416016,0.03355121612548828
42,0.86,-0.08520056307315826,0.0016750367358326912,-0.01193653978407383,-0.0064377738162875175,0.07058621942996979,-0.001334638218395412,0.043543193489313126,-1.295789479627274e-05,-0.9990512728691101,0.0,0.0,0.0,0.27000001072883606,0.0,0.2703438103199005,1.2970197531103622e-05,0.15817594528198242,0.1735057830810547,0.07153642177581787,0.07697093486785889,4.582264423370361,5.033833026885986,0.5369343757629395,0.5641745924949646,0.11034297943115234,0.158955380320549,-3.931722640991211,-4.170423984527588,0.16288994252681732,0.12889595329761505,0.1780698150396347,0.12924446165561676,-0.4901098310947418,-0.5196102261543274,0.1605483740568161,0.12761066854000092,0.17158108949661255,0.12737013399600983,-0.42915746569633484,-0.44756799936294556,-0.013705052435398102,-5.4784497478976846e-05,0.2701932191848755,-2.2576985429623164e-05,0.021922072395682335,0.0012513233814388514,0.9997588992118835,-0.08655697852373123,0.0014186697080731392,-0.010783414356410503,-0.005160689819604158,0.027676720172166824,0.0027404972352087498,1.0676594972610474,-1.826686143875122,1.0833879709243774,-1.82069993019104,4.512758731842041,4.961312770843506,0.457638680934906,0.09420758485794067,0.4726365804672241,0.13173677027225494,-3.448305368423462,-3.5936596393585205,-0.02197319269180298,-0.028563261032104492,0.6842886209487915,0.5521371364593506,0.037372589111328125,0.03341197967529297,-0.02197319269180298,-0.028563261032104492,0.6842886209487915,0.5521371364593506,0.037372589111328125,0.03341197967529297
43,0.88,-0.08655697852373123,0.0014186697080731392,-0.010783414356410503,-0.005160689819604158,0.027676720172166824,0.0027404972352087498,0.04383362829685211,-9.720122761791572e-06,-0.9990388751029968,0.0,0.0,0.0,0.27000001072883606,0.0,0.2701932191848755,9.729472367325798e-06,0.16765952110290527,0.18338799476623535,0.07331383228302002,0.07930004596710205,4.512758731842041,4.961312770843506,0.457638680934906,0.4726365804672241,0.09420758485794067,0.13173677027225494,-3.448305368423462,-3.5936596393585205,0.1605483740568161,0.12761066854000092,0.17158108949661255,0.12737013399600983,-0.42915746569633484,-0.44756799936294556,0.15703216195106506,0.12526153028011322,0.16460005939006805,0.12464329600334167,-0.36655378341674805,-0.3750338852405548,-0.015513746067881584,-5.905806028749794e-05,0.27007126808166504,-2.291133569087833e-05,0.021660322323441505,0.001249158289283514,0.999764621257782,-0.08680015057325363,0.0012018652632832527,-0.009232262149453163,-0.004191069398075342,-0.01242864690721035,0.00428481912240386,1.0755963325500488,-1.825290560722351,1.0914154052734375,-1.8189555406570435,4.453187465667725,4.900400638580322,0.38020655512809753,0.07513754814863205,0.38281670212745667,0.1010005921125412,-2.950364351272583,-3.0133299827575684,-0.0030194520950317383,-0.04109048843383789,0.6785310506820679,0.56061851978302,0.04329633712768555,0.03318357467651367,-0.0030194520950317383,-0.04109048843383789,0.6785310506820679,0.56061851978302,0.04329633712768555,0.03318357467651367
44,0.9,-0.08680015057325363,0.0012018652632832527,-0.009232262149453163,-0.004191069398075342,-0.01242864690721035,0.00428481912240386,0.0433105044066906,-8.302456990350038e-06,-0.9990617036819458,0.0,0.0,0.0,0.27000001072883606,0.0,0.27007126808166504,8.310254088428337e-06,0.17559635639190674,0.1914154291152954,0.07470941543579102,0.08104443550109863,4.453187465667725,4.900400638580322,0.38020655512809753,0.38281670212745667,0.07513754814863205,0.1010005921125412,-2.950364351272583,-3.0133299827575684,0.15703216195106506,0.12526153028011322,0.16460005939006805,0.12464329600334167,-0.36655378341674805,-0.3750338852405548,0.1525629460811615,0.12211756408214569,0.1572410613298416,0.12140071392059326,-0.3041607141494751,-0.30405837297439575,-0.017317693680524826,-6.332543853204697e-05,0.26998186111450195,-2.2898117094882764e-05,0.021033670753240585,0.001246814732439816,0.9997779726982117,-0.08598373830318451,0.0010275247041136026,-0.007443113252520561,-0.0034162639640271664,-0.04834027960896492,0.005261758342385292,1.0820130109786987,-1.8243108987808228,1.0976760387420654,-1.8178199529647827,4.403554916381836,4.850865364074707,0.304479718208313,0.05432119965553284,0.29694753885269165,0.06921134144067764,-2.4532668590545654,-2.4455759525299072,0.013313472270965576,-0.05099308490753174,0.670080840587616,0.5707541704177856,0.04727602005004883,0.032709598541259766,0.013313472270965576,-0.05099308490753174,0.670080840587616,0.5707541704177856,0.04727602005004883,0.032709598541259766
45,0.92,-0.08598373830318451,0.0010275247041136026,-0.007443113252520561,-0.0034162639640271664,-0.04834027960896492,0.005261758342385292,0.042058058083057404,-6.6641150624491274e-06,-0.9991151094436646,0.0,0.0,0.0,0.27000001072883606,0.0,0.26998186111450195,6.670016773568932e-06,0.18201303482055664,0.19767606258392334,0.07568907737731934,0.08218002319335938,4.403554916381836,4.850865364074707,0.304479718208313,0.29694753885269165,0.05432119965553284,0.06921134144067764,-2.4532668590545654,-2.4455759525299072,0.1525629460811615,0.12211756408214569,0.1572410613298416,0.12140071392059326,-0.3041607141494751,-0.30405837297439575,0.14732739329338074,0.11842917650938034,0.1496364176273346,0.11792729794979095,-0.2430540919303894,-0.2358081042766571,-0.01909615285694599,-6.723657133989036e-05,0.26992663741111755,-2.262485577375628e-05,0.02008318342268467,0.0012473922688513994,0.9997974634170532,-0.08427677303552628,0.0007859107572585344,-0.005506976507604122,-0.0025862548500299454,-0.08060461282730103,0.004036317113786936,1.0869523286819458,-1.8237560987472534,1.1022745370864868,-1.8172842264175415,4.363681793212891,4.8122758865356445,0.23231568932533264,0.033608824014663696,0.2150472104549408,0.03777794539928436,-1.9658268690109253,-1.8995254039764404,0.02713039517402649,-0.05829182267189026,0.6595340371131897,0.582574188709259,0.04896950721740723,0.03276944160461426,0.02713039517402649,-0.05829182267189026,0.6595340371131897,0.582574188709259,0.04896950721740723,0.03276944160461426
46,0.9400000000000001,-0.08427677303552628,0.0007859107572585344,-0.005506976507604122,-0.0025862548500299454,-0.08060461282730103,0.004036317113786936,0.040158286690711975,-4.862667992711067e-06,-0.999193012714386,0.0,0.0,0.0,0.27000001072883606,0.0,0.26992663741111755,4.866594281338621e-06,0.1869523525238037,0.20227456092834473,0.07624387741088867,0.08271574974060059,4.363681793212891,4.8122758865356445,0.23231568932533264,0.2150472104549408,0.033608824014663696,0.03777794539928436,-1.9658268690109253,-1.8995254039764404,0.14732739329338074,0.11842917650938034,0.1496364176273346,0.11792729794979095,-0.2430540919303894,-0.2358081042766571,0.14147993922233582,0.114292673766613,0.14193633198738098,0.11427471041679382,-0.18403689563274384,-0.1710294783115387,-0.02083214372396469,-7.156345236580819e-05,0.2699044644832611,-2.137460069207009e-05,0.01884796842932701,0.0012455369578674436,0.9998214840888977,-0.08186976611614227,0.0004152224282734096,-0.003605616744607687,-0.0012055023107677698,-0.1094057634472847,0.0035329742822796106,1.0904836654663086,-1.8236204385757446,1.1053221225738525,-1.8173211812973022,4.333253860473633,4.7840895652771,0.16277338564395905,0.013364222832024097,0.13982610404491425,0.007434685714542866,-1.494565486907959,-1.3807305097579956,0.038995176553726196,-0.06361806392669678,0.6476929187774658,0.5949468016624451,0.05037641525268555,0.031604766845703125,0.038995176553726196,-0.06361806392669678,0.6476929187774658,0.5949468016624451,0.05037641525268555,0.031604766845703125
47,0.96,-0.08186976611614227,0.0004152224282734096,-0.003605616744607687,-0.0012055023107677698,-0.1094057634472847,0.0035329742822796106,0.03768926113843918,-4.210112820146605e-06,-0.9992890954017639,0.0,0.0,0.0,0.27000001072883606,0.0,0.2699044644832611,4.213105057715438e-06,0.1904836893081665,0.20532214641571045,0.07637953758239746,0.08267879486083984,4.333253860473633,4.7840895652771,0.16277338564395905,0.13982610404491425,0.013364222832024097,0.007434685714542866,-1.494565486907959,-1.3807305097579956,0.14147993922233582,0.114292673766613,0.14193633198738098,0.11427471041679382,-0.18403689563274384,-0.1710294783115387,0.13514967262744904,0.10986164957284927,0.13420245051383972,0.11050380766391754,-0.1276399940252304,-0.1103026494383812,-0.022513920441269875,-7.476324390154332e-05,0.2699122130870819,-2.1358584490371868e-05,0.017359960824251175,0.0012456001713871956,0.999848484992981,-0.0789819285273552,0.00047104430268518627,-0.001858660951256752,-0.0012493920512497425,-0.13533496856689453,0.005382524337619543,1.0926845073699951,-1.823899507522583,1.1069371700286865,-1.8178874254226685,4.311880111694336,4.765649318695068,0.09687656164169312,-0.008311521261930466,0.07054605334997177,-0.01915227808058262,-1.0426422357559204,-0.8955417275428772,0.045477017760276794,-0.06381407380104065,0.633577823638916,0.6091009974479675,0.04956388473510742,0.030919432640075684,0.045477017760276794,-0.06381407380104065,0.633577823638916,0.6091009974479675,0.04956388473510742,0.030919432640075684
48,0.98,-0.0789819285273552,0.00047104430268518627,-0.001858660951256752,-0.0012493920512497425,-0.13533496856689453,0.005382524337619543,0.0347147136926651,-5.364418029785156e-07,-0.9993970990180969,0.0,0.0,0.0,0.27000001072883606,0.0,0.2699122130870819,5.367656399357656e-07,0.19268453121185303,0.20693719387054443,0.07610046863555908,0.08211255073547363,4.311880111694336,4.765649318695068,0.09687656164169312,0.07054605334997177,-0.008311521261930466,-0.01915227808058262,-1.0426422357559204,-0.8955417275428772,0.13514967262744904,0.10986164957284927,0.13420245051383972,0.11050380766391754,-0.1276399940252304,-0.1103026494383812,0.1286490559577942,0.10547670722007751,0.1264946460723877,0.10677118599414825,-0.07532825320959091,-0.05488429218530655,-0.02413073368370533,-7.908781117293984e-05,0.26994505524635315,-1.8770484530250542e-05,0.01565924659371376,0.0012448171619325876,0.9998765587806702,-0.07566540688276291,0.00022493975120596588,-0.0003254106268286705,-0.00017756156739778817,-0.15746146440505981,0.006739193573594093,1.0936517715454102,-1.8245521783828735,1.1072555780410767,-1.8189241886138916,4.298915386199951,4.7561421394348145,0.0353962704539299,-0.026775727048516273,0.00860130600631237,-0.043803516775369644,-0.6240695118904114,-0.4512890875339508,0.053754083812236786,-0.06602615118026733,0.6232591867446899,0.6185427308082581,0.048386454582214355,0.029119431972503662,0.053754083812236786,-0.06602615118026733,0.6232591867446899,0.6185427308082581,0.048386454582214355,0.029119431972503662
49,1.0,-0.07566540688276291,0.00022493975120596588,-0.0003254106268286705,-0.00017756156739778817,-0.15746146440505981,0.006739193573594093,0.0313146747648716,-1.4494653441943228e-06,-0.9995093941688538,0.0,0.0,0.0,0.27000001072883606,0.0,0.26994505524635315,1.450175886930083e-06,0.19365179538726807,0.20725560188293457,0.07544779777526855,0.08107578754425049,4.298915386199951,4.7561421394348145,0.0353962704539299,0.00860130600631237,-0.026775727048516273,-0.043803516775369644,-0.6240695118904114,-0.4512890875339508,0.1286490559577942,0.10547670722007751,0.1264946460723877,0.10677118599414825,-0.07532825320959091,-0.05488429218530655,0.12216309458017349,0.10133220255374908,0.11898472160100937,0.1033032238483429,-0.02836761064827442,-0.005587138235569,-0.02567388489842415,-8.253306441474706e-05,0.26999786496162415,-1.7295074940193444e-05,0.013788464479148388,0.0012443388113752007,0.9999040961265564,-0.07201119512319565,0.00015154217544477433,0.0009561730548739433,2.8574024327099323e-05,-0.1755867898464203,0.005539936479181051,1.0935150384902954,-1.8255285024642944,1.106410026550293,-1.8203431367874146,4.29353141784668,4.754586696624756,-0.01788097806274891,-0.042986705899238586,-0.04832376539707184,-0.06367039680480957,-0.24733009934425354,-0.056421149522066116,0.05811111629009247,-0.06472866982221603,0.6116737127304077,0.6288034915924072,0.045907557010650635,0.027316801249980927,0.05811111629009247,-0.06472866982221603,0.6116737127304077,0.6288034915924072,0.045907557010650635,0.027316801249980927
50,1.02,-0.07201119512319565,0.00015154217544477433,0.0009561730548739433,2.8574024327099323e-05,-0.1755867898464203,0.005539936479181051,0.0275743268430233,2.717897586990148e-07,-0.9996194839477539,0.0,0.0,0.0,0.27000001072883606,0.0,0.26999786496162415,-2.718936400469829e-07,0.19351506233215332,0.20641005039215088,0.07447147369384766,0.07965683937072754,4.29353141784668,4.754586696624756,-0.01788097806274891,-0.04832376539707184,-0.042986705899238586,-0.06367039680480957,-0.24733009934425354,-0.056421149522066116,0.12216309458017349,0.10133220255374908,0.11898472160100937,0.1033032238483429,-0.02836761064827442,-0.005587138235569,0.11583881825208664,0.09763189405202866,0.11179672181606293,0.10020439326763153,0.012553444132208824,0.0370529368519783,-0.02713708207011223,-8.60457366798073e-05,0.2700655162334442,-1.5015434655651916e-05,0.011789185926318169,0.001244652783498168,0.999929666519165,-0.06812659651041031,-0.00022161562810651958,0.0019832253456115723,0.001413070596754551,-0.18972350656986237,0.005236745811998844,1.092406988143921,-1.8267567157745361,1.1045507192611694,-1.822054386138916,4.294772624969482,4.759930610656738,-0.06555026769638062,-0.054685793817043304,-0.09679269790649414,-0.07992211729288101,0.08091278374195099,0.2858748137950897,0.061814889311790466,-0.06319324672222137,0.6030356287956238,0.6354855298995972,0.042934074997901917,0.025010347366333008,0.061814889311790466,-0.06319324672222137,0.6030356287956238,0.6354855298995972,0.042934074997901917,0.025010347366333008
51,1.04,-0.06812659651041031,-0.00022161562810651958,0.0019832253456115723,0.001413070596754551,-0.18972350656986237,0.005236745811998844,0.023576751351356506,6.818718247814104e-07,-0.9997217655181885,0.0,0.0,0.0,0.27000001072883606,0.0,0.2700655162334442,-6.820611133662169e-07,0.1924070119857788,0.20455074310302734,0.07324326038360596,0.07794559001922607,4.294772624969482,4.759930610656738,-0.06555026769638062,-0.09679269790649414,-0.054685793817043304,-0.07992211729288101,0.08091278374195099,0.2858748137950897,0.11583881825208664,0.09763189405202866,0.11179672181606293,0.10020439326763153,0.012553444132208824,0.0370529368519783,0.10973997414112091,0.09451965987682343,0.10507994890213013,0.0975310206413269,0.04680917412042618,0.07264792174100876,-0.028515757992863655,-8.931415504775941e-05,0.2701432406902313,-1.2685626643360592e-05,0.009706287644803524,0.0012449516216292977,0.9999520778656006,-0.06409815698862076,-0.0003351037739776075,0.0027488665655255318,0.0017829465214163065,-0.19938570261001587,0.00479458924382925,1.0904725790023804,-1.8281611204147339,1.1018227338790894,-1.8239614963531494,4.301584243774414,4.771050453186035,-0.10541579127311707,-0.06357166171073914,-0.13872084021568298,-0.09047798067331314,0.3564401865005493,0.5716342926025391,0.06307336688041687,-0.059860289096832275,0.5950475335121155,0.6411275863647461,0.03912836313247681,0.02255380153656006,0.06307336688041687,-0.059860289096832275,0.5950475335121155,0.6411275863647461,0.03912836313247681,0.02255380153656006
52,1.06,-0.06409815698862076,-0.0003351037739776075,0.0027488665655255318,0.0017829465214163065,-0.19938570261001587,0.00479458924382925,0.01941167749464512,1.2023210729239509e-06,-0.9998114109039307,0.0,0.0,0.0,0.27000001072883606,0.0,0.2701432406902313,-1.202546854983666e-06,0.19047260284423828,0.20182275772094727,0.0718388557434082,0.07603847980499268,4.301584243774414,4.771050453186035,-0.10541579127311707,-0.13872084021568298,-0.06357166171073914,-0.09047798067331314,0.3564401865005493,0.5716342926025391,0.10973997414112091,0.09451965987682343,0.10507994890213013,0.0975310206413269,0.04680917412042618,0.07264792174100876,0.10402214527130127,0.09207072854042053,0.09889647364616394,0.0953388661146164,0.07449915260076523,0.10124131292104721,-0.0298080425709486,-9.244302054867148e-05,0.27022671699523926,-1.0148563887923956e-05,0.007580809760838747,0.0012450342765077949,0.9999704360961914,-0.06005842238664627,-0.0004013650177512318,0.0033041597343981266,0.0019725263118743896,-0.2052539885044098,0.004198671318590641,1.0878558158874512,-1.829667329788208,1.0983752012252808,-1.8259729146957397,4.312919616699219,4.786827087402344,-0.13792531192302704,-0.06882315874099731,-0.17336690425872803,-0.09629017114639282,0.5796181559562683,0.8014965057373047,0.062368959188461304,-0.055109620094299316,0.5893513560295105,0.6444215774536133,0.03521013259887695,0.01969277858734131,0.062368959188461304,-0.055109620094299316,0.5893513560295105,0.6444215774536133,0.03521013259887695,0.01969277858734131
53,1.08,-0.06005842238664627,-0.0004013650177512318,0.0033041597343981266,0.0019725263118743896,-0.2052539885044098,0.004198671318590641,0.015161196701228619,1.4197921700542793e-06,-0.999884843826294,0.0,0.0,0.0,0.27000001072883606,0.0,0.27022671699523926,-1.4199555380400852e-06,0.18785583972930908,0.19837522506713867,0.07033264636993408,0.07402706146240234,4.312919616699219,4.786827087402344,-0.13792531192302704,-0.17336690425872803,-0.06882315874099731,-0.09629017114639282,0.5796181559562683,0.8014965057373047,0.10402214527130127,0.09207072854042053,0.09889647364616394,0.0953388661146164,0.07449915260076523,0.10124131292104721,0.09878646582365036,0.09020780026912689,0.09334312379360199,0.09361892938613892,0.09585406631231308,0.12307887524366379,-0.031015105545520782,-9.543445776216686e-05,0.27031275629997253,-7.525296041421825e-06,0.0054446859285235405,0.0012449966743588448,0.9999843239784241,-0.05612795427441597,-0.0004252431099303067,0.003659765003249049,0.0019905397202819586,-0.20786575973033905,0.0035891172010451555,1.084701418876648,-1.8312089443206787,1.0943611860275269,-1.8280062675476074,4.327763557434082,4.806180477142334,-0.16310419142246246,-0.07103973627090454,-0.20056499540805817,-0.09799310564994812,0.7522802352905273,0.9773778915405273,0.06026732921600342,-0.049619197845458984,0.5850908756256104,0.6458932161331177,0.03100264072418213,0.0167083740234375,0.06026732921600342,-0.049619197845458984,0.5850908756256104,0.6458932161331177,0.03100264072418213,0.0167083740234375
54,1.1,-0.05612795427441597,-0.0004252431099303067,0.003659765003249049,0.0019905397202819586,-0.20786575973033905,0.0035891172010451555,0.010889220051467419,1.4931247278582305e-06,-0.9999403953552246,0.0,0.0,0.0,0.27000001072883606,0.0,0.27031275629997253,-1.4932129488443024e-06,0.18470144271850586,0.19436120986938477,0.06879103183746338,0.07199370861053467,4.327763557434082,4.806180477142334,-0.16310419142246246,-0.20056499540805817,-0.07103973627090454,-0.09799310564994812,0.7522802352905273,0.9773778915405273,0.09878646582365036,0.09020780026912689,0.09334312379360199,0.09361892938613892,0.09585406631231308,0.12307887524366379,0.09413114190101624,0.08886674046516418,0.08849862217903137,0.09233248233795166,0.11118855327367783,0.1384671926498413,-0.03214055299758911,-9.822618449106812e-05,0.2703983187675476,-4.922357220493723e-06,0.003325155470520258,0.0012450075009837747,0.999993622303009,-0.05240458622574806,-0.0004122613463550806,0.0038392713759094477,0.0019189093727618456,-0.20770029723644257,0.0033339778892695904,1.0811539888381958,-1.832730770111084,1.0899324417114258,-1.8299953937530518,4.345151424407959,4.828076362609863,-0.18127015233039856,-0.0707382932305336,-0.22004131972789764,-0.09638072550296783,0.8768218755722046,1.1017707586288452,0.05740579962730408,-0.044061481952667236,0.5822849273681641,0.6456686854362488,0.026702880859375,0.013585090637207031,0.05740579962730408,-0.044061481952667236,0.5822849273681641,0.6456686854362488,0.026702880859375,0.013585090637207031
55,1.12,-0.05240458622574806,-0.0004122613463550806,0.0038392713759094477,0.0019189093727618456,-0.20770029723644257,0.0033339778892695904,0.006650280673056841,1.5649648048565723e-06,-0.9999775886535645,0.0,0.0,0.0,0.27000001072883606,0.0,0.2703983187675476,-1.5649993656552397e-06,0.1811540126800537,0.1899324655532837,0.0672692060470581,0.07000458240509033,4.345151424407959,4.828076362609863,-0.18127015233039856,-0.22004131972789764,-0.0707382932305336,-0.09638072550296783,0.8768218755722046,1.1017707586288452,0.09413114190101624,0.08886674046516418,0.08849862217903137,0.09233248233795166,0.11118855327367783,0.1384671926498413,0.09013745188713074,0.08797923475503922,0.08443666994571686,0.09142927825450897,0.12084629386663437,0.14773491024971008,-0.03318916633725166,-0.00010014849249273539,0.270481139421463,-3.544826085999375e-06,0.0012464086757972836,0.0012450256617739797,0.9999983906745911,-0.04896024242043495,-0.00031390890944749117,0.0038672401569783688,0.0015164994401857257,-0.20513103902339935,0.0030363602563738823,1.077353835105896,-1.8341926336288452,1.0852408409118652,-1.8318853378295898,4.364174842834473,4.851535797119141,-0.19228196144104004,-0.06868088245391846,-0.23215167224407196,-0.09194338321685791,0.9560631513595581,1.1771594285964966,0.053721845149993896,-0.038420021533966064,0.58039790391922,0.6443353295326233,0.02230656147003174,0.010465383529663086,0.053721845149993896,-0.038420021533966064,0.58039790391922,0.6443353295326233,0.02230656147003174,0.010465383529663086
56,1.1400000000000001,-0.04896024242043495,-0.00031390890944749117,0.0038672401569783688,0.0015164994401857257,-0.20513103902339935,0.0030363602563738823,0.002492822241038084,3.986019237345317e-06,-0.9999966621398926,0.0,0.0,0.0,0.27000001072883606,0.0,0.270481139421463,-3.986031515523791e-06,0.1773538589477539,0.18524086475372314,0.06580734252929688,0.06811463832855225,4.364174842834473,4.851535797119141,-0.19228196144104004,-0.23215167224407196,-0.06868088245391846,-0.09194338321685791,0.9560631513595581,1.1771594285964966,0.09013745188713074,0.08797923475503922,0.08443666994571686,0.09142927825450897,0.12084629386663437,0.14773491024971008,0.08687329292297363,0.08747851103544235,0.08122213929891586,0.09085296094417572,0.12518233060836792,0.15123605728149414,-0.03416700288653374,-0.00010341634333599359,0.2705591917037964,4.394391055484448e-07,-0.0007711122743785381,0.001244975603185594,0.9999988675117493,-0.04584288224577904,-0.00036885763984173536,0.0037728191819041967,0.0016775628319010139,-0.20045213401317596,0.0025459150783717632,1.0734316110610962,-1.8355549573898315,1.0804418325424194,-1.833644151687622,4.383979797363281,4.875632286071777,-0.19686512649059296,-0.06452495604753494,-0.23652105033397675,-0.08620016276836395,0.992646336555481,1.2065058946609497,0.04905170202255249,-0.03253862261772156,0.579857587814331,0.6415317058563232,0.017882704734802246,0.0074231624603271484,0.04905170202255249,-0.03253862261772156,0.579857587814331,0.6415317058563232,0.017882704734802246,0.0074231624603271484
57,1.16,-0.04584288224577904,-0.00036885763984173536,0.0037728191819041967,0.0016775628319010139,-0.20045213401317596,0.0025459150783717632,-0.0015422238502651453,1.0411547464173054e-06,-0.9999985694885254,0.0,0.0,0.0,0.27000001072883606,0.0,0.2705591917037964,-1.0411559969725204e-06,0.1734316349029541,0.18044185638427734,0.06444501876831055,0.06635582447052002,4.383979797363281,4.875632286071777,-0.19686512649059296,-0.23652105033397675,-0.06452495604753494,-0.08620016276836395,0.992646336555481,1.2065058946609497,0.08687329292297363,0.08747851103544235,0.08122213929891586,0.09085296094417572,0.12518233060836792,0.15123605728149414,0.08440051227807999,0.08729839324951172,0.07892343401908875,0.09056758880615234,0.12452279776334763,0.14935341477394104,-0.03508111461997032,-0.00010539313370827585,0.2706311345100403,2.2939530026633292e-06,-0.002710596891120076,0.0012449732748791575,0.9999954700469971,-0.043078530579805374,-0.00017913157353177667,0.0035875337198376656,0.000927290297113359,-0.19397273659706116,0.002262403955683112,1.0695260763168335,-1.8368028402328491,1.0756758451461792,-1.835235834121704,4.403763771057129,4.899499416351318,-0.1944582313299179,-0.06010344997048378,-0.23407278954982758,-0.07823258638381958,0.9894605875015259,1.1925225257873535,0.045281410217285156,-0.028321951627731323,0.5777219533920288,0.6403483152389526,0.013801813125610352,0.004236459732055664,0.045281410217285156,-0.028321951627731323,0.5777219533920288,0.6403483152389526,0.013801813125610352,0.004236459732055664
58,1.18,-0.043078530579805374,-0.00017913157353177667,0.0035875337198376656,0.000927290297113359,-0.19397273659706116,0.002262403955683112,-0.005421174690127373,2.1613564058498014e-06,-0.9999849796295166,0.0,0.0,0.0,0.27000001072883606,0.0,0.2706311345100403,-2.161388010790688e-06,0.1695261001586914,0.1756758689880371,0.06319713592529297,0.06476414203643799,4.403763771057129,4.899499416351318,-0.1944582313299179,-0.23407278954982758,-0.06010344997048378,-0.07823258638381958,0.9894605875015259,1.1925225257873535,0.08440051227807999,0.08729839324951172,0.07892343401908875,0.09056758880615234,0.12452279776334763,0.14935341477394104,0.08274649828672409,0.08740038424730301,0.07753022015094757,0.0905037671327591,0.11932248622179031,0.14249569177627563,-0.03593893721699715,-0.00010761595331132412,0.2706962525844574,4.746922968479339e-06,-0.004557769745588303,0.0012447322951629758,0.9999887943267822,-0.04068707674741745,-0.00016221315308939666,0.0033464799635112286,0.0006593998987227678,-0.18590030074119568,0.00034439549199305475,1.0657546520233154,-1.8379157781600952,1.071085810661316,-1.836647868156433,4.422798156738281,4.9223313331604,-0.18564407527446747,-0.05428868159651756,-0.22540073096752167,-0.07007289677858353,0.949876606464386,1.1386812925338745,0.038478344678878784,-0.021777033805847168,0.5784919857978821,0.636297345161438,0.009266972541809082,0.0018367767333984375,0.038478344678878784,-0.021777033805847168,0.5784919857978821,0.636297345161438,0.009266972541809082,0.0018367767333984375
59,1.2,-0.04068707674741745,-0.00016221315308939666,0.0033464799635112286,0.0006593998987227678,-0.18590030074119568,0.00034439549199305475,-0.009115449152886868,1.8526670828578062e-06,-0.9999582767486572,0.0,0.0,0.0,0.27000001072883606,0.0,0.2706962525844574,-1.8527440488469438e-06,0.16575467586517334,0.17108583450317383,0.062084197998046875,0.06335210800170898,4.422798156738281,4.9223313331604,-0.18564407527446747,-0.22540073096752167,-0.05428868159651756,-0.07007289677858353,0.949876606464386,1.1386812925338745,0.08274649828672409,0.08740038424730301,0.07753022015094757,0.0905037671327591,0.11932248622179031,0.14249569177627563,0.08188585937023163,0.08769062161445618,0.07705631852149963,0.09062618017196655,0.10998650640249252,0.13119623064994812,-0.03674782067537308,-0.00010971732262987643,0.27075400948524475,7.1197878241946455e-06,-0.006296797189861536,0.0012447694316506386,0.9999793767929077,-0.03866908326745033,-8.21003777673468e-05,0.003064880846068263,0.0004563348484225571,-0.1761813908815384,0.001441481406800449,1.0622283220291138,-1.838887333869934,1.0667935609817505,-1.8378726243972778,4.440411567687988,4.943419456481934,-0.1730300337076187,-0.048340845853090286,-0.20918045938014984,-0.061336468905210495,0.8767337799072266,1.0496091842651367,0.03519415855407715,-0.01942908763885498,0.5799872279167175,0.631564199924469,0.004805088043212891,-0.00016379356384277344,0.03519415855407715,-0.01942908763885498,0.5799872279167175,0.631564199924469,0.004805088043212891,-0.00016379356384277344
60,1.22,-0.03866908326745033,-8.21003777673468e-05,0.003064880846068263,0.0004563348484225571,-0.1761813908815384,0.001441481406800449,-0.012593352235853672,1.436839738744311e-06,-0.9999206066131592,0.0,0.0,0.0,0.27000001072883606,0.0,0.27075400948524475,-1.4369535392688704e-06,0.16222834587097168,0.1667935848236084,0.06111264228820801,0.06212735176086426,4.440411567687988,4.943419456481934,-0.1730300337076187,-0.20918045938014984,-0.048340845853090286,-0.061336468905210495,0.8767337799072266,1.0496091842651367,0.08188585937023163,0.08769062161445618,0.07705631852149963,0.09062618017196655,0.10998650640249252,0.13119623064994812,0.08180110156536102,0.08818471431732178,0.07740530371665955,0.0909009501338005,0.09716290980577469,0.11608681827783585,-0.037516023963689804,-0.0001118347208830528,0.27080461382865906,9.489801414019894e-06,-0.007917771115899086,0.001244586892426014,0.9999678134918213,-0.037037380039691925,-3.299292438896373e-05,0.0027937847189605236,0.00025127167464233935,-0.165135458111763,0.0012402543798089027,1.0590364933013916,-1.8397142887115479,1.0629066228866577,-1.8389090299606323,4.456032752990723,4.962148666381836,-0.15550225973129272,-0.04196152463555336,-0.18846480548381805,-0.05250251293182373,0.7758183479309082,0.9297242760658264,0.02959340810775757,-0.015393495559692383,0.5811680555343628,0.62746661901474,0.001976490020751953,-0.003390789031982422,0.02959340810775757,-0.015393495559692383,0.5811680555343628,0.62746661901474,0.001976490020751953,-0.003390789031982422
61,1.24,-0.037037380039691925,-3.299292438896373e-05,0.0027937847189605236,0.00025127167464233935,-0.165135458111763,0.0012402543798089027,-0.015835056081414223,7.297167030628771e-07,-0.9998743534088135,0.0,0.0,0.0,0.27000001072883606,0.0,0.27080461382865906,-7.298079367501487e-07,0.1590365171432495,0.16290664672851562,0.06028568744659424,0.061090946197509766,4.456032752990723,4.962148666381836,-0.15550225973129272,-0.18846480548381805,-0.04196152463555336,-0.05250251293182373,0.7758183479309082,0.9297242760658264,0.08180110156536102,0.08818471431732178,0.07740530371665955,0.0909009501338005,0.09716290980577469,0.11608681827783585,0.08242969214916229,0.08880019932985306,0.07854639738798141,0.09128299355506897,0.08138258010149002,0.09783972054719925,-0.03825133666396141,-0.00011379202624084428,0.2708486318588257,1.1644756341411266e-05,-0.009410611353814602,0.001244633342139423,0.999954879283905,-0.03579046204686165,4.962096500094049e-05,0.0025345017202198505,-9.72421548794955e-05,-0.15302027761936188,0.0008881924441084266,1.0562564134597778,-1.840397596359253,1.059511423110962,-1.8397608995437622,4.469183444976807,4.9780049324035645,-0.13416136801242828,-0.03573146462440491,-0.16376566886901855,-0.04376211017370224,0.6510719060897827,0.7846547365188599,0.02488270401954651,-0.012734293937683105,0.5826307535171509,0.6232718229293823,-0.0012941360473632812,-0.005496859550476074,0.02488270401954651,-0.012734293937683105,0.5826307535171509,0.6232718229293823,-0.0012941360473632812,-0.005496859550476074
62,1.26,-0.03579046204686165,4.962096500094049e-05,0.0025345017202198505,-9.72421548794955e-05,-0.15302027761936188,0.0008881924441084266,-0.018820403143763542,1.3706085155718029e-07,-0.9998226165771484,0.0,0.0,0.0,0.27000001072883606,0.0,0.2708486318588257,-1.370845978954094e-07,0.15625643730163574,0.15951144695281982,0.05960237979888916,0.06023907661437988,4.469183444976807,4.9780049324035645,-0.13416136801242828,-0.16376566886901855,-0.03573146462440491,-0.04376211017370224,0.6510719060897827,0.7846547365188599,0.08242969214916229,0.08880019932985306,0.07854639738798141,0.09128299355506897,0.08138258010149002,0.09783972054719925,0.08372604101896286,0.08952730149030685,0.0803888738155365,0.09174150228500366,0.06320469826459885,0.07709512859582901,-0.03896192088723183,-0.00011594940588111058,0.27088654041290283,1.4036775610293262e-05,-0.010769038461148739,0.0012451577931642532,0.9999412298202515,-0.03491783142089844,0.00020491299801506102,0.002304275520145893,-0.0008411568123847246,-0.1401510238647461,-0.000707700673956424,1.0539458990097046,-1.8409411907196045,1.056678295135498,-1.8404382467269897,4.479478359222412,4.990579605102539,-0.10914164036512375,-0.029880858957767487,-0.13672687113285065,-0.03510976582765579,0.5071684718132019,0.6192977428436279,0.018951773643493652,-0.009251296520233154,0.5847897529602051,0.6187063455581665,-0.004641890525817871,-0.0068209171295166016,0.018951773643493652,-0.009251296520233154,0.5847897529602051,0.6187063455581665,-0.004641890525817871,-0.0068209171295166016
63,1.28,-0.03491783142089844,0.00020491299801506102,0.002304275520145893,-0.0008411568123847246,-0.1401510238647461,-0.000707700673956424,-0.021536845713853836,-1.253596565220505e-06,-0.9997680187225342,0.0,0.0,0.0,0.27000001072883606,0.0,0.27088654041290283,1.2538872624645592e-06,0.1539459228515625,0.15667831897735596,0.0590587854385376,0.059561729431152344,4.479478359222412,4.990579605102539,-0.10914164036512375,-0.13672687113285065,-0.029880858957767487,-0.03510976582765579,0.5071684718132019,0.6192977428436279,0.08372604101896286,0.08952730149030685,0.0803888738155365,0.09174150228500366,0.06320469826459885,0.07709512859582901,0.08560964465141296,0.09033390134572983,0.08284103870391846,0.09224414825439453,0.043161578476428986,0.05448188632726669,-0.03965548798441887,-0.00011779364285757765,0.27091920375823975,1.5847832401050255e-05,-0.0119892293587327,0.0012451737420633435,0.999927282333374,-0.03439480811357498,0.0002617686695884913,0.0021044809836894274,-0.001058685127645731,-0.12654192745685577,-0.000720517011359334,1.0521520376205444,-1.8413528203964233,1.0544506311416626,-1.8409515619277954,4.486608982086182,4.999565124511719,-0.0832252949476242,-0.023934856057167053,-0.1064314916729927,-0.0273019727319479,0.3479423224925995,0.43910276889801025,0.01501511037349701,-0.008129402995109558,0.5866220593452454,0.61468106508255,-0.006852328777313232,-0.008637309074401855,0.01501511037349701,-0.008129402995109558,0.5866220593452454,0.61468106508255,-0.006852328777313232,-0.008637309074401855
64,1.3,-0.03439480811357498,0.0002617686695884913,0.0021044809836894274,-0.001058685127645731,-0.12654192745685577,-0.000720517011359334,-0.023976754397153854,-1.8360115063842386e-06,-0.9997122287750244,0.0,0.0,0.0,0.27000001072883606,0.0,0.27091920375823975,1.8365410596743459e-06,0.15215206146240234,0.1544506549835205,0.05864715576171875,0.05904841423034668,4.486608982086182,4.999565124511719,-0.0832252949476242,-0.1064314916729927,-0.023934856057167053,-0.0273019727319479,0.3479423224925995,0.43910276889801025,0.08560964465141296,0.09033390134572983,0.08284103870391846,0.09224414825439453,0.043161578476428986,0.05448188632726669,0.08796679973602295,0.0912172794342041,0.08576099574565887,0.09280093014240265,0.021914681419730186,0.030728958547115326,-0.04033933952450752,-0.00011957305832765996,0.2709471881389618,1.7280563042731956e-05,-0.013067337684333324,0.0012451560469344258,0.99991375207901,-0.034216608852148056,0.00024422627757303417,0.0019509359262883663,-0.0009920964948832989,-0.11254515498876572,-0.0007205124129541218,1.0508962869644165,-1.8416413068771362,1.0528528690338135,-1.8413140773773193,4.490367889404297,5.0047736167907715,-0.056575480848550797,-0.017956916242837906,-0.07507286965847015,-0.020197130739688873,0.17880702018737793,0.24974632263183594,0.010888680815696716,-0.006984710693359375,0.5898619294166565,0.6097132563591003,-0.008821964263916016,-0.009901106357574463,0.010888680815696716,-0.006984710693359375,0.5898619294166565,0.6097132563591003,-0.008821964263916016,-0.009901106357574463
65,1.32,-0.034216608852148056,0.00024422627757303417,0.0019509359262883663,-0.0009920964948832989,-0.11254515498876572,-0.0007205124129541218,-0.02613246440887451,-2.016397047555074e-06,-0.9996581077575684,0.0,0.0,0.0,0.27000001072883606,0.0,0.2709471881389618,2.0170846255496144e-06,0.15089631080627441,0.1528528928756714,0.05835866928100586,0.058685898780822754,4.490367889404297,5.0047736167907715,-0.056575480848550797,-0.07507286965847015,-0.017956916242837906,-0.020197130739688873,0.17880702018737793,0.24974632263183594,0.08796679973602295,0.0912172794342041,0.08576099574565887,0.09280093014240265,0.021914681419730186,0.030728958547115326,0.0906854197382927,0.09214817732572556,0.08903253823518753,0.09338945150375366,4.76595014333725e-05,0.006515197455883026,-0.04102084040641785,-0.00012151542614446953,0.27097129821777344,1.8880682546296157e-05,-0.014003962278366089,0.0012451339280232787,0.9999011754989624,-0.034365396946668625,0.00020414870232343674,0.0018303412944078445,-0.0008440709207206964,-0.09839706122875214,-0.0007720530848018825,1.0501822233200073,-1.841813087463379,1.0518854856491089,-1.8415393829345703,4.4906487464904785,5.0061235427856445,-0.02988208271563053,-0.012265040539205074,-0.043828003108501434,-0.01376331690698862,0.0045115090906620026,0.05662749707698822,0.007497664541006088,-0.006620630621910095,0.5926517844200134,0.6052389144897461,-0.010403399355709553,-0.010741949081420898,0.007497664541006088,-0.006620630621910095,0.5926517844200134,0.6052389144897461,-0.010403399355709553,-0.010741949081420898
66,1.34,-0.034365396946668625,0.00020414870232343674,0.0018303412944078445,-0.0008440709207206964,-0.09839706122875214,-0.0007720530848018825,-0.02800520323216915,-2.8840149752795696e-06,-0.9996078014373779,0.0,0.0,0.0,0.27000001072883606,0.0,0.27097129821777344,2.8851475235569524e-06,0.15018224716186523,0.1518855094909668,0.058186888694763184,0.05846059322357178,4.4906487464904785,5.0061235427856445,-0.02988208271563053,-0.043828003108501434,-0.012265040539205074,-0.01376331690698862,0.0045115090906620026,0.05662749707698822,0.0906854197382927,0.09214817732572556,0.08903253823518753,0.09338945150375366,4.76595014333725e-05,0.006515197455883026,0.09366323798894882,0.09311684221029282,0.0925351083278656,0.09399546682834625,-0.02189587987959385,-0.017564453184604645,-0.04170670732855797,-0.0001233031798619777,0.2709921896457672,2.000966196646914e-05,-0.01480128150433302,0.0012451553484424949,0.999889612197876,-0.03481641411781311,0.00041730559314601123,0.0017506361473351717,-0.001649729791097343,-0.08438683301210403,-0.0007259276462718844,1.0499987602233887,-1.8418786525726318,1.051530361175537,-1.8416392803192139,4.487429618835449,5.003626346588135,-0.0033931543584913015,-0.007755772676318884,-0.01421735156327486,-0.006842368748039007,-0.1704060435295105,-0.1358008235692978,0.005558360833674669,-0.007861532270908356,0.5943386554718018,0.6029093861579895,-0.011303842067718506,-0.011770844459533691,0.005558360833674669,-0.007861532270908356,0.5943386554718018,0.6029093861579895,-0.011303842067718506,-0.011770844459533691
67,1.36,-0.03481641411781311,0.00041730559314601123,0.0017506361473351717,-0.001649729791097343,-0.08438683301210403,-0.0007259276462718844,-0.029599346220493317,-3.155117155984044e-06,-0.9995615482330322,0.0,0.0,0.0,0.27000001072883606,0.0,0.2709921896457672,3.156499133183388e-06,0.14999878406524658,0.15153038501739502,0.058121323585510254,0.05836069583892822,4.487429618835449,5.003626346588135,-0.0033931543584913015,-0.01421735156327486,-0.007755772676318884,-0.006842368748039007,-0.1704060435295105,-0.1358008235692978,0.09366323798894882,0.09311684221029282,0.0925351083278656,0.09399546682834625,-0.02189587987959385,-0.017564453184604645,0.09680837392807007,0.09412353485822678,0.09615390002727509,0.09459556639194489,-0.04342160373926163,-0.04102955013513565,-0.04240310192108154,-0.00012537403381429613,0.2710101306438446,2.1450003259815276e-05,-0.015463798306882381,0.0012450884096324444,0.9998795986175537,-0.03553670644760132,0.00024591333931311965,0.0016840704483911395,-0.0009864955209195614,-0.07064037770032883,-0.0006215141620486975,1.050320029258728,-1.8418470621109009,1.0517545938491821,-1.8416281938552856,4.480769157409668,4.997375965118408,0.020783601328730583,-0.002343749161809683,0.014585909433662891,-0.0019656107760965824,-0.34243687987327576,-0.323053240776062,0.00246482715010643,-0.007701484486460686,0.5982787609100342,0.59784996509552,-0.012123167514801025,-0.011937558650970459,0.00246482715010643,-0.007701484486460686,0.5982787609100342,0.59784996509552,-0.012123167514801025,-0.011937558650970459
68,1.3800000000000001,-0.03553670644760132,0.00024591333931311965,0.0016840704483911395,-0.0009864955209195614,-0.07064037770032883,-0.0006215141620486975,-0.030923927202820778,-4.387249646242708e-06,-0.9995214939117432,0.0,0.0,0.0,0.27000001072883606,0.0,0.2710101306438446,4.389349669509102e-06,0.15032005310058594,0.15175461769104004,0.05815291404724121,0.058371782302856445,4.480769157409668,4.997375965118408,0.020783601328730583,0.014585909433662891,-0.002343749161809683,-0.0019656107760965824,-0.34243687987327576,-0.323053240776062,0.09680837392807007,0.09412353485822678,0.09615390002727509,0.09459556639194489,-0.04342160373926163,-0.04102955013513565,0.10000981390476227,0.09513536840677261,0.09982046484947205,0.09523485600948334,-0.06415341049432755,-0.06338096410036087,-0.04311539977788925,-0.00012702253297902644,0.27102553844451904,2.1956797354505397e-05,-0.015997592359781265,0.0012451433576643467,0.9998712539672852,-0.036492425948381424,0.00039799234946258366,0.0016467156819999218,-0.0015719466609880328,-0.05751935765147209,-0.0007100346847437322,1.051110863685608,-1.8417282104492188,1.0525097846984863,-1.841515064239502,4.47078800201416,4.987541675567627,0.04398122429847717,0.0016557157505303621,0.040082961320877075,0.0037329327315092087,-0.5079995393753052,-0.5018752813339233,-3.997981548309326e-05,-0.007978349924087524,0.6013264656066895,0.5941393971443176,-0.012542724609375,-0.011880040168762207,-3.997981548309326e-05,-0.007978349924087524,0.6013264656066895,0.5941393971443176,-0.012542724609375,-0.011880040168762207
69,1.4000000000000001,-0.036492425948381424,0.00039799234946258366,0.0016467156819999218,-0.0015719466609880328,-0.05751935765147209,-0.0007100346847437322,-0.03199112042784691,-4.069348506163806e-06,-0.9994881749153137,0.0,0.0,0.0,0.27000001072883606,0.0,0.27102553844451904,4.071431703778217e-06,0.15111088752746582,0.15250980854034424,0.05827176570892334,0.05848491191864014,4.47078800201416,4.987541675567627,0.04398122429847717,0.040082961320877075,0.0016557157505303621,0.0037329327315092087,-0.5079995393753052,-0.5018752813339233,0.10000981390476227,0.09513536840677261,0.09982046484947205,0.09523485600948334,-0.06415341049432755,-0.06338096410036087,0.10321758687496185,0.09616846591234207,0.10343131422996521,0.09585843980312347,-0.08371517807245255,-0.08433421701192856,-0.04384850710630417,-0.00012898202112410218,0.27103862166404724,2.262318776047323e-05,-0.01641133613884449,0.0012451033107936382,0.9998644590377808,-0.03764069452881813,0.0004071502771694213,0.001614987151697278,-0.0015943432226777077,-0.04510245472192764,-0.000591169111430645,1.0523262023925781,-1.8415287733078003,1.053743600845337,-1.8413125276565552,4.457668304443359,4.974340915679932,0.0644664317369461,0.005753699690103531,0.06329670548439026,0.008401929400861263,-0.664453387260437,-0.669498860836029,-0.002278059720993042,-0.008383259177207947,0.6047202944755554,0.59043949842453,-0.012513041496276855,-0.011769890785217285,-0.002278059720993042,-0.008383259177207947,0.6047202944755554,0.59043949842453,-0.012513041496276855,-0.011769890785217285
70,1.42,-0.03764069452881813,0.0004071502771694213,0.001614987151697278,-0.0015943432226777077,-0.04510245472192764,-0.000591169111430645,-0.032818280160427094,-4.372624971438199e-06,-0.9994609951972961,0.0,0.0,0.0,0.27000001072883606,0.0,0.27103862166404724,4.374982381705195e-06,0.15232622623443604,0.15374362468719482,0.0584712028503418,0.058687448501586914,4.457668304443359,4.974340915679932,0.0644664317369461,0.06329670548439026,0.005753699690103531,0.008401929400861263,-0.664453387260437,-0.669498860836029,0.10321758687496185,0.09616846591234207,0.10343131422996521,0.09585843980312347,-0.08371517807245255,-0.08433421701192856,0.10635921359062195,0.09718334674835205,0.10692967474460602,0.09650422632694244,-0.10178624838590622,-0.10353941470384598,-0.04460620880126953,-0.00013058309559710324,0.2710493803024292,2.2508147594635375e-05,-0.016715385019779205,0.0012452052906155586,0.9998595118522644,-0.038949575275182724,0.00047756126150488853,0.001570838037878275,-0.0018608026439324021,-0.03378204256296158,-0.00048561973380856216,1.053917407989502,-1.841261386871338,1.0553945302963257,-1.841029405593872,4.441642761230469,4.958050727844238,0.08281228691339493,0.009046543389558792,0.08311048895120621,0.013185849413275719,-0.8090403079986572,-0.8233668804168701,-0.0035025179386138916,-0.009602785110473633,0.6072306632995605,0.5881607532501221,-0.012154698371887207,-0.011513352394104004,-0.0035025179386138916,-0.009602785110473633,0.6072306632995605,0.5881607532501221,-0.012154698371887207,-0.011513352394104004
71,1.44,-0.038949575275182724,0.00047756126150488853,0.001570838037878275,-0.0018608026439324021,-0.03378204256296158,-0.00048561973380856216,-0.03342612832784653,-3.3817996154539287e-06,-0.9994412064552307,0.0,0.0,0.0,0.27000001072883606,0.0,0.2710493803024292,3.383689090696862e-06,0.15391743183135986,0.1553945541381836,0.0587385892868042,0.05897057056427002,4.441642761230469,4.958050727844238,0.08281228691339493,0.08311048895120621,0.009046543389558792,0.013185849413275719,-0.8090403079986572,-0.8233668804168701,0.10635921359062195,0.09718334674835205,0.10692967474460602,0.09650422632694244,-0.10178624838590622,-0.10353941470384598,0.1093824952840805,0.09815429151058197,0.11025070399045944,0.0971369594335556,-0.1180615946650505,-0.12073507159948349,-0.0453915074467659,-0.00013296669931150973,0.271057665348053,2.35797451750841e-05,-0.01692109927535057,0.0012449583737179637,0.9998559951782227,-0.04037966579198837,0.0005822315579280257,0.0015522518660873175,-0.0021177283488214016,-0.023488705977797508,0.0010353594552725554,1.0558257102966309,-1.8409305810928345,1.0574028491973877,-1.840681552886963,4.422987461090088,4.938992977142334,0.0973101556301117,0.012080413289368153,0.10096832364797592,0.016879703849554062,-0.9396480917930603,-0.9608666896820068,-0.003793761134147644,-0.01146206259727478,0.6105819940567017,0.584879457950592,-0.011110424995422363,-0.011463403701782227,-0.003793761134147644,-0.01146206259727478,0.6105819940567017,0.584879457950592,-0.011110424995422363,-0.011463403701782227
72,1.46,-0.04037966579198837,0.0005822315579280257,0.0015522518660873175,-0.0021177283488214016,-0.023488705977797508,0.0010353594552725554,-0.03383738547563553,-5.020570824854076e-06,-0.9994271397590637,0.0,0.0,0.0,0.27000001072883606,0.0,0.271057665348053,5.0234484660904855e-06,0.15582573413848877,0.1574028730392456,0.05906939506530762,0.0593184232711792,4.422987461090088,4.938992977142334,0.0973101556301117,0.10096832364797592,0.012080413289368153,0.016879703849554062,-0.9396480917930603,-0.9608666896820068,0.1093824952840805,0.09815429151058197,0.11025070399045944,0.0971369594335556,-0.1180615946650505,-0.12073507159948349,0.11221986263990402,0.0990680456161499,0.11332807689905167,0.09775519371032715,-0.13222414255142212,-0.13565188646316528,-0.04620734974741936,-0.00013499108899850398,0.2710634768009186,2.375669646426104e-05,-0.01704362779855728,0.001245769439265132,0.9998539090156555,-0.04191404953598976,0.0005439245724119246,0.0015130359679460526,-0.002110263565555215,-0.014698097482323647,-0.0005191854434087873,1.0579952001571655,-1.840552568435669,1.0596970319747925,-1.8402760028839111,4.402044296264648,4.917520999908447,0.11041778326034546,0.014994312077760696,0.11386197805404663,0.019803620874881744,-1.053094744682312,-1.0806200504302979,-0.006518900394439697,-0.01051117479801178,0.6136414408683777,0.5820834636688232,-0.011026859283447266,-0.00993657112121582,-0.006518900394439697,-0.01051117479801178,0.6136414408683777,0.5820834636688232,-0.011026859283447266,-0.00993657112121582
73,1.48,-0.04191404953598976,0.0005439245724119246,0.0015130359679460526,-0.002110263565555215,-0.014698097482323647,-0.0005191854434087873,-0.034082334488630295,-5.041591066401452e-06,-0.9994187951087952,0.0,0.0,0.0,0.27000001072883606,0.0,0.2710634768009186,5.044521913077915e-06,0.15799522399902344,0.1596970558166504,0.059447407722473145,0.05972397327423096,4.402044296264648,4.917520999908447,0.11041778326034546,0.11386197805404663,0.014994312077760696,0.019803620874881744,-1.053094744682312,-1.0806200504302979,0.11221986263990402,0.0990680456161499,0.11332807689905167,0.09775519371032715,-0.13222414255142212,-0.13565188646316528,0.11482621729373932,0.09987551718950272,0.11616966873407364,0.09834165871143341,-0.1442725956439972,-0.14819326996803284,-0.0470556803047657,-0.0001369094825349748,0.2710665762424469,2.3440010409103706e-05,-0.017098693177103996,0.0012451190268620849,0.9998530149459839,-0.043510593473911285,0.0006136061274446547,0.0014451262541115284,-0.002184489043429494,-0.007501570507884026,0.001639082096517086,1.0603686571121216,-1.8401380777359009,1.0622116327285767,-1.8398271799087524,4.379149913787842,4.894011497497559,0.11908276379108429,0.01666160300374031,0.12518680095672607,0.022892365232110023,-1.1495826244354248,-1.181545615196228,-0.006921917200088501,-0.011713922023773193,0.6147445440292358,0.5820107460021973,-0.009861469268798828,-0.009353160858154297,-0.006921917200088501,-0.011713922023773193,0.6147445440292358,0.5820107460021973,-0.009861469268798828,-0.009353160858154297
74,1.5,-0.043510593473911285,0.0006136061274446547,0.0014451262541115284,-0.002184489043429494,-0.007501570507884026,0.001639082096517086,-0.03419242054224014,-4.293313395464793e-06,-0.9994152188301086,0.0,0.0,0.0,0.27000001072883606,0.0,0.2710665762424469,4.295824965083739e-06,0.1603686809539795,0.16221165657043457,0.05986189842224121,0.06017279624938965,4.379149913787842,4.894011497497559,0.11908276379108429,0.12518680095672607,0.01666160300374031,0.022892365232110023,-1.1495826244354248,-1.181545615196228,0.11482621729373932,0.09987551718950272,0.11616966873407364,0.09834165871143341,-0.1442725956439972,-0.14819326996803284,0.11721184104681015,0.1006300151348114,0.11869107931852341,0.09888540208339691,-0.15414731204509735,-0.15843304991722107,-0.047937434166669846,-0.00013906109961681068,0.271066814661026,2.3462771423510276e-05,-0.01709975115954876,0.0012454038951545954,0.9998530149459839,-0.04512087628245354,0.0007200333056971431,0.0013871416449546814,-0.0027742646634578705,-0.0015502814203500748,-0.00033500141580589116,1.0628873109817505,-1.8396971225738525,1.0648850202560425,-1.8393478393554688,4.354642868041992,4.868841171264648,0.12717311084270477,0.017952842637896538,0.1310688853263855,0.0251057930290699,-1.2290763854980469,-1.2638405561447144,-0.007839798927307129,-0.012162774801254272,0.6166151165962219,0.5807482600212097,-0.008017539978027344,-0.00941324234008789,-0.007839798927307129,-0.012162774801254272,0.6166151165962219,0.5807482600212097,-0.008017539978027344,-0.00941324234008789
75,1.52,-0.04512087628245354,0.0007200333056971431,0.0013871416449546814,-0.0027742646634578705,-0.0015502814203500748,-0.00033500141580589116,-0.03419453650712967,-4.326451744418591e-06,-0.9994152188301086,0.0,0.0,0.0,0.27000001072883606,0.0,0.271066814661026,4.328983777668327e-06,0.1628873348236084,0.1648850440979004,0.06030285358428955,0.06065213680267334,4.354642868041992,4.868841171264648,0.12717311084270477,0.1310688853263855,0.017952842637896538,0.0251057930290699,-1.2290763854980469,-1.2638405561447144,0.11721184104681015,0.1006300151348114,0.11869107931852341,0.09888540208339691,-0.15414731204509735,-0.15843304991722107,0.11933848261833191,0.10127808153629303,0.12094683200120926,0.09938037395477295,-0.16194991767406464,-0.1663680374622345,-0.04885308817028999,-0.00014187498891260475,0.2710643708705902,2.427308209007606e-05,-0.017062446102499962,0.001245955005288124,0.9998535513877869,-0.046715520322322845,0.0005892241024412215,0.0013355850242078304,-0.0022505177184939384,0.002874324331060052,-0.00017539263353683054,1.0654988288879395,-1.8392372131347656,1.0676584243774414,-1.8388521671295166,4.328864574432373,4.842368125915527,0.13092197477817535,0.019649410620331764,0.13605593144893646,0.02543114498257637,-1.2921403646469116,-1.3275237083435059,-0.008569717407226562,-0.012229740619659424,0.6194413304328918,0.5781968832015991,-0.007721900939941406,-0.00716710090637207,-0.008569717407226562,-0.012229740619659424,0.6194413304328918,0.5781968832015991,-0.007721900939941406,-0.00716710090637207
76,1.54,-0.046715520322322845,0.0005892241024412215,0.0013355850242078304,-0.0022505177184939384,0.002874324331060052,-0.00017539263353683054,-0.03411995247006416,-6.020974979037419e-06,-0.9994173645973206,0.0,0.0,0.0,0.27000001072883606,0.0,0.2710643708705902,6.024481990607455e-06,0.16549885272979736,0.16765844821929932,0.060762763023376465,0.06114780902862549,4.328864574432373,4.842368125915527,0.13092197477817535,0.13605593144893646,0.019649410620331764,0.02543114498257637,-1.2921403646469116,-1.3275237083435059,0.11933848261833191,0.10127808153629303,0.12094683200120926,0.09938037395477295,-0.16194991767406464,-0.1663680374622345,0.12122159451246262,0.10183019191026688,0.12289885431528091,0.09982255846261978,-0.16778415441513062,-0.17215311527252197,-0.049801286309957504,-0.00014371841098181903,0.27105921506881714,2.3387847249978222e-05,-0.016996409744024277,0.0012458539567887783,0.9998547434806824,-0.0482432059943676,0.0007800802704878151,0.0012563522905111313,-0.0029918712098151445,0.006261927541345358,-0.00020360453345347196,1.0681604146957397,-1.8387744426727295,1.07047438621521,-1.838343620300293,4.302124500274658,4.814945697784424,0.13349425792694092,0.019404595717787743,0.13719214498996735,0.027248980477452278,-1.3391079902648926,-1.3744481801986694,-0.00840681791305542,-0.013367980718612671,0.6196051836013794,0.5791780352592468,-0.005810260772705078,-0.007288694381713867,-0.00840681791305542,-0.013367980718612671,0.6196051836013794,0.5791780352592468,-0.005810260772705078,-0.007288694381713867
77,1.56,-0.0482432059943676,0.0007800802704878151,0.0012563522905111313,-0.0029918712098151445,0.006261927541345358,-0.00020360453345347196,-0.03398794308304787,-4.418809112394229e-06,-0.9994221329689026,0.0,0.0,0.0,0.27000001072883606,0.0,0.27105921506881714,4.4213647925062105e-06,0.16816043853759766,0.17047441005706787,0.0612255334854126,0.06165635585784912,4.302124500274658,4.814945697784424,0.13349425792694092,0.13719214498996735,0.019404595717787743,0.027248980477452278,-1.3391079902648926,-1.3744481801986694,0.12122159451246262,0.10183019191026688,0.12289885431528091,0.09982255846261978,-0.16778415441513062,-0.17215311527252197,0.12286026030778885,0.10233284533023834,0.12453718483448029,0.10021689534187317,-0.17168378829956055,-0.1759079396724701,-0.0507805161178112,-0.00014651354285888374,0.2710517346858978,2.3956376026035286e-05,-0.016913309693336487,0.0012462707236409187,0.999856173992157,-0.04969676584005356,0.0008013163460418582,0.0012285348493605852,-0.0030518940184265375,0.008232878521084785,-9.729168959893286e-05,1.0708227157592773,-1.8383104801177979,1.073286533355713,-1.8378396034240723,4.2747344970703125,4.786891460418701,0.1331053376197815,0.01977200247347355,0.13672123849391937,0.027233801782131195,-1.3709726333618164,-1.4047952890396118,-0.007966548204421997,-0.014180362224578857,0.6218391060829163,0.5780574083328247,-0.005154848098754883,-0.005403995513916016,-0.007966548204421997,-0.014180362224578857,0.6218391060829163,0.5780574083328247,-0.005154848098754883,-0.005403995513916016
78,1.58,-0.04969676584005356,0.0008013163460418582,0.0012285348493605852,-0.0030518940184265375,0.008232878521084785,-9.729168959893286e-05,-0.03382181376218796,-5.748737748945132e-06,-0.999427855014801,0.0,0.0,0.0,0.27000001072883606,0.0,0.2710517346858978,5.7520278460287955e-06,0.17082273960113525,0.1732865571975708,0.06168949604034424,0.062160372734069824,4.2747344970703125,4.786891460418701,0.1331053376197815,0.13672123849391937,0.01977200247347355,0.027233801782131195,-1.3709726333618164,-1.4047952890396118,0.12286026030778885,0.10233284533023834,0.12453718483448029,0.10021689534187317,-0.17168378829956055,-0.1759079396724701,0.12425068020820618,0.10271768271923065,0.1259021908044815,0.1005387231707573,-0.17388510704040527,-0.17782261967658997,-0.05178890377283096,-0.00014853420725557953,0.27104222774505615,2.300714004377369e-05,-0.01682329922914505,0.0012462504673749208,0.9998576641082764,-0.05102686583995819,0.0006960713653825223,0.0011691971449181437,-0.0026673616375774145,0.009454373270273209,-0.00014759486657567322,1.0734505653381348,-1.8378570079803467,1.076050043106079,-1.837340235710144,4.246964454650879,4.758511543273926,0.13099481165409088,0.01978161185979843,0.134137362241745,0.027002684772014618,-1.3890199661254883,-1.4205693006515503,-0.00913912057876587,-0.013394951820373535,0.6230942606925964,0.5770837664604187,-0.0034584999084472656,-0.0051233768463134766,-0.00913912057876587,-0.013394951820373535,0.6230942606925964,0.5770837664604187,-0.0034584999084472656,-0.0051233768463134766
79,1.6,-0.05102686583995819,0.0006960713653825223,0.0011691971449181437,-0.0026673616375774145,0.009454373270273209,-0.00014759486657567322,-0.033641863614320755,-4.075642209500074e-06,-0.9994338154792786,0.0,0.0,0.0,0.27000001072883606,0.0,0.27104222774505615,4.077949597558472e-06,0.17345058917999268,0.176050066947937,0.06214296817779541,0.06265974044799805,4.246964454650879,4.758511543273926,0.13099481165409088,0.134137362241745,0.01978161185979843,0.027002684772014618,-1.3890199661254883,-1.4205693006515503,0.12425068020820618,0.10271768271923065,0.1259021908044815,0.1005387231707573,-0.17388510704040527,-0.17782261967658997,0.12539473176002502,0.10302747786045074,0.12698666751384735,0.10082609951496124,-0.17445914447307587,-0.1779821515083313,-0.05282382667064667,-0.00015105634520296007,0.271030992269516,2.2784593966207467e-05,-0.016734642907977104,0.0012465269537642598,0.9998591542243958,-0.05224355682730675,0.0007594559574499726,0.0011467707809060812,-0.00289812870323658,0.009436415508389473,-4.425378574524075e-05,1.0760084390640259,-1.8374186754226685,1.0787264108657837,-1.8368617296218872,4.219079494476318,4.73007869720459,0.12743684649467468,0.019024133682250977,0.1293996125459671,0.026565106585621834,-1.3941740989685059,-1.4222805500030518,-0.007917076349258423,-0.014628887176513672,0.6238776445388794,0.577630877494812,-0.0028519630432128906,-0.0033555030822753906,-0.007917076349258423,-0.014628887176513672,0.6238776445388794,0.577630877494812,-0.0028519630432128906,-0.0033555030822753906
80,1.62,-0.05224355682730675,0.0007594559574499726,0.0011467707809060812,-0.00289812870323658,0.009436415508389473,-4.425378574524075e-05,-0.03346462920308113,-3.8424041122198105e-06,-0.9994397759437561,0.0,0.0,0.0,0.27000001072883606,0.0,0.271030992269516,3.844556431431556e-06,0.1760084629058838,0.1787264347076416,0.06258130073547363,0.06313824653625488,4.219079494476318,4.73007869720459,0.12743684649467468,0.1293996125459671,0.019024133682250977,0.026565106585621834,-1.3941740989685059,-1.4222805500030518,0.12539473176002502,0.10302747786045074,0.12698666751384735,0.10082609951496124,-0.17445914447307587,-0.1779821515083313,0.12632237374782562,0.10324257612228394,0.1278080940246582,0.10101942718029022,-0.1736346036195755,-0.17668405175209045,-0.05388273671269417,-0.0001539063814561814,0.27101853489875793,2.3069913368090056e-05,-0.016654841601848602,0.0012464887695387006,0.9998605251312256,-0.05329933017492294,0.0005705581279471517,0.0011393760796636343,-0.0021792131010442972,0.009136093780398369,-7.939946954138577e-06,1.0784660577774048,-1.836999773979187,1.0812877416610718,-1.8364084959030151,4.191299915313721,4.70183801651001,0.1218021810054779,0.018801111727952957,0.1240239217877388,0.024641750380396843,-1.388078212738037,-1.4121205806732178,-0.00850379467010498,-0.014031708240509033,0.624136209487915,0.5773218274116516,-0.001123189926147461,-0.003243684768676758,-0.00850379467010498,-0.014031708240509033,0.624136209487915,0.5773218274116516,-0.001123189926147461,-0.003243684768676758
81,1.6400000000000001,-0.05329933017492294,0.0005705581279471517,0.0011393760796636343,-0.0021792131010442972,0.009136093780398369,-7.939946954138577e-06,-0.0333050936460495,-4.613244527718052e-06,-0.9994452595710754,0.0,0.0,0.0,0.27000001072883606,0.0,0.27101853489875793,4.615805664798245e-06,0.1784660816192627,0.1812877655029297,0.06300020217895508,0.06359148025512695,4.191299915313721,4.70183801651001,0.1218021810054779,0.1240239217877388,0.018801111727952957,0.024641750380396843,-1.388078212738037,-1.4121205806732178,0.12632237374782562,0.10324257612228394,0.1278080940246582,0.10101942718029022,-0.1736346036195755,-0.17668405175209045,0.12700802087783813,0.1033722460269928,0.1283779889345169,0.10118407011032104,-0.1714417189359665,-0.17393362522125244,-0.054962608963251114,-0.00015673635061830282,0.2710052728652954,2.3326367227127776e-05,-0.016590408980846405,0.0012468071654438972,0.9998615980148315,-0.05423104763031006,0.0007185000577010214,0.00115673104301095,-0.002733140718191862,0.007631673011928797,-4.220088158035651e-05,1.08079993724823,-1.8366092443466187,1.0837007761001587,-1.8359872102737427,4.16385555267334,4.674010753631592,0.11571565270423889,0.017329802736639977,0.11626426130533218,0.023638498038053513,-1.3710540533065796,-1.390533685684204,-0.007374033331871033,-0.014820367097854614,0.6249856948852539,0.577896773815155,-0.0007879734039306641,-0.0014162063598632812,-0.007374033331871033,-0.014820367097854614,0.6249856948852539,0.577896773815155,-0.0007879734039306641,-0.0014162063598632812
82,1.6600000000000001,-0.05423104763031006,0.0007185000577010214,0.00115673104301095,-0.002733140718191862,0.007631673011928797,-4.220088158035651e-05,-0.03317628428339958,-5.276197043713182e-06,-0.9994495511054993,0.0,0.0,0.0,0.27000001072883606,0.0,0.2710052728652954,5.2791037887800485e-06,0.1807999610900879,0.1837007999420166,0.06339073181152344,0.06401276588439941,4.16385555267334,4.674010753631592,0.11571565270423889,0.11626426130533218,0.017329802736639977,0.023638498038053513,-1.3710540533065796,-1.390533685684204,0.12700802087783813,0.1033722460269928,0.1283779889345169,0.10118407011032104,-0.1714417189359665,-0.17393362522125244,0.12750481069087982,0.10341324657201767,0.12871535122394562,0.10123798251152039,-0.168171226978302,-0.17010906338691711,-0.05606011673808098,-0.00015909432840999216,0.27099159359931946,2.252281228720676e-05,-0.016545554623007774,0.0012466837652027607,0.9998622536659241,-0.05499247834086418,0.0007665391312912107,0.0011497775558382273,-0.0029092910699546337,0.006009761709719896,0.00010975415352731943,1.082988977432251,-1.8362531661987305,1.0859471559524536,-1.8356008529663086,4.136911392211914,4.646785259246826,0.10860227048397064,0.015464050695300102,0.10773155093193054,0.022435737773776054,-1.3451403379440308,-1.3603942394256592,-0.006781846284866333,-0.015235662460327148,0.6238018274307251,0.5794194340705872,0.0009920597076416016,-0.0018467903137207031,-0.006781846284866333,-0.015235662460327148,0.6238018274307251,0.5794194340705872,0.0009920597076416016,-0.0018467903137207031
83,1.68,-0.05499247834086418,0.0007665391312912107,0.0011497775558382273,-0.0029092910699546337,0.006009761709719896,0.00010975415352731943,-0.03308660537004471,-3.785269655054435e-06,-0.9994521737098694,0.0,0.0,0.0,0.27000001072883606,0.0,0.27099159359931946,3.7873448945902055e-06,0.1829890012741089,0.18594717979431152,0.06374680995941162,0.0643991231918335,4.136911392211914,4.646785259246826,0.10860227048397064,0.10773155093193054,0.015464050695300102,0.022435737773776054,-1.3451403379440308,-1.3603942394256592,0.12750481069087982,0.10341324657201767,0.12871535122394562,0.10123798251152039,-0.168171226978302,-0.17010906338691711,0.12779077887535095,0.1033901572227478,0.12883371114730835,0.10126323997974396,-0.16388049721717834,-0.16524505615234375,-0.05717248469591141,-0.00016232041525654495,0.2709777355194092,2.3408310880768113e-05,-0.016525087878108025,0.001247180043719709,0.9998626112937927,-0.05561927333474159,0.000767215620726347,0.0012037755222991109,-0.0029019631911069155,0.003645671298727393,0.00012006118049612269,1.0850132703781128,-1.835931658744812,1.0880098342895508,-1.835261583328247,4.110640048980713,4.620317459106445,0.100269615650177,0.013974068686366081,0.09861704707145691,0.020105447620153427,-1.3113740682601929,-1.3216465711593628,-0.005037367343902588,-0.01639549434185028,0.6239068508148193,0.5804024338722229,0.001285552978515625,-0.0003294944763183594,-0.005037367343902588,-0.01639549434185028,0.6239068508148193,0.5804024338722229,0.001285552978515625,-0.0003294944763183594
84,1.7,-0.05561927333474159,0.000767215620726347,0.0012037755222991109,-0.0029019631911069155,0.003645671298727393,0.00012006118049612269,-0.033045694231987,-5.590671207755804e-06,-0.999453604221344,0.0,0.0,0.0,0.27000001072883606,0.0,0.2709777355194092,5.593726200459059e-06,0.1850132942199707,0.1880098581314087,0.06406831741333008,0.06473839282989502,4.110640048980713,4.620317459106445,0.100269615650177,0.09861704707145691,0.013974068686366081,0.020105447620153427,-1.3113740682601929,-1.3216465711593628,0.12779077887535095,0.1033901572227478,0.12883371114730835,0.10126323997974396,-0.16388049721717834,-0.16524505615234375,0.12789583206176758,0.1032625138759613,0.1287672221660614,0.10120269656181335,-0.1588236540555954,-0.15959855914115906,-0.058296095579862595,-0.00016508466796949506,0.2709641754627228,2.3258595319930464e-05,-0.016529956832528114,0.0012467795750126243,0.9998624920845032,-0.056087374687194824,0.0007202591514214873,0.0012407854665070772,-0.0027252621948719025,0.0012744185514748096,9.400612179888412e-05,1.0868630409240723,-1.8356515169143677,1.0898749828338623,-1.8349658250808716,4.085160732269287,4.594742774963379,0.09139394015073776,0.012213415466248989,0.08898580074310303,0.01772172376513481,-1.2711637020111084,-1.276750922203064,-0.005624175071716309,-0.01532389223575592,0.6235479116439819,0.5807581543922424,0.0025911331176757812,-0.0005230903625488281,-0.005624175071716309,-0.01532389223575592,0.6235479116439819,0.5807581543922424,0.0025911331176757812,-0.0005230903625488281
85,1.72,-0.056087374687194824,0.0007202591514214873,0.0012407854665070772,-0.0027252621948719025,0.0012744185514748096,9.400612179888412e-05,-0.03305542841553688,-5.292371497489512e-06,-0.9994531273841858,0.0,0.0,0.0,0.27000001072883606,0.0,0.2709641754627228,5.295264145388501e-06,0.18686306476593018,0.18987500667572021,0.06434845924377441,0.06503415107727051,4.085160732269287,4.594742774963379,0.09139394015073776,0.08898580074310303,0.012213415466248989,0.01772172376513481,-1.2711637020111084,-1.276750922203064,0.12789583206176758,0.1032625138759613,0.1287672221660614,0.10120269656181335,-0.1588236540555954,-0.15959855914115906,0.12782379984855652,0.10307720303535461,0.1285191774368286,0.10110770165920258,-0.1530640423297882,-0.15325745940208435,-0.059428438544273376,-0.0001674650702625513,0.2709510028362274,2.2547072148881853e-05,-0.01656329818069935,0.0012470822548493743,0.9998619556427002,-0.0564352348446846,0.000532948353793472,0.0012936806306242943,-0.002023886889219284,-0.0017173356609418988,0.00011576731048990041,1.088527798652649,-1.835417628288269,1.0915313959121704,-1.834720253944397,4.060591220855713,4.570167541503906,0.08189211785793304,0.010614948347210884,0.07897297292947769,0.014749730005860329,-1.2255771160125732,-1.22608482837677,-0.0042594969272613525,-0.015844225883483887,0.6238086223602295,0.5809962153434753,0.0024094581604003906,0.0011544227600097656,-0.0042594969272613525,-0.015844225883483887,0.6238086223602295,0.5809962153434753,0.0024094581604003906,0.0011544227600097656
86,1.74,-0.0564352348446846,0.000532948353793472,0.0012936806306242943,-0.002023886889219284,-0.0017173356609418988,0.00011576731048990041,-0.03312207758426666,-3.7763275031466037e-06,-0.9994509816169739,0.0,0.0,0.0,0.27000001072883606,0.0,0.2709510028362274,3.7784000141982688e-06,0.18852782249450684,0.19153141975402832,0.06458234786987305,0.06527972221374512,4.060591220855713,4.570167541503906,0.08189211785793304,0.07897297292947769,0.010614948347210884,0.014749730005860329,-1.2255771160125732,-1.22608482837677,0.12782379984855652,0.10307720303535461,0.1285191774368286,0.10110770165920258,-0.1530640423297882,-0.15325745940208435,0.12760281562805176,0.1028037741780281,0.12812866270542145,0.10094352066516876,-0.14688585698604584,-0.14648190140724182,-0.06056675687432289,-0.00017044515698216856,0.2709386348724365,2.2757985789212398e-05,-0.016626326367259026,0.0012467121705412865,0.999860942363739,-0.056638799607753754,0.0006711874157190323,0.0013362590689212084,-0.002518536988645792,-0.004537122789770365,0.0003462888125795871,1.0900015830993652,-1.835227131843567,1.0929784774780273,-1.834527611732483,4.036999225616455,4.5466718673706055,0.07269051671028137,0.007898848503828049,0.06829635053873062,0.012926035560667515,-1.17610502243042,-1.1723445653915405,-0.0035728812217712402,-0.016055643558502197,0.6210647225379944,0.5843504667282104,0.003860950469970703,0.00019240379333496094,-0.0035728812217712402,-0.016055643558502197,0.6210647225379944,0.5843504667282104,0.003860950469970703,0.00019240379333496094
87,1.76,-0.056638799607753754,0.0006711874157190323,0.0013362590689212084,-0.002518536988645792,-0.004537122789770365,0.0003462888125795871,-0.03324808552861214,-4.0531558624934405e-06,-0.9994469285011292,0.0,0.0,0.0,0.27000001072883606,0.0,0.2709386348724365,4.0553991311753634e-06,0.19000160694122314,0.19297850131988525,0.0647728443145752,0.06547236442565918,4.036999225616455,4.5466718673706055,0.07269051671028137,0.06829635053873062,0.007898848503828049,0.012926035560667515,-1.17610502243042,-1.1723445653915405,0.12760281562805176,0.1028037741780281,0.12812866270542145,0.10094352066516876,-0.14688585698604584,-0.14648190140724182,0.12725530564785004,0.10250941663980484,0.12758883833885193,0.10073865950107574,-0.14030693471431732,-0.13940927386283875,-0.06170863285660744,-0.000173652806552127,0.2709270715713501,2.355936521780677e-05,-0.016720294952392578,0.0012470828369259834,0.9998593330383301,-0.05673489347100258,0.0006199809140525758,0.001418904634192586,-0.0023342359345406294,-0.007631754036992788,0.00018674023158382624,1.0912803411483765,-1.8350820541381836,1.0942139625549316,-1.8343901634216309,4.014455795288086,4.524299144744873,0.06292592734098434,0.0059810527600348,0.058015126734972,0.009777344763278961,-1.1239112615585327,-1.1156352758407593,-0.002138286828994751,-0.016551658511161804,0.6212820410728455,0.5843968987464905,0.003508329391479492,0.0015702247619628906,-0.002138286828994751,-0.016551658511161804,0.6212820410728455,0.5843968987464905,0.003508329391479492,0.0015702247619628906
88,1.78,-0.05673489347100258,0.0006199809140525758,0.001418904634192586,-0.0023342359345406294,-0.007631754036992788,0.00018674023158382624,-0.033435944467782974,-5.408917786553502e-06,-0.9994404911994934,0.0,0.0,0.0,0.27000001072883606,0.0,0.2709270715713501,5.4119441301736515e-06,0.19128036499023438,0.19421398639678955,0.0649179220199585,0.06560981273651123,4.014455795288086,4.524299144744873,0.06292592734098434,0.058015126734972,0.0059810527600348,0.009777344763278961,-1.1239112615585327,-1.1156352758407593,0.12725530564785004,0.10250941663980484,0.12758883833885193,0.10073865950107574,-0.14030693471431732,-0.13940927386283875,0.12678581476211548,0.10213416814804077,0.1269577145576477,0.10048122704029083,-0.13359014689922333,-0.13220837712287903,-0.06285163015127182,-0.0001764405460562557,0.27091673016548157,2.3637001504539512e-05,-0.01684434711933136,0.001247434876859188,0.9998573064804077,-0.056715454906225204,0.0005241394974291325,0.0014833093155175447,-0.0020692707039415836,-0.010524905286729336,-0.0006346562877297401,1.0923665761947632,-1.8349852561950684,1.0952402353286743,-1.8343020677566528,3.9929795265197754,4.503079891204834,0.05374032258987427,0.004035389982163906,0.04747847840189934,0.006821539718657732,-1.0706441402435303,-1.0576633214950562,-6.899237632751465e-05,-0.017821453511714935,0.6205669641494751,0.5849604606628418,0.004171133041381836,0.0013813972473144531,-6.899237632751465e-05,-0.017821453511714935,0.6205669641494751,0.5849604606628418,0.004171133041381836,0.0013813972473144531
89,1.8,-0.056715454906225204,0.0005241394974291325,0.0014833093155175447,-0.0020692707039415836,-0.010524905286729336,-0.0006346562877297401,-0.03368394821882248,-5.2428076742216945e-06,-0.999432384967804,0.0,0.0,0.0,0.27000001072883606,0.0,0.27091673016548157,5.2457835408858955e-06,0.1923666000366211,0.19524025917053223,0.06501471996307373,0.06569790840148926,3.9929795265197754,4.503079891204834,0.05374032258987427,0.04747847840189934,0.004035389982163906,0.006821539718657732,-1.0706441402435303,-1.0576633214950562,0.12678581476211548,0.10213416814804077,0.1269577145576477,0.10048122704029083,-0.13359014689922333,-0.13220837712287903,0.12622138857841492,0.10172832012176514,0.12624135613441467,0.10020206868648529,-0.12684078514575958,-0.12499178200960159,-0.06399370729923248,-0.00017895209020935,0.2709072232246399,2.3225567929330282e-05,-0.01699686609208584,0.001247131498530507,0.9998547434806824,-0.05660901218652725,0.00035883247619494796,0.001547579886391759,-0.001350037520751357,-0.013482684269547462,0.00020366592798382044,1.0932663679122925,-1.8349357843399048,1.0960606336593628,-1.8342666625976562,3.972585678100586,4.483008861541748,0.04369434714317322,0.00211428408510983,0.038201652467250824,0.0037842215970158577,-1.0164427757263184,-1.0003894567489624,-0.0014458000659942627,-0.015603281557559967,0.6195831894874573,0.5862429141998291,0.0036733150482177734,0.0022116899490356445,-0.0014458000659942627,-0.015603281557559967,0.6195831894874573,0.5862429141998291,0.0036733150482177734,0.0022116899490356445
90,1.82,-0.05660901218652725,0.00035883247619494796,0.001547579886391759,-0.001350037520751357,-0.013482684269547462,0.00020366592798382044,-0.03398885577917099,-4.049732524435967e-06,-0.9994221329689026,0.0,0.0,0.0,0.27000001072883606,0.0,0.2709072232246399,4.052074928040383e-06,0.1932663917541504,0.1960606575012207,0.0650641918182373,0.06573331356048584,3.972585678100586,4.483008861541748,0.04369434714317322,0.038201652467250824,0.00211428408510983,0.0037842215970158577,-1.0164427757263184,-1.0003894567489624,0.12622138857841492,0.10172832012176514,0.12624135613441467,0.10020206868648529,-0.12684078514575958,-0.12499178200960159,0.12558859586715698,0.10129879415035248,0.12545610964298248,0.0998947024345398,-0.12021160870790482,-0.11796628683805466,-0.06513291597366333,-0.0001821049809223041,0.27089887857437134,2.4042890800046735e-05,-0.01717696152627468,0.0012467748019844294,0.999851644039154,-0.0564163513481617,0.000563250039704144,0.0016171206953004003,-0.0018903125310316682,-0.01624557003378868,0.0021997997537255287,1.09398353099823,-1.83492910861969,1.0966871976852417,-1.8342820405960083,3.953251838684082,4.46406364440918,0.03399553522467613,-0.0007358900620602071,0.029445301741361618,0.0019927762914448977,-0.9631949067115784,-0.9443711638450623,-0.0006047263741493225,-0.01564890146255493,0.6181429028511047,0.587821900844574,0.0038222074508666992,0.0021287202835083008,-0.0006047263741493225,-0.01564890146255493,0.6181429028511047,0.587821900844574,0.0038222074508666992,0.0021287202835083008
91,1.84,-0.0564163513481617,0.000563250039704144,0.0016171206953004003,-0.0018903125310316682,-0.01624557003378868,0.0021997997537255287,-0.03434888646006584,-5.247042281553149e-06,-0.9994097352027893,0.0,0.0,0.0,0.27000001072883606,0.0,0.27089887857437134,5.25014093000209e-06,0.1939835548400879,0.1966872215270996,0.06507086753845215,0.06571793556213379,3.953251838684082,4.46406364440918,0.03399553522467613,0.029445301741361618,-0.0007358900620602071,0.0019927762914448977,-0.9631949067115784,-0.9443711638450623,0.12558859586715698,0.10129879415035248,0.12545610964298248,0.0998947024345398,-0.12021160870790482,-0.11796628683805466,0.12491406500339508,0.10088061541318893,0.12461209297180176,0.09955856204032898,-0.11376859992742538,-0.11127438396215439,-0.06626756489276886,-0.00018429521878715605,0.27089157700538635,2.3152955691330135e-05,-0.01738051511347294,0.001247134292498231,0.9998480677604675,-0.056151360273361206,0.0005286691011860967,0.00167759507894516,-0.0020078904926776886,-0.018663626164197922,0.00011145902681164443,1.0945284366607666,-1.8349663019180298,1.097129225730896,-1.8343396186828613,3.934948444366455,4.446196556091309,0.026719680055975914,-0.002807910554111004,0.01918588951230049,-0.0003150128177367151,-0.9118196964263916,-0.8907086253166199,0.00031488388776779175,-0.015890248119831085,0.6174531579017639,0.5886087417602539,0.0036306381225585938,0.002020716667175293,0.00031488388776779175,-0.015890248119831085,0.6174531579017639,0.5886087417602539,0.0036306381225585938,0.002020716667175293
92,1.86,-0.056151360273361206,0.0005286691011860967,0.00167759507894516,-0.0020078904926776886,-0.018663626164197922,0.00011145902681164443,-0.034755807369947433,-2.9472030291799456e-06,-0.9993954300880432,0.0,0.0,0.0,0.27000001072883606,0.0,0.27089157700538635,2.9489851840480696e-06,0.1945284605026245,0.1971292495727539,0.0650336742401123,0.06566035747528076,3.934948444366455,4.446196556091309,0.026719680055975914,0.01918588951230049,-0.002807910554111004,-0.0003150128177367151,-0.9118196964263916,-0.8907086253166199,0.12491406500339508,0.10088061541318893,0.12461209297180176,0.09955856204032898,-0.11376859992742538,-0.11127438396215439,0.12418701499700546,0.10042707622051239,0.12378574907779694,0.09923013299703598,-0.10773090273141861,-0.10493867844343185,-0.06739618629217148,-0.00018762648687697947,0.27088525891304016,2.4379181922995485e-05,-0.017605425789952278,0.0012471606023609638,0.9998441934585571,-0.05583250895142555,0.00045738756307400763,0.0017401718068867922,-0.0017159702256321907,-0.020998403429985046,0.00017663750622887164,1.0949100255966187,-1.8350385427474976,1.0974029302597046,-1.8344424962997437,3.9176182746887207,4.429340839385986,0.01856604591012001,-0.0043367804028093815,0.011231174692511559,-0.0028753401711583138,-0.8634586334228516,-0.8399810194969177,3.37548553943634e-05,-0.014775538817048073,0.6163829565048218,0.5894957780838013,0.0036138296127319336,0.0018815994262695312,3.37548553943634e-05,-0.014775538817048073,0.6163829565048218,0.5894957780838013,0.0036138296127319336,0.0018815994262695312
93,1.8800000000000001,-0.05583250895142555,0.00045738756307400763,0.0017401718068867922,-0.0017159702256321907,-0.020998403429985046,0.00017663750622887164,-0.0352054238319397,-4.837180313188583e-06,-0.9993799328804016,0.0,0.0,0.0,0.27000001072883606,0.0,0.27088525891304016,4.84017982671503e-06,0.19491004943847656,0.1974029541015625,0.06496143341064453,0.06555747985839844,3.9176182746887207,4.429340839385986,0.01856604591012001,0.011231174692511559,-0.0043367804028093815,-0.0028753401711583138,-0.8634586334228516,-0.8399810194969177,0.12418701499700546,0.10042707622051239,0.12378574907779694,0.09923013299703598,-0.10773090273141861,-0.10493867844343185,0.12346518039703369,0.09998774528503418,0.12294789403676987,0.0988931953907013,-0.102177195250988,-0.09915757924318314,-0.06851762533187866,-0.00018997496226802468,0.270879864692688,2.383995524724014e-05,-0.017848869785666466,0.0012469920329749584,0.9998398423194885,-0.055460114032030106,0.0003390100901015103,0.0017913463525474072,-0.0011267042718827724,-0.0228923037648201,0.0015345520805567503,1.0951470136642456,-1.8351473808288574,1.097521185874939,-1.8345787525177002,3.90118145942688,4.413420677185059,0.010550172999501228,-0.005871752742677927,0.0046332888305187225,-0.004974011797457933,-0.8192513585090637,-0.7932989001274109,0.0024794843047857285,-0.016584360972046852,0.6161701083183289,0.5894331336021423,0.002799510955810547,0.002103567123413086,0.0024794843047857285,-0.016584360972046852,0.6161701083183289,0.5894331336021423,0.002799510955810547,0.002103567123413086
94,1.9000000000000001,-0.055460114032030106,0.0003390100901015103,0.0017913463525474072,-0.0011267042718827724,-0.0228923037648201,0.0015345520805567503,-0.03569208085536957,-3.1574782042298466e-06,-0.9993625283241272,0.0,0.0,0.0,0.27000001072883606,0.0,0.270879864692688,3.1594911433785455e-06,0.19514703750610352,0.19752120971679688,0.06485259532928467,0.0654212236404419,3.90118145942688,4.413420677185059,0.010550172999501228,0.0046332888305187225,-0.005871752742677927,-0.004974011797457933,-0.8192513585090637,-0.7932989001274109,0.12346518039703369,0.09998774528503418,0.12294789403676987,0.0988931953907013,-0.102177195250988,-0.09915757924318314,0.12274955958127975,0.09958434104919434,0.12212032079696655,0.0985850989818573,-0.09714268893003464,-0.0939573422074318,-0.06963099539279938,-0.0001929497520904988,0.2708754539489746,2.4459224732709117e-05,-0.01810544729232788,0.0012469844659790397,0.9998353123664856,-0.05505295470356941,0.0004731323570013046,0.0018311351304873824,-0.0017792282160371542,-0.02441808022558689,0.00022784239263273776,1.0952513217926025,-1.8352820873260498,1.0975019931793213,-1.8347474336624146,3.885559320449829,4.398338317871094,0.005205737892538309,-0.007776825688779354,-0.00318132434040308,-0.005890560802072287,-0.7783995866775513,-0.7520818114280701,0.0017933398485183716,-0.015277348458766937,0.6126774549484253,0.5930231809616089,0.0032967329025268555,0.0010247230529785156,0.0017933398485183716,-0.015277348458766937,0.6126774549484253,0.5930231809616089,0.0032967329025268555,0.0010247230529785156
95,1.92,-0.05505295470356941,0.0004731323570013046,0.0018311351304873824,-0.0017792282160371542,-0.02441808022558689,0.00022784239263273776,-0.0362049899995327,-3.7559730117209256e-06,-0.9993444085121155,0.0,0.0,0.0,0.27000001072883606,0.0,0.2708754539489746,3.7584352412523003e-06,0.19525134563446045,0.1975020170211792,0.06471788883209229,0.06525254249572754,3.885559320449829,4.398338317871094,0.005205737892538309,-0.00318132434040308,-0.007776825688779354,-0.005890560802072287,-0.7783995866775513,-0.7520818114280701,0.12274955958127975,0.09958434104919434,0.12212032079696655,0.0985850989818573,-0.09714268893003464,-0.0939573422074318,0.12205733358860016,0.09920648485422134,0.12133988738059998,0.09828432649374008,-0.09270171076059341,-0.08941981941461563,-0.07073561102151871,-0.00019542701193131506,0.2708718478679657,2.429649975965731e-05,-0.018373295664787292,0.00124726677313447,0.9998303651809692,-0.054624270647764206,0.0004483427619561553,0.0018830625340342522,-0.0016911375569179654,-0.025709956884384155,0.00017826820840127766,1.095240831375122,-1.835442304611206,1.0973625183105469,-1.834938883781433,3.870656728744507,4.3839898109436035,-0.0004051464784424752,-0.008886477909982204,-0.008922777138650417,-0.007252450566738844,-0.742786169052124,-0.7155842781066895,0.0013519625645130873,-0.01418861374258995,0.6131579875946045,0.5922247171401978,0.0026590824127197266,0.001053929328918457,0.0013519625645130873,-0.01418861374258995,0.6131579875946045,0.5922247171401978,0.0026590824127197266,0.001053929328918457
96,1.94,-0.054624270647764206,0.0004483427619561553,0.0018830625340342522,-0.0016911375569179654,-0.025709956884384155,0.00017826820840127766,-0.036740418523550034,-2.7519527066033334e-06,-0.99932461977005,0.0,0.0,0.0,0.27000001072883606,0.0,0.2708718478679657,2.753812623268459e-06,0.19524085521697998,0.19736254215240479,0.06455767154693604,0.06506109237670898,3.870656728744507,4.3839898109436035,-0.0004051464784424752,-0.008922777138650417,-0.008886477909982204,-0.007252450566738844,-0.742786169052124,-0.7155842781066895,0.12205733358860016,0.09920648485422134,0.12133988738059998,0.09828432649374008,-0.09270171076059341,-0.08941981941461563,0.1214035376906395,0.09885437041521072,0.12061196565628052,0.09800665080547333,-0.08892893046140671,-0.08558986335992813,-0.07183082401752472,-0.00019821691967081279,0.2708689868450165,2.472390769980848e-05,-0.01864742860198021,0.001246956060640514,0.9998253583908081,-0.05417562276124954,0.000557956111151725,0.0019376719137653708,-0.001955036772415042,-0.026452403515577316,0.0015837510582059622,1.0951296091079712,-1.8356186151504517,1.0971235036849976,-1.8351500034332275,3.8563649654388428,4.370265483856201,-0.005702217575162649,-0.010280718095600605,-0.013180120848119259,-0.007965468801558018,-0.712577223777771,-0.6845868825912476,0.0044028665870428085,-0.016864662989974022,0.6114876866340637,0.5937132239341736,0.0021005868911743164,0.0005767345428466797,0.0044028665870428085,-0.016864662989974022,0.6114876866340637,0.5937132239341736,0.0021005868911743164,0.0005767345428466797
97,1.96,-0.05417562276124954,0.000557956111151725,0.0019376719137653708,-0.001955036772415042,-0.026452403515577316,0.0015837510582059622,-0.03728840872645378,-2.934131771326065e-06,-0.9993045926094055,0.0,0.0,0.0,0.27000001072883606,0.0,0.2708689868450165,2.9361747237999225e-06,0.1951296329498291,0.19712352752685547,0.06438136100769043,0.06484997272491455,3.8563649654388428,4.370265483856201,-0.005702217575162649,-0.013180120848119259,-0.010280718095600605,-0.007965468801558018,-0.712577223777771,-0.6845868825912476,0.1214035376906395,0.09885437041521072,0.12061196565628052,0.09800665080547333,-0.08892893046140671,-0.08558986335992813,0.12080098688602448,0.09856341779232025,0.11992597579956055,0.0977630764245987,-0.08574872463941574,-0.08244631439447403,-0.07291651517152786,-0.00020139827392995358,0.27086687088012695,2.5866082069114782e-05,-0.018923763185739517,0.0012471171794459224,0.9998201131820679,-0.05372877046465874,0.00047768669901415706,0.0019864460919052362,-0.0018179845064878464,-0.02686852216720581,-2.7923219022341073e-05,1.0949349403381348,-1.8358055353164673,1.0968021154403687,-1.8353737592697144,3.8425934314727783,4.357052803039551,-0.009185545146465302,-0.010413015261292458,-0.017667682841420174,-0.009089800529181957,-0.6867947578430176,-0.6594060659408569,0.001843418926000595,-0.013807356357574463,0.6113370656967163,0.5936093330383301,0.0019127130508422852,3.635883331298828e-05,0.001843418926000595,-0.013807356357574463,0.6113370656967163,0.5936093330383301,0.0019127130508422852,3.635883331298828e-05
98,1.98,-0.05372877046465874,0.00047768669901415706,0.0019864460919052362,-0.0018179845064878464,-0.02686852216720581,-2.7923219022341073e-05,-0.03784077987074852,-4.52255699201487e-06,-0.9992836117744446,0.0,0.0,0.0,0.27000001072883606,0.0,0.27086687088012695,4.525798431131989e-06,0.19493496417999268,0.19680213928222656,0.0641944408416748,0.06462621688842773,3.8425934314727783,4.357052803039551,-0.009185545146465302,-0.017667682841420174,-0.010413015261292458,-0.009089800529181957,-0.6867947578430176,-0.6594060659408569,0.12080098688602448,0.09856341779232025,0.11992597579956055,0.0977630764245987,-0.08574872463941574,-0.08244631439447403,0.12023888528347015,0.09827907383441925,0.1193385124206543,0.09755125641822815,-0.08326239138841629,-0.07997296005487442,-0.07399288564920425,-0.00020410818979144096,0.2708655595779419,2.6275372874806635e-05,-0.019200751557946205,0.001247087842784822,0.9998148679733276,-0.0532929003238678,0.00044133549090474844,0.002026110654696822,-0.0016728778136894107,-0.02708086371421814,2.8670830943156034e-05,1.094674825668335,-1.8360003232955933,1.0964148044586182,-1.8356027603149414,3.8292312622070312,4.344242572784424,-0.012400906533002853,-0.010713493451476097,-0.020613374188542366,-0.00963282398879528,-0.6666678190231323,-0.639461874961853,0.001738743856549263,-0.01329057291150093,0.6104387044906616,0.5938601493835449,0.0012371540069580078,-0.0001207590103149414,0.001738743856549263,-0.01329057291150093,0.6104387044906616,0.5938601493835449,0.0012371540069580078,-0.0001207590103149414
99,2.0,-0.0532929003238678,0.00044133549090474844,0.002026110654696822,-0.0016728778136894107,-0.02708086371421814,2.8670830943156034e-05,-0.03839446231722832,-4.650970367947593e-06,-0.9992626309394836,0.0,0.0,0.0,0.27000001072883606,0.0,0.2708655595779419,4.654400981962681e-06,0.19467484951019287,0.19641482830047607,0.06399965286254883,0.06439721584320068,3.8292312622070312,4.344242572784424,-0.012400906533002853,-0.020613374188542366,-0.010713493451476097,-0.00963282398879528,-0.6666678190231323,-0.639461874961853,0.12023888528347015,0.09827907383441925,0.1193385124206543,0.09755125641822815,-0.08326239138841629,-0.07997296005487442,0.11975641548633575,0.09804876893758774,0.11881768703460693,0.09736204147338867,-0.08144884556531906,-0.07822466641664505,-0.07505989074707031,-0.00020660260634031147,0.27086466550827026,2.6236079065711237e-05,-0.019473766908049583,0.0012468310305848718,0.9998095631599426,-0.05286683142185211,0.0005488663446158171,0.0020561483688652515,-0.0018680405337363482,-0.026845142245292664,0.0019056275486946106,1.0943659543991089,-1.8361992835998535,1.095981240272522,-1.8358327150344849,3.8161699771881104,4.331724166870117,-0.015497885644435883,-0.011381054297089577,-0.021959520876407623,-0.00935326237231493,-0.6517589092254639,-0.6253997683525085,0.0015343297272920609,-0.01286156103014946,0.6103937029838562,0.5937643051147461,0.0006704330444335938,-0.0005831718444824219,0.0015343297272920609,-0.01286156103014946,0.6103937029838562,0.5937643051147461,0.0006704330444335938,-0.0005831718444824219
100,2.02,-0.05286683142185211,0.0005488663446158171,0.0020561483688652515,-0.0018680405337363482,-0.026845142245292664,0.0019056275486946106,-0.0389401838183403,-3.90117202186957e-06,-0.9992414116859436,0.0,0.0,0.0,0.27000001072883606,0.0,0.27086466550827026,3.9041342461132444e-06,0.1943659782409668,0.19598126411437988,0.06380069255828857,0.06416726112365723,3.8161699771881104,4.331724166870117,-0.015497885644435883,-0.021959520876407623,-0.011381054297089577,-0.00935326237231493,-0.6517589092254639,-0.6253997683525085,0.11975641548633575,0.09804876893758774,0.11881768703460693,0.09736204147338867,-0.08144884556531906,-0.07822466641664505,0.1193460077047348,0.09788499772548676,0.11836038529872894,0.09721136093139648,-0.08020893484354019,-0.07714565843343735,-0.07611794769763947,-0.00020911477622576058,0.2708643674850464,2.6424140742165036e-05,-0.019739311188459396,0.0012472366215661168,0.9998043775558472,-0.05246522277593613,0.0003349929174873978,0.002078100573271513,-0.001277160830795765,-0.026311231777071953,2.4512981326552108e-05,1.0940213203430176,-1.8363953828811646,1.0955173969268799,-1.836058497428894,3.803313970565796,4.319391250610352,-0.016418609768152237,-0.010653926059603691,-0.02409830316901207,-0.00968893337994814,-0.6418390870094299,-0.6164156198501587,0.002015460282564163,-0.013147380203008652,0.609504759311676,0.5942635536193848,0.0001016855239868164,-0.0009981393814086914,0.002015460282564163,-0.013147380203008652,0.609504759311676,0.5942635536193848,0.0001016855239868164,-0.0009981393814086914
101,2.04,-0.05246522277593613,0.0003349929174873978,0.002078100573271513,-0.001277160830795765,-0.026311231777071953,2.4512981326552108e-05,-0.039470966905355453,-3.598757757572457e-06,-0.9992206692695618,0.0,0.0,0.0,0.27000001072883606,0.0,0.2708643674850464,3.6015653677168302e-06,0.1940213441848755,0.1955174207687378,0.06360459327697754,0.06394147872924805,3.803313970565796,4.319391250610352,-0.016418609768152237,-0.02409830316901207,-0.010653926059603691,-0.00968893337994814,-0.6418390870094299,-0.6164156198501587,0.1193460077047348,0.09788499772548676,0.11836038529872894,0.09721136093139648,-0.08020893484354019,-0.07714565843343735,0.11898858100175858,0.09772416949272156,0.11802311986684799,0.09710380434989929,-0.07963644713163376,-0.07664505392313004,-0.07716770470142365,-0.00021153093257453293,0.2708646357059479,2.63273213931825e-05,-0.019995693117380142,0.0012469470966607332,0.9997992515563965,-0.052091632038354874,0.000530633726157248,0.0021095259580761194,-0.002021331572905183,-0.025549178943037987,3.937658038921654e-05,1.0936589241027832,-1.8365848064422607,1.0950371026992798,-1.8362764120101929,3.7905635833740234,4.30714225769043,-0.016764992848038673,-0.01108942274004221,-0.025213122367858887,-0.00864117406308651,-0.6368000507354736,-0.6125090718269348,0.0016998499631881714,-0.012759335339069366,0.6081169247627258,0.5955367088317871,-0.0001519918441772461,-0.0017762184143066406,0.0016998499631881714,-0.012759335339069366,0.6081169247627258,0.5955367088317871,-0.0001519918441772461,-0.0017762184143066406
102,2.06,-0.052091632038354874,0.000530633726157248,0.0021095259580761194,-0.002021331572905183,-0.025549178943037987,3.937658038921654e-05,-0.03998342528939247,-2.776927431114018e-06,-0.999200165271759,0.0,0.0,0.0,0.27000001072883606,0.0,0.2708646357059479,2.7791513730335282e-06,0.1936589479446411,0.1950371265411377,0.06341516971588135,0.06372356414794922,3.7905635833740234,4.30714225769043,-0.016764992848038673,-0.025213122367858887,-0.01108942274004221,-0.00864117406308651,-0.6368000507354736,-0.6125090718269348,0.11898858100175858,0.09772416949272156,0.11802311986684799,0.09710380434989929,-0.07963644713163376,-0.07664505392313004,0.11873161047697067,0.0976358950138092,0.11774450540542603,0.09700402617454529,-0.07958170026540756,-0.07677756994962692,-0.07820990681648254,-0.00021398690296337008,0.2708653509616852,2.632628456922248e-05,-0.02024105377495289,0.0012469023931771517,0.9997943043708801,-0.051750391721725464,0.0005092445062473416,0.0021352549083530903,-0.0019426119979470968,-0.02453065849840641,1.4032848412171006e-05,1.093289852142334,-1.8367652893066406,1.094557762145996,-1.836483120918274,3.7778306007385254,4.294882774353027,-0.017001107335090637,-0.010614320635795593,-0.0250625628978014,-0.008234918117523193,-0.6362201571464539,-0.6132999062538147,0.0011972486972808838,-0.012191396206617355,0.6088747382164001,0.5944330096244812,-0.0007109642028808594,-0.002137303352355957,0.0011972486972808838,-0.012191396206617355,0.6088747382164001,0.5944330096244812,-0.0007109642028808594,-0.002137303352355957
103,2.08,-0.051750391721725464,0.0005092445062473416,0.0021352549083530903,-0.0019426119979470968,-0.02453065849840641,1.4032848412171006e-05,-0.04047384858131409,-2.164502802770585e-06,-0.9991803765296936,0.0,0.0,0.0,0.27000001072883606,0.0,0.2708653509616852,2.1662776816810947e-06,0.1932898759841919,0.194557785987854,0.06323468685150146,0.06351685523986816,3.7778306007385254,4.294882774353027,-0.017001107335090637,-0.0250625628978014,-0.010614320635795593,-0.008234918117523193,-0.6362201571464539,-0.6132999062538147,0.11873161047697067,0.0976358950138092,0.11774450540542603,0.09700402617454529,-0.07958170026540756,-0.07677756994962692,0.11853507906198502,0.09757054597139359,0.11756080389022827,0.09694517403841019,-0.08005223423242569,-0.07742870599031448,-0.07924465090036392,-0.00021669341367669404,0.2708662152290344,2.6841491489904e-05,-0.020470554009079933,0.0012464893516153097,0.9997895956039429,-0.05143861472606659,0.0005758595652878284,0.002155099529772997,-0.00218550325371325,-0.023084457963705063,0.00010298234701622277,1.0929267406463623,-1.8369317054748535,1.0940918922424316,-1.836676001548767,3.7650301456451416,4.282530307769775,-0.01653204672038555,-0.010306035168468952,-0.024414358660578728,-0.007322340272367001,-0.6395931243896484,-0.6184569597244263,0.00044789910316467285,-0.011553194373846054,0.6074497699737549,0.5953230857849121,-0.00028967857360839844,-0.003666400909423828,0.00044789910316467285,-0.011553194373846054,0.6074497699737549,0.5953230857849121,-0.00028967857360839844,-0.003666400909423828
104,2.1,-0.05143861472606659,0.0005758595652878284,0.002155099529772997,-0.00218550325371325,-0.023084457963705063,0.00010298234701622277,-0.040932562202215195,-2.6390334824100137e-06,-0.9991615414619446,0.0,0.0,0.0,0.27000001072883606,0.0,0.2708662152290344,2.6412478746351553e-06,0.19292676448822021,0.19409191608428955,0.06306827068328857,0.063323974609375,3.7650301456451416,4.282530307769775,-0.01653204672038555,-0.024414358660578728,-0.010306035168468952,-0.007322340272367001,-0.6395931243896484,-0.6184569597244263,0.11853507906198502,0.09757054597139359,0.11756080389022827,0.09694517403841019,-0.08005223423242569,-0.07742870599031448,0.11840708553791046,0.09755551815032959,0.11744336783885956,0.09692308306694031,-0.08090273290872574,-0.07849474996328354,-0.08027324825525284,-0.00021928038040641695,0.27086758613586426,2.7178215532330796e-05,-0.02068450301885605,0.0012467220658436418,0.9997852444648743,-0.051177166402339935,0.0005991941434331238,0.00218325387686491,-0.0022885764483362436,-0.021688811480998993,-6.171510904096067e-06,1.0925772190093994,-1.8370839357376099,1.093648910522461,-1.8368514776229858,3.752103090286255,4.270010471343994,-0.01558308582752943,-0.009673976339399815,-0.023357952013611794,-0.006415718235075474,-0.6462900042533875,-0.6267392635345459,0.0016893520951271057,-0.01277000829577446,0.60711270570755,0.595405638217926,-0.0014955997467041016,-0.003140687942504883,0.0016893520951271057,-0.01277000829577446,0.60711270570755,0.595405638217926,-0.0014955997467041016,-0.003140687942504883
105,2.12,-0.051177166402339935,0.0005991941434331238,0.00218325387686491,-0.0022885764483362436,-0.021688811480998993,-6.171510904096067e-06,-0.04136018827557564,-2.7691057766787708e-06,-0.9991441965103149,0.0,0.0,0.0,0.27000001072883606,0.0,0.27086758613586426,2.7714781936083455e-06,0.19257724285125732,0.19364893436431885,0.06291604042053223,0.06314849853515625,3.752103090286255,4.270010471343994,-0.01558308582752943,-0.023357952013611794,-0.009673976339399815,-0.006415718235075474,-0.6462900042533875,-0.6267392635345459,0.11840708553791046,0.09755551815032959,0.11744336783885956,0.09692308306694031,-0.08090273290872574,-0.07849474996328354,0.11834409832954407,0.09755689650774002,0.11740461736917496,0.09691367298364639,-0.08215964585542679,-0.07995618134737015,-0.0812964141368866,-0.00022166884446050972,0.27086925506591797,2.7166886866325513e-05,-0.020881837233901024,0.0012469303328543901,0.9997811913490295,-0.05095486342906952,0.0005240660393610597,0.0022007799707353115,-0.002001653192564845,-0.020112503319978714,-7.000227924436331e-06,1.0922532081604004,-1.8372206687927246,1.0932369232177734,-1.8370078802108765,3.7389824390411377,4.257264137268066,-0.014495346695184708,-0.008671484887599945,-0.021528402343392372,-0.005860108882188797,-0.656209409236908,-0.6382067203521729,0.0003777574747800827,-0.01156085729598999,0.608397364616394,0.5937186479568481,-0.002129197120666504,-0.0032786130905151367,0.0003777574747800827,-0.01156085729598999,0.608397364616394,0.5937186479568481,-0.002129197120666504,-0.0032786130905151367
106,2.14,-0.05095486342906952,0.0005240660393610597,0.0022007799707353115,-0.002001653192564845,-0.020112503319978714,-7.000227924436331e-06,-0.04175460338592529,-2.2454914869740605e-06,-0.999127984046936,0.0,0.0,0.0,0.27000001072883606,0.0,0.27086925506591797,2.2474516754300566e-06,0.1922532320022583,0.19323694705963135,0.06277930736541748,0.06299209594726562,3.7389824390411377,4.257264137268066,-0.014495346695184708,-0.021528402343392372,-0.008671484887599945,-0.005860108882188797,-0.656209409236908,-0.6382067203521729,0.11834409832954407,0.09755689650774002,0.11740461736917496,0.09691367298364639,-0.08215964585542679,-0.07995618134737015,0.1183425560593605,0.09758371859788895,0.11743587255477905,0.09693143516778946,-0.08375705033540726,-0.08174573630094528,-0.08231513947248459,-0.00022425857605412602,0.27087101340293884,2.7460544515633956e-05,-0.02106134220957756,0.0012469609500840306,0.9997773766517639,-0.05076714977622032,0.0003217956400476396,0.0022282095160335302,-0.001269221305847168,-0.018268762156367302,-0.00029104630812071264,1.0919606685638428,-1.8373388051986694,1.0928651094436646,-1.8371464014053345,3.7256128787994385,4.244239330291748,-0.013204427435994148,-0.007108110934495926,-0.019074691459536552,-0.005853489972651005,-0.6688916087150574,-0.6520824432373047,-0.0009516831487417221,-0.010275043547153473,0.609416663646698,0.5918189287185669,-0.00272214412689209,-0.0032459497451782227,-0.0009516831487417221,-0.010275043547153473,0.609416663646698,0.5918189287185669,-0.00272214412689209,-0.0032459497451782227
107,2.16,-0.05076714977622032,0.0003217956400476396,0.0022282095160335302,-0.001269221305847168,-0.018268762156367302,-0.00029104630812071264,-0.042113374918699265,-2.3835200408939272e-06,-0.9991127252578735,0.0,0.0,0.0,0.27000001072883606,0.0,0.27087101340293884,2.3856368898123037e-06,0.19196069240570068,0.19286513328552246,0.06266117095947266,0.06285357475280762,3.7256128787994385,4.244239330291748,-0.013204427435994148,-0.019074691459536552,-0.007108110934495926,-0.005853489972651005,-0.6688916087150574,-0.6520824432373047,0.1183425560593605,0.09758371859788895,0.11743587255477905,0.09693143516778946,-0.08375705033540726,-0.08174573630094528,0.11838921904563904,0.09763084352016449,0.11752654612064362,0.09698072075843811,-0.08558935672044754,-0.08374349027872086,-0.08333003520965576,-0.00022689545585308224,0.27087298035621643,2.7852493076352403e-05,-0.02122129686176777,0.0012469575740396976,0.9997740387916565,-0.05062681809067726,0.0006159335025586188,0.0022306465543806553,-0.0023443521931767464,-0.016492554917931557,5.692384365829639e-05,1.091705560684204,-1.837438941001892,1.0925374031066895,-1.8372633457183838,3.7119569778442383,4.230898857116699,-0.010788354091346264,-0.007311289664357901,-0.017486434429883957,-0.0036396244540810585,-0.6831505298614502,-0.6683464050292969,0.00018143095076084137,-0.011742141097784042,0.6068177223205566,0.5946096777915955,-0.0027604103088378906,-0.004094600677490234,0.00018143095076084137,-0.011742141097784042,0.6068177223205566,0.5946096777915955,-0.0027604103088378906,-0.004094600677490234
108,2.18,-0.05062681809067726,0.0006159335025586188,0.0022306465543806553,-0.0023443521931767464,-0.016492554917931557,5.692384365829639e-05,-0.04243307560682297,-2.768283593468368e-06,-0.9990993738174438,0.0,0.0,0.0,0.27000001072883606,0.0,0.27087298035621643,2.7707794743037084e-06,0.191705584526062,0.19253742694854736,0.06256103515625,0.0627366304397583,3.7119569778442383,4.230898857116699,-0.010788354091346264,-0.017486434429883957,-0.007311289664357901,-0.0036396244540810585,-0.6831505298614502,-0.6683464050292969,0.11838921904563904,0.09763084352016449,0.11752654612064362,0.09698072075843811,-0.08558935672044754,-0.08374349027872086,0.11850375682115555,0.09772767871618271,0.11764998733997345,0.09702272713184357,-0.08757715672254562,-0.08598452061414719,-0.08434216678142548,-0.00023020803928375244,0.27087509632110596,2.9475897463271394e-05,-0.021362805739045143,0.0012469312641769648,0.9997709393501282,-0.050523776561021805,0.0003612856671679765,0.0022584174294024706,-0.0013564917026087642,-0.014639548026025295,0.00012514788249973208,1.091489315032959,-1.8375182151794434,1.0922597646713257,-1.837363600730896,3.697986364364624,4.217203140258789,-0.009597625583410263,-0.005366210825741291,-0.014136387966573238,-0.003956344444304705,-0.699176013469696,-0.6857916712760925,-0.00045255012810230255,-0.011231834068894386,0.6079502105712891,0.5928000807762146,-0.0032074451446533203,-0.004073739051818848,-0.00045255012810230255,-0.011231834068894386,0.6079502105712891,0.5928000807762146,-0.0032074451446533203,-0.004073739051818848
109,2.2,-0.050523776561021805,0.0003612856671679765,0.0022584174294024706,-0.0013564917026087642,-0.014639548026025295,0.00012514788249973208,-0.042715899646282196,-5.66239032195881e-06,-0.9990869760513306,0.0,0.0,0.0,0.27000001072883606,0.0,0.27087509632110596,5.6675635278224945e-06,0.1914893388748169,0.1922597885131836,0.06248176097869873,0.0626363754272461,3.697986364364624,4.217203140258789,-0.009597625583410263,-0.014136387966573238,-0.005366210825741291,-0.003956344444304705,-0.699176013469696,-0.6857916712760925,0.11850375682115555,0.09772767871618271,0.11764998733997345,0.09702272713184357,-0.08757715672254562,-0.08598452061414719,0.11863553524017334,0.09780113399028778,0.1178390234708786,0.09709866344928741,-0.08973460644483566,-0.08830700069665909,-0.0853523537516594,-0.00023201537260320038,0.27087727189064026,2.8281405320740305e-05,-0.021486101672053337,0.0012469039065763354,0.9997683763504028,-0.05046137794852257,0.0004880681517533958,0.0022514595184475183,-0.0018603524658828974,-0.012900258414447308,3.184508386766538e-05,1.0913203954696655,-1.8375849723815918,1.092029333114624,-1.8374379873275757,3.6836752891540527,4.2031402587890625,-0.006864218972623348,-0.00515504227951169,-0.012220654636621475,-0.002218254841864109,-0.7161946296691895,-0.7044275999069214,-0.0007009906694293022,-0.011237140744924545,0.6078943014144897,0.592608630657196,-0.003652215003967285,-0.004162788391113281,-0.0007009906694293022,-0.011237140744924545,0.6078943014144897,0.592608630657196,-0.003652215003967285,-0.004162788391113281
110,2.22,-0.05046137794852257,0.0004880681517533958,0.0022514595184475183,-0.0018603524658828974,-0.012900258414447308,3.184508386766538e-05,-0.042962320148944855,-2.9675029509235173e-06,-0.9990767240524292,0.0,0.0,0.0,0.27000001072883606,0.0,0.27087727189064026,2.970244622702012e-06,0.19132041931152344,0.19202935695648193,0.06241500377655029,0.0625619888305664,3.6836752891540527,4.2031402587890625,-0.006864218972623348,-0.012220654636621475,-0.00515504227951169,-0.002218254841864109,-0.7161946296691895,-0.7044275999069214,0.11863553524017334,0.09780113399028778,0.1178390234708786,0.09709866344928741,-0.08973460644483566,-0.08830700069665909,0.11882461607456207,0.09791308641433716,0.11805364489555359,0.09716761112213135,-0.09198816865682602,-0.09075554460287094,-0.08636102825403214,-0.00023464413243345916,0.27087944746017456,2.8597212804015726e-05,-0.021588705480098724,0.0012470099609345198,0.9997661113739014,-0.05041683837771416,0.00043467030627653003,0.0022609836887568235,-0.0016711532371118665,-0.01084078662097454,-9.215311001753435e-05,1.0911951065063477,-1.837630271911621,1.0918539762496948,-1.8374954462051392,3.6690080165863037,4.1886887550354,-0.004694312810897827,-0.004045551642775536,-0.009533381089568138,-0.001401693793013692,-0.7340801358222961,-0.7239498496055603,-0.0014109332114458084,-0.010804280638694763,0.6080621480941772,0.5922603607177734,-0.0038465261459350586,-0.004462599754333496,-0.0014109332114458084,-0.010804280638694763,0.6080621480941772,0.5922603607177734,-0.0038465261459350586,-0.004462599754333496
111,2.24,-0.05041683837771416,0.00043467030627653003,0.0022609836887568235,-0.0016711532371118665,-0.01084078662097454,-9.215311001753435e-05,-0.04316738247871399,-3.3383876143489033e-06,-0.9990676641464233,0.0,0.0,0.0,0.27000001072883606,0.0,0.27087944746017456,3.3415021789551247e-06,0.19119513034820557,0.19185400009155273,0.062369704246520996,0.06250452995300293,3.6690080165863037,4.1886887550354,-0.004694312810897827,-0.009533381089568138,-0.004045551642775536,-0.001401693793013692,-0.7340801358222961,-0.7239498496055603,0.11882461607456207,0.09791308641433716,0.11805364489555359,0.09716761112213135,-0.09198816865682602,-0.09075554460287094,0.1190241351723671,0.09803363680839539,0.11829356849193573,0.09727214276790619,-0.09420060366392136,-0.09314040094614029,-0.08736926317214966,-0.00023703272745478898,0.27088162302970886,2.8477668820414692e-05,-0.021674323827028275,0.0012470827205106616,0.9997642040252686,-0.05041755735874176,0.00046525971265509725,0.002284707734361291,-0.001786212669685483,-0.009091196581721306,-4.919736966257915e-05,1.0911142826080322,-1.8376598358154297,1.091728687286377,-1.8375344276428223,3.6539883613586426,4.173856258392334,-0.002510000951588154,-0.0033044954761862755,-0.00700966315343976,-0.0005498844548128545,-0.7516817450523376,-0.7429152131080627,-0.0016860091127455235,-0.010706767439842224,0.608137309551239,0.5918116569519043,-0.004022717475891113,-0.004525423049926758,-0.0016860091127455235,-0.010706767439842224,0.608137309551239,0.5918116569519043,-0.004022717475891113,-0.004525423049926758
112,2.2600000000000002,-0.05041755735874176,0.00046525971265509725,0.002284707734361291,-0.001786212669685483,-0.009091196581721306,-4.919736966257915e-05,-0.04333849623799324,-2.882556145777926e-06,-0.9990600347518921,0.0,0.0,0.0,0.27000001072883606,0.0,0.27088162302970886,2.885268486352288e-06,0.19111430644989014,0.19172871112823486,0.0623401403427124,0.062465548515319824,3.6539883613586426,4.173856258392334,-0.002510000951588154,-0.00700966315343976,-0.0033044954761862755,-0.0005498844548128545,-0.7516817450523376,-0.7429152131080627,0.1190241351723671,0.09803363680839539,0.11829356849193573,0.09727214276790619,-0.09420060366392136,-0.09314040094614029,0.11924766004085541,0.0981491357088089,0.11854930967092514,0.09735949337482452,-0.09638673812150955,-0.09549210220575333,-0.08837760239839554,-0.00023934972705319524,0.2708837687969208,2.8133070372859947e-05,-0.021743467077612877,0.0012471615336835384,0.9997627139091492,-0.05044738948345184,0.0002902416745200753,0.0022728892508894205,-0.0011044454295188189,-0.007506143767386675,0.00018666348478291184,1.0910762548446655,-1.8376742601394653,1.0916521549224854,-1.8375554084777832,3.6386187076568604,4.158648490905762,-0.0007410969119518995,-0.0021535647101700306,-0.004256382584571838,-1.922826049849391e-05,-0.7691402435302734,-0.761641263961792,-0.0021493982058018446,-0.010531839914619923,0.6084853410720825,0.5913639664649963,-0.004201650619506836,-0.004664897918701172,-0.0021493982058018446,-0.010531839914619923,0.6084853410720825,0.5913639664649963,-0.004201650619506836,-0.004664897918701172
113,2.2800000000000002,-0.05044738948345184,0.0002902416745200753,0.0022728892508894205,-0.0011044454295188189,-0.007506143767386675,0.00018666348478291184,-0.043476685881614685,-2.0175575627945364e-06,-0.9990540742874146,0.0,0.0,0.0,0.27000001072883606,0.0,0.2708837687969208,2.019467274294584e-06,0.19107627868652344,0.19165217876434326,0.06232571601867676,0.06244456768035889,3.6386187076568604,4.158648490905762,-0.0007410969119518995,-0.004256382584571838,-0.0021535647101700306,-1.922826049849391e-05,-0.7691402435302734,-0.761641263961792,0.11924766004085541,0.0981491357088089,0.11854930967092514,0.09735949337482452,-0.09638673812150955,-0.09549210220575333,0.11948252469301224,0.09825945645570755,0.11882399022579193,0.09745752811431885,-0.09855907410383224,-0.09777585417032242,-0.08938627690076828,-0.0002428970910841599,0.27088576555252075,3.0124887416604906e-05,-0.021794207394123077,0.001247635344043374,0.9997616410255432,-0.05048252269625664,0.0003844998136628419,0.002284280490130186,-0.0014693362172693014,-0.005547989159822464,-8.73644748935476e-05,1.091077446937561,-1.8376699686050415,1.0916264057159424,-1.837565541267395,3.6229043006896973,4.143075466156006,0.001350905979052186,-0.0014156801626086235,-0.001971010584384203,0.0005339180352166295,-0.7864375710487366,-0.7797937989234924,-0.002572267781943083,-0.010399133898317814,0.6081452965736389,0.5914822220802307,-0.004398465156555176,-0.004769444465637207,-0.002572267781943083,-0.010399133898317814,0.6081452965736389,0.5914822220802307,-0.004398465156555176,-0.004769444465637207
114,2.3000000000000003,-0.05048252269625664,0.0003844998136628419,0.002284280490130186,-0.0014693362172693014,-0.005547989159822464,-8.73644748935476e-05,-0.043578099459409714,-5.8529658417683095e-06,-0.9990497827529907,0.0,0.0,0.0,0.27000001072883606,0.0,0.27088576555252075,5.8585333135852125e-06,0.19107747077941895,0.1916264295578003,0.062330007553100586,0.06243443489074707,3.6229043006896973,4.143075466156006,0.001350905979052186,-0.001971010584384203,-0.0014156801626086235,0.0005339180352166295,-0.7864375710487366,-0.7797937989234924,0.11948252469301224,0.09825945645570755,0.11882399022579193,0.09745752811431885,-0.09855907410383224,-0.09777585417032242,0.11972100287675858,0.09839008003473282,0.11908325552940369,0.09756357967853546,-0.1005018875002861,-0.09986577183008194,-0.09039625525474548,-0.0002447284059599042,0.27088773250579834,2.9004799216636457e-05,-0.021831326186656952,0.0012473475653678179,0.9997608661651611,-0.05055774003267288,0.0004968270659446716,0.0022988009732216597,-0.0019161890959367156,-0.0042136479169130325,-0.00013099440548103303,1.091119647026062,-1.8376586437225342,1.0916368961334229,-1.8375556468963623,3.6068782806396484,4.127165794372559,0.0035574152134358883,-0.0012418105034157634,-0.0003877712588291615,0.0019345837645232677,-0.801886260509491,-0.7966015338897705,-0.0023509743623435497,-0.010805816389620304,0.6083128452301025,0.5914832353591919,-0.004431366920471191,-0.004819273948669434,-0.0023509743623435497,-0.010805816389620304,0.6083128452301025,0.5914832353591919,-0.004431366920471191,-0.004819273948669434
115,2.32,-0.05055774003267288,0.0004968270659446716,0.0022988009732216597,-0.0019161890959367156,-0.0042136479169130325,-0.00013099440548103303,-0.043652281165122986,-3.533223207341507e-06,-0.9990466833114624,0.0,0.0,0.0,0.27000001072883606,0.0,0.27088773250579834,3.5365937947062775e-06,0.19111967086791992,0.19163691997528076,0.06234133243560791,0.062444329261779785,3.6068782806396484,4.127165794372559,0.0035574152134358883,-0.0003877712588291615,-0.0012418105034157634,0.0019345837645232677,-0.801886260509491,-0.7966015338897705,0.11972100287675858,0.09839008003473282,0.11908325552940369,0.09756357967853546,-0.1005018875002861,-0.09986577183008194,0.1199621856212616,0.09850222617387772,0.11934559047222137,0.09764495491981506,-0.1023467406630516,-0.10183974355459213,-0.09140787273645401,-0.0002472142514307052,0.27088961005210876,2.88425108010415e-05,-0.02185605838894844,0.0012472824892029166,0.9997603297233582,-0.050642237067222595,0.0004764753393828869,0.002290198812261224,-0.0018264328828081489,-0.002873215591534972,-2.746468089753762e-05,1.0911942720413208,-1.8376340866088867,1.0916881561279297,-1.8375351428985596,3.590555191040039,4.110942363739014,0.0051056803204119205,-0.0006981431506574154,0.0016075500752776861,0.0023772893473505974,-0.8166387677192688,-0.8123037815093994,-0.002734963782131672,-0.010623151436448097,0.6087156534194946,0.5905521512031555,-0.004469156265258789,-0.004853248596191406,-0.002734963782131672,-0.010623151436448097,0.6087156534194946,0.5905521512031555,-0.004469156265258789,-0.004853248596191406
116,2.34,-0.050642237067222595,0.0004764753393828869,0.002290198812261224,-0.0018264328828081489,-0.002873215591534972,-2.746468089753762e-05,-0.04370171204209328,-3.149838448734954e-06,-0.9990445375442505,0.0,0.0,0.0,0.27000001072883606,0.0,0.27088961005210876,3.1528495583188487e-06,0.1911942958831787,0.1916881799697876,0.06236588954925537,0.06246483325958252,3.590555191040039,4.110942363739014,0.0051056803204119205,0.0016075500752776861,-0.0006981431506574154,0.0023772893473505974,-0.8166387677192688,-0.8123037815093994,0.1199621856212616,0.09850222617387772,0.11934559047222137,0.09764495491981506,-0.1023467406630516,-0.10183974355459213,0.12019621580839157,0.0986044853925705,0.11960312724113464,0.09773163497447968,-0.10405049473047256,-0.10363683849573135,-0.09242110699415207,-0.0002499602851457894,0.2708912193775177,2.9329377866815776e-05,-0.02186661586165428,0.0012477553682401776,0.999760091304779,-0.05072489008307457,0.0003434337268117815,0.002278650179505348,-0.0013277096441015601,-0.0013418219750747085,-9.836743993218988e-05,1.09129798412323,-1.8375989198684692,1.0917749404907227,-1.83750581741333,3.5739614963531494,4.094429969787598,0.006281750742346048,0.00023194053210318089,0.0035463254898786545,0.002393113449215889,-0.8302655220031738,-0.8265951871871948,-0.003271600231528282,-0.010314732789993286,0.6087607741355896,0.5903423428535461,-0.004624724388122559,-0.004802227020263672,-0.003271600231528282,-0.010314732789993286,0.6087607741355896,0.5903423428535461,-0.004624724388122559,-0.004802227020263672
117,2.36,-0.05072489008307457,0.0003434337268117815,0.002278650179505348,-0.0013277096441015601,-0.0013418219750747085,-9.836743993218988e-05,-0.043722815811634064,-4.076307959621772e-06,-0.9990435838699341,0.0,0.0,0.0,0.27000001072883606,0.0,0.2708912193775177,4.080208782397676e-06,0.1912980079650879,0.19177496433258057,0.06240105628967285,0.06249415874481201,3.5739614963531494,4.094429969787598,0.006281750742346048,0.0035463254898786545,0.00023194053210318089,0.002393113449215889,-0.8302655220031738,-0.8265951871871948,0.12019621580839157,0.0986044853925705,0.11960312724113464,0.09773163497447968,-0.10405049473047256,-0.10363683849573135,0.12040666490793228,0.09870584309101105,0.1198362410068512,0.09783807396888733,-0.10549422353506088,-0.1051376536488533,-0.0934365913271904,-0.0002523611474316567,0.2708926796913147,2.922959356510546e-05,-0.02186771109700203,0.0012475684052333236,0.9997600317001343,-0.0508325919508934,0.000502750335726887,0.0022821028251200914,-0.0019357285927981138,-0.000351071561453864,-0.00010606880823615938,1.0914278030395508,-1.8375580310821533,1.0918865203857422,-1.8374667167663574,3.5571343898773193,4.077672958374023,0.007829065434634686,9.988766396418214e-05,0.004411008208990097,0.003442466491833329,-0.8417221307754517,-0.8387160897254944,-0.0031423866748809814,-0.010582389310002327,0.6085100769996643,0.5907631516456604,-0.004517674446105957,-0.004857182502746582,-0.0031423866748809814,-0.010582389310002327,0.6085100769996643,0.5907631516456604,-0.004517674446105957,-0.004857182502746582
118,2.38,-0.0508325919508934,0.000502750335726887,0.0022821028251200914,-0.0019357285927981138,-0.000351071561453864,-0.00010606880823615938,-0.04372500255703926,-3.8822290662210435e-06,-0.999043345451355,0.0,0.0,0.0,0.27000001072883606,0.0,0.2708926796913147,3.885945261572488e-06,0.1914278268814087,0.1918865442276001,0.06244194507598877,0.06253325939178467,3.5571343898773193,4.077672958374023,0.007829065434634686,0.004411008208990097,9.988766396418214e-05,0.003442466491833329,-0.8417221307754517,-0.8387160897254944,0.12040666490793228,0.09870584309101105,0.1198362410068512,0.09783807396888733,-0.10549422353506088,-0.1051376536488533,0.12061598896980286,0.09879475086927414,0.12004552781581879,0.09790079295635223,-0.10674551874399185,-0.10646983236074448,-0.09445453435182571,-0.00025486425147391856,0.27089396119117737,2.936667988251429e-05,-0.021861139684915543,0.0012480677105486393,0.9997602105140686,-0.05093497037887573,0.0003949232050217688,0.0022750352509319782,-0.001552971312776208,0.0006735010538250208,-0.00033134210389107466,1.091576099395752,-1.8375098705291748,1.0920226573944092,-1.837422251701355,3.540104866027832,4.060703754425049,0.008672322146594524,0.0007988471770659089,0.005660891067236662,0.0033782983664423227,-0.8517895340919495,-0.8491354584693909,-0.0032976530492305756,-0.010570584796369076,0.608944833278656,0.5901230573654175,-0.004532814025878906,-0.00478672981262207,-0.0032976530492305756,-0.010570584796369076,0.608944833278656,0.5901230573654175,-0.004532814025878906,-0.00478672981262207
119,2.4,-0.05093497037887573,0.0003949232050217688,0.0022750352509319782,-0.001552971312776208,0.0006735010538250208,-0.00033134210389107466,-0.04371187090873718,-4.150911991018802e-06,-0.9990440607070923,0.0,0.0,0.0,0.27000001072883606,0.0,0.27089396119117737,4.154882390139392e-06,0.19157612323760986,0.1920226812362671,0.062490105628967285,0.06257772445678711,3.540104866027832,4.060703754425049,0.008672322146594524,0.005660891067236662,0.0007988471770659089,0.0033782983664423227,-0.8517895340919495,-0.8491354584693909,0.12061598896980286,0.09879475086927414,0.12004552781581879,0.09790079295635223,-0.10674551874399185,-0.10646983236074448,0.12079301476478577,0.09886083006858826,0.12023895978927612,0.0979747623205185,-0.10778983682394028,-0.10753753036260605,-0.09547470510005951,-0.00025723606813699007,0.2708950340747833,2.8930144253536128e-05,-0.021845724433660507,0.0012479248689487576,0.9997605681419373,-0.05103949084877968,0.0004953112220391631,0.002266343217343092,-0.0019195325439795852,0.0015487499767914414,-0.0002065591688733548,1.0917408466339111,-1.837458610534668,1.0921735763549805,-1.8373721837997437,3.5229084491729736,4.043560981750488,0.009494427591562271,0.0006406460306607187,0.006205616518855095,0.00397479347884655,-0.8600799441337585,-0.8579292297363281,-0.0035186391323804855,-0.010556690394878387,0.6086359024047852,0.5907104015350342,-0.0045174360275268555,-0.004887700080871582,-0.0035186391323804855,-0.010556690394878387,0.6086359024047852,0.5907104015350342,-0.0045174360275268555,-0.004887700080871582
120,2.42,-0.05103949084877968,0.0004953112220391631,0.002266343217343092,-0.0019195325439795852,0.0015487499767914414,-0.0002065591688733548,-0.043681059032678604,-3.322787961224094e-06,-0.9990454912185669,0.0,0.0,0.0,0.27000001072883606,0.0,0.2708950340747833,3.3259620977332816e-06,0.19174087047576904,0.19217360019683838,0.06254136562347412,0.06262779235839844,3.5229084491729736,4.043560981750488,0.009494427591562271,0.006205616518855095,0.0006406460306607187,0.00397479347884655,-0.8600799441337585,-0.8579292297363281,0.12079301476478577,0.09886083006858826,0.12023895978927612,0.0979747623205185,-0.10778983682394028,-0.10753753036260605,0.1209566667675972,0.0989295020699501,0.12039515376091003,0.09803184866905212,-0.10859040170907974,-0.10838467627763748,-0.09649714082479477,-0.00025986958644352853,0.270895779132843,2.897320518968627e-05,-0.021824609488248825,0.0012475908733904362,0.9997610449790955,-0.05114550516009331,0.0004559543449431658,0.002244033617898822,-0.001751555479131639,0.002119140001013875,-8.52432640385814e-05,1.091914415359497,-1.8374052047729492,1.092335820198059,-1.837321400642395,3.5055813789367676,4.026280879974365,0.00981871411204338,0.0008669187664054334,0.006790542043745518,0.004130188841372728,-0.8665543794631958,-0.8646951913833618,-0.0036113783717155457,-0.010585533455014229,0.6091151237487793,0.5904713273048401,-0.0044106245040893555,-0.0049353837966918945,-0.0036113783717155457,-0.010585533455014229,0.6091151237487793,0.5904713273048401,-0.0044106245040893555,-0.0049353837966918945
121,2.44,-0.05114550516009331,0.0004559543449431658,0.002244033617898822,-0.001751555479131639,0.002119140001013875,-8.52432640385814e-05,-0.04363885894417763,-3.4761978895403445e-06,-0.9990473985671997,0.0,0.0,0.0,0.27000001072883606,0.0,0.270895779132843,3.479512088233605e-06,0.19191443920135498,0.192335844039917,0.06259477138519287,0.06267857551574707,3.5055813789367676,4.026280879974365,0.00981871411204338,0.006790542043745518,0.0008669187664054334,0.004130188841372728,-0.8665543794631958,-0.8646951913833618,0.1209566667675972,0.0989295020699501,0.12039515376091003,0.09803184866905212,-0.10859040170907974,-0.10838467627763748,0.12109248340129852,0.09897089749574661,0.12053145468235016,0.09807759523391724,-0.10922133177518845,-0.10902488976716995,-0.0975215956568718,-0.0002624962944537401,0.27089613676071167,2.913822936534416e-05,-0.02179798297584057,0.0012479776050895452,0.9997615218162537,-0.05123336985707283,0.00047160376561805606,0.0022294633090496063,-0.0018200167687609792,0.0028517581522464752,-0.00015406738384626806,1.0920928716659546,-1.8373514413833618,1.092504858970642,-1.8372706174850464,3.4881510734558105,4.008897304534912,0.010129671543836594,0.0008585862233303487,0.006994928233325481,0.004241876304149628,-0.8715201616287231,-0.869861900806427,-0.0035764947533607483,-0.01084260456264019,0.6082571148872375,0.5911826491355896,-0.004368305206298828,-0.0052242279052734375,-0.0035764947533607483,-0.01084260456264019,0.6082571148872375,0.5911826491355896,-0.004368305206298828,-0.0052242279052734375
122,2.46,-0.05123336985707283,0.00047160376561805606,0.0022294633090496063,-0.0018200167687609792,0.0028517581522464752,-0.00015406738384626806,-0.0435856431722641,-3.8557736843358725e-06,-0.9990493059158325,0.0,0.0,0.0,0.27000001072883606,0.0,0.27089613676071167,3.859440766973421e-06,0.1920928955078125,0.1925048828125,0.06264853477478027,0.0627293586730957,3.4881510734558105,4.008897304534912,0.010129671543836594,0.006994928233325481,0.0008585862233303487,0.004241876304149628,-0.8715201616287231,-0.869861900806427,0.12109248340129852,0.09897089749574661,0.12053145468235016,0.09807759523391724,-0.10922133177518845,-0.10902488976716995,0.12119866907596588,0.09901151061058044,0.12062840163707733,0.09812609851360321,-0.10958754271268845,-0.10939861088991165,-0.09854789823293686,-0.000264782109297812,0.2708962857723236,2.8628248401219025e-05,-0.021766426041722298,0.0012479377910494804,0.999762237071991,-0.051323626190423965,0.0005911438493058085,0.0022229119203984737,-0.002280191518366337,0.0032292453106492758,-0.000197740358998999,1.0922726392745972,-1.8372999429702759,1.09267258644104,-1.8372188806533813,3.4706597328186035,3.991450071334839,0.010387051850557327,0.00043521146290004253,0.006617290433496237,0.004675663076341152,-0.8744676113128662,-0.872932493686676,-0.0035230573266744614,-0.010762305930256844,0.608738362789154,0.590866208076477,-0.004260540008544922,-0.004874825477600098,-0.0035230573266744614,-0.010762305930256844,0.608738362789154,0.590866208076477,-0.004260540008544922,-0.004874825477600098
123,2.48,-0.051323626190423965,0.0005911438493058085,0.0022229119203984737,-0.002280191518366337,0.0032292453106492758,-0.000197740358998999,-0.04352257400751114,-2.916593075497076e-06,-0.9990521669387817,0.0,0.0,0.0,0.27000001072883606,0.0,0.2708962857723236,2.919359076258843e-06,0.19227266311645508,0.19267261028289795,0.06270003318786621,0.06278109550476074,3.4706597328186035,3.991450071334839,0.010387051850557327,0.006617290433496237,0.00043521146290004253,0.004675663076341152,-0.8744676113128662,-0.872932493686676,0.12119866907596588,0.09901151061058044,0.12062840163707733,0.09812609851360321,-0.10958754271268845,-0.10939861088991165,0.12128153443336487,0.09903348982334137,0.12069384753704071,0.09814783930778503,-0.10975582152605057,-0.10957800596952438,-0.09957609325647354,-0.00026779549079947174,0.2708962559700012,2.9390330382739194e-05,-0.021733446046710014,0.001248034997843206,0.9997629523277283,-0.051402539014816284,0.00045114627573639154,0.002223741263151169,-0.0017345435917377472,0.0035074963234364986,-0.00018536372226662934,1.092446208000183,-1.8372478485107422,1.0928375720977783,-1.837172269821167,3.453139305114746,3.9739737510681152,0.009619970805943012,0.0009727048454806209,0.006945343688130379,0.0036609144881367683,-0.876024067401886,-0.8741163015365601,-0.004193304106593132,-0.010044066235423088,0.6098944544792175,0.5893025994300842,-0.004369378089904785,-0.0045441389083862305,-0.004193304106593132,-0.010044066235423088,0.6098944544792175,0.5893025994300842,-0.004369378089904785,-0.0045441389083862305
124,2.5,-0.051402539014816284,0.00045114627573639154,0.002223741263151169,-0.0017345435917377472,0.0035074963234364986,-0.00018536372226662934,-0.04345666244626045,-4.5185261114966124e-06,-0.999055027961731,0.0,0.0,0.0,0.27000001072883606,0.0,0.2708962559700012,4.52279800811084e-06,0.19244623184204102,0.19283759593963623,0.0627521276473999,0.0628277063369751,3.453139305114746,3.9739737510681152,0.009619970805943012,0.006945343688130379,0.0009727048454806209,0.0036609144881367683,-0.876024067401886,-0.8741163015365601,0.12128153443336487,0.09903348982334137,0.12069384753704071,0.09814783930778503,-0.10975582152605057,-0.10957800596952438,0.12132900208234787,0.09902266412973404,0.12073659896850586,0.09816452860832214,-0.10976254194974899,-0.10954724997282028,-0.10060574859380722,-0.0002700875047594309,0.2708958387374878,2.8884291168651544e-05,-0.021698061376810074,0.0012481751618906856,0.9997637867927551,-0.05146303027868271,0.0005560819990932941,0.0021920630242675543,-0.002149800769984722,0.0038414369337260723,-0.00021605813526548445,1.0926134586334229,-1.8372023105621338,1.0929926633834839,-1.8371272087097168,3.4356162548065186,3.9564995765686035,0.009663504548370838,0.00025289523182436824,0.005985524505376816,0.004230069927871227,-0.8759174346923828,-0.8740931153297424,-0.002999691292643547,-0.011416254565119743,0.6077625751495361,0.591907262802124,-0.004171252250671387,-0.004949688911437988,-0.002999691292643547,-0.011416254565119743,0.6077625751495361,0.591907262802124,-0.004171252250671387,-0.004949688911437988
125,2.52,-0.05146303027868271,0.0005560819990932941,0.0021920630242675543,-0.002149800769984722,0.0038414369337260723,-0.00021605813526548445,-0.04338594153523445,-3.5889752325601876e-06,-0.9990583658218384,0.0,0.0,0.0,0.27000001072883606,0.0,0.2708958387374878,3.5923583254771074e-06,0.19261348247528076,0.1929926872253418,0.0627976655960083,0.06287276744842529,3.4356162548065186,3.9564995765686035,0.009663504548370838,0.005985524505376816,0.00025289523182436824,0.004230069927871227,-0.8759174346923828,-0.8740931153297424,0.12132900208234787,0.09902266412973404,0.12073659896850586,0.09816452860832214,-0.10976254194974899,-0.10954724997282028,0.12135453522205353,0.09902963787317276,0.1207326278090477,0.09817944467067719,-0.10954304784536362,-0.10931681841611862,-0.10163678973913193,-0.0002720520133152604,0.2708952724933624,2.7774489353760146e-05,-0.021661844104528427,0.001248147920705378,0.9997645020484924,-0.05152066797018051,0.00042597641004249454,0.002182603580877185,-0.0016621834365651011,0.0038307528011500835,-0.00016187340952455997,1.0927693843841553,-1.8371624946594238,1.093133568763733,-1.8370858430862427,3.418126106262207,3.9390604496002197,0.008831439539790154,0.000333936681272462,0.005494500044733286,0.003730533877387643,-0.8742640614509583,-0.8721931576728821,-0.0035505499690771103,-0.010712828487157822,0.6089019775390625,0.5906617045402527,-0.004155874252319336,-0.004659533500671387,-0.0035505499690771103,-0.010712828487157822,0.6089019775390625,0.5906617045402527,-0.004155874252319336,-0.004659533500671387
126,2.54,-0.05152066797018051,0.00042597641004249454,0.002182603580877185,-0.0016621834365651011,0.0038307528011500835,-0.00016187340952455997,-0.04331355541944504,-1.4615252439398319e-06,-0.9990612268447876,0.0,0.0,0.0,0.27000001072883606,0.0,0.2708952724933624,1.462898580939509e-06,0.19276940822601318,0.19313359260559082,0.06283748149871826,0.06291413307189941,3.418126106262207,3.9390604496002197,0.008831439539790154,0.005494500044733286,0.000333936681272462,0.003730533877387643,-0.8742640614509583,-0.8721931576728821,0.12135453522205353,0.09902963787317276,0.1207326278090477,0.09817944467067719,-0.10954304784536362,-0.10931681841611862,0.12134654819965363,0.0989968329668045,0.12071070820093155,0.09817823767662048,-0.10921148210763931,-0.10892758518457413,-0.1026688888669014,-0.0002751764841377735,0.27089446783065796,2.873849734896794e-05,-0.021626917645335197,0.0012482001911848783,0.9997652769088745,-0.05156126990914345,0.0004162471159361303,0.002177391666918993,-0.0015943924663588405,0.0037482096813619137,-3.6360790545586497e-05,1.0929081439971924,-1.8371241092681885,1.0932602882385254,-1.8370543718338013,3.400686264038086,3.921682119369507,0.007831353694200516,0.0003169237752445042,0.004888799972832203,0.0032557304948568344,-0.8716710805892944,-0.8690700531005859,-0.0035626422613859177,-0.010693502612411976,0.6086506247520447,0.5912293791770935,-0.0040313005447387695,-0.0047522783279418945,-0.0035626422613859177,-0.010693502612411976,0.6086506247520447,0.5912293791770935,-0.0040313005447387695,-0.0047522783279418945
127,2.56,-0.05156126990914345,0.0004162471159361303,0.002177391666918993,-0.0015943924663588405,0.0037482096813619137,-3.6360790545586497e-05,-0.04324375465512276,-3.4740587580017745e-06,-0.9990643262863159,0.0,0.0,0.0,0.27000001072883606,0.0,0.27089446783065796,3.4773099741869373e-06,0.1929081678390503,0.1932603120803833,0.06287586688995361,0.06294560432434082,3.400686264038086,3.921682119369507,0.007831353694200516,0.004888799972832203,0.0003169237752445042,0.0032557304948568344,-0.8716710805892944,-0.8690700531005859,0.12134654819965363,0.0989968329668045,0.12071070820093155,0.09817823767662048,-0.10921148210763931,-0.10892758518457413,0.12132382392883301,0.09895817935466766,0.12065950781106949,0.09815828502178192,-0.10876128822565079,-0.1084386482834816,-0.1037014052271843,-0.0002777651825454086,0.27089327573776245,2.8647604267462157e-05,-0.02159073017537594,0.0012483089230954647,0.9997660517692566,-0.05157389119267464,0.000354644434992224,0.0021660667844116688,-0.0013937256298959255,0.003996634855866432,-0.0002904482826124877,1.0930309295654297,-1.8370938301086426,1.0933679342269897,-1.8370280265808105,3.383317708969116,3.90438175201416,0.006940196733921766,0.00020887632854282856,0.004069800488650799,0.002474808366969228,-0.8681319355964661,-0.8650126457214355,-0.0038416972383856773,-0.010349970310926437,0.6088371872901917,0.5907025933265686,-0.004223227500915527,-0.004510402679443359,-0.0038416972383856773,-0.010349970310926437,0.6088371872901917,0.5907025933265686,-0.004223227500915527,-0.004510402679443359
128,2.58,-0.05157389119267464,0.000354644434992224,0.0021660667844116688,-0.0013937256298959255,0.003996634855866432,-0.0002904482826124877,-0.04317142814397812,-3.378005203558132e-06,-0.9990674257278442,0.0,0.0,0.0,0.27000001072883606,0.0,0.27089327573776245,3.3811556932050735e-06,0.1930309534072876,0.19336795806884766,0.06290614604949951,0.06297194957733154,3.383317708969116,3.90438175201416,0.006940196733921766,0.004069800488650799,0.00020887632854282856,0.002474808366969228,-0.8681319355964661,-0.8650126457214355,0.12132382392883301,0.09895817935466766,0.12065950781106949,0.09815828502178192,-0.10876128822565079,-0.1084386482834816,0.12126144021749496,0.09891906380653381,0.12057361751794815,0.09815683960914612,-0.10811062902212143,-0.10774124413728714,-0.1047343909740448,-0.000280225183814764,0.2708919942378998,2.847605719580315e-05,-0.021556537598371506,0.0012481893645599484,0.9997667670249939,-0.0515933595597744,0.0006304974085651338,0.002157253446057439,-0.0024285977706313133,0.0036371450405567884,-0.00018365489086136222,1.0931339263916016,-1.8370710611343384,1.0934518575668335,-1.8370071649551392,3.366050958633423,3.8871896266937256,0.006544570438563824,-0.001013304223306477,0.0022292505018413067,0.0034272372722625732,-0.8627707958221436,-0.8597164154052734,-0.0025201914831995964,-0.01160857081413269,0.6072157621383667,0.5929556488990784,-0.0038025379180908203,-0.004920244216918945,-0.0025201914831995964,-0.01160857081413269,0.6072157621383667,0.5929556488990784,-0.0038025379180908203,-0.004920244216918945
129,2.6,-0.0515933595597744,0.0006304974085651338,0.002157253446057439,-0.0024285977706313133,0.0036371450405567884,-0.00018365489086136222,-0.043103091418743134,-3.1255513022188097e-06,-0.9990702867507935,0.0,0.0,0.0,0.27000001072883606,0.0,0.2708919942378998,3.1284578199120006e-06,0.19313395023345947,0.1934518814086914,0.06292891502380371,0.06299281120300293,3.366050958633423,3.8871896266937256,0.006544570438563824,0.0022292505018413067,-0.001013304223306477,0.0034272372722625732,-0.8627707958221436,-0.8597164154052734,0.12126144021749496,0.09891906380653381,0.12057361751794815,0.09815683960914612,-0.10811062902212143,-0.10774124413728714,0.12119662016630173,0.09887272119522095,0.1204618290066719,0.09810733795166016,-0.10739997774362564,-0.10703661292791367,-0.10576765239238739,-0.0002833527105394751,0.27089065313339233,2.9315813662833534e-05,-0.021525658667087555,0.0012481457088142633,0.9997674226760864,-0.051583632826805115,0.00030965713085606694,0.0021595724392682314,-0.0012357209343463182,0.003572929883375764,-0.0004969587898813188,1.0932132005691528,-1.8370516300201416,1.0935163497924805,-1.8369966745376587,3.348896026611328,3.8701119422912598,0.004722855985164642,-2.78439256362617e-05,0.0020148232579231262,0.0015470217913389206,-0.8573267459869385,-0.8535741567611694,-0.0036958111450076103,-0.010211684741079807,0.6089556217193604,0.5905170440673828,-0.003997325897216797,-0.004487276077270508,-0.0036958111450076103,-0.010211684741079807,0.6089556217193604,0.5905170440673828,-0.003997325897216797,-0.004487276077270508
130,2.62,-0.051583632826805115,0.00030965713085606694,0.0021595724392682314,-0.0012357209343463182,0.003572929883375764,-0.0004969587898813188,-0.043041378259658813,-4.883673682343215e-06,-0.9990729093551636,0.0,0.0,0.0,0.27000001072883606,0.0,0.27089065313339233,4.888202511210693e-06,0.19321322441101074,0.19351637363433838,0.06294834613800049,0.0630033016204834,3.348896026611328,3.8701119422912598,0.004722855985164642,0.0020148232579231262,-2.78439256362617e-05,0.0015470217913389206,-0.8573267459869385,-0.8535741567611694,0.12119662016630173,0.09887272119522095,0.1204618290066719,0.09810733795166016,-0.10739997774362564,-0.10703661292791367,0.12108467519283295,0.09878701716661453,0.12034504115581512,0.09808585047721863,-0.10663064569234848,-0.10617915540933609,-0.10680072754621506,-0.00028480926994234324,0.2708891034126282,2.7409085305407643e-05,-0.021495798602700233,0.0012480677105486393,0.9997681379318237,-0.05156867206096649,0.0005156362894922495,0.0021300127264112234,-0.002013933379203081,0.0033258753828704357,-0.00024183097411878407,1.0932741165161133,-1.8370460271835327,1.0935518741607666,-1.8369874954223633,3.3318655490875244,3.853168487548828,0.004256094805896282,-0.0015090771485120058,-1.8179620383307338e-05,0.0024343468248844147,-0.8509359359741211,-0.8472045660018921,-0.0028924178332090378,-0.01106351800262928,0.6073299646377563,0.5927375555038452,-0.003976941108703613,-0.0047588348388671875,-0.0028924178332090378,-0.01106351800262928,0.6073299646377563,0.5927375555038452,-0.003976941108703613,-0.0047588348388671875
131,2.64,-0.05156867206096649,0.0005156362894922495,0.0021300127264112234,-0.002013933379203081,0.0033258753828704357,-0.00024183097411878407,-0.042981695383787155,-1.149033778347075e-06,-0.9990757703781128,0.0,0.0,0.0,0.27000001072883606,0.0,0.2708891034126282,1.1500974324007984e-06,0.1932741403579712,0.1935518980026245,0.06295394897460938,0.06301248073577881,3.3318655490875244,3.853168487548828,0.004256094805896282,-1.8179620383307338e-05,-0.0015090771485120058,0.0024343468248844147,-0.8509359359741211,-0.8472045660018921,0.12108467519283295,0.09878701716661453,0.12034504115581512,0.09808585047721863,-0.10663064569234848,-0.10617915540933609,0.12098220735788345,0.09873723983764648,0.12018951773643494,0.09804035723209381,-0.10579293221235275,-0.105328269302845,-0.10783345252275467,-0.000288218492642045,0.2708875834941864,2.8903530619572848e-05,-0.021469295024871826,0.0012480684090405703,0.9997686743736267,-0.05153827369213104,0.00047485207323916256,0.0021290790755301714,-0.0018122377805411816,0.0029956575017422438,1.4935729268472642e-05,1.0933079719543457,-1.8370410203933716,1.0935667753219604,-1.8369921445846558,3.314966917037964,3.836362361907959,0.002708227839320898,-0.001502365106716752,-0.0008300875197164714,0.0017827094998210669,-0.8443337678909302,-0.840273916721344,-0.002030597534030676,-0.011791191063821316,0.6064713597297668,0.5936830639839172,-0.0036107301712036133,-0.005104780197143555,-0.002030597534030676,-0.011791191063821316,0.6064713597297668,0.5936830639839172,-0.0036107301712036133,-0.005104780197143555
132,2.66,-0.05153827369213104,0.00047485207323916256,0.0021290790755301714,-0.0018122377805411816,0.0029956575017422438,1.4935729268472642e-05,-0.042928729206323624,-4.2033898353111e-06,-0.9990779161453247,0.0,0.0,0.0,0.27000001072883606,0.0,0.2708875834941864,4.207269284961512e-06,0.1933079957962036,0.19356679916381836,0.06295895576477051,0.06300783157348633,3.314966917037964,3.836362361907959,0.002708227839320898,-0.0008300875197164714,-0.001502365106716752,0.0017827094998210669,-0.8443337678909302,-0.840273916721344,0.12098220735788345,0.09873723983764648,0.12018951773643494,0.09804035723209381,-0.10579293221235275,-0.105328269302845,0.1208549290895462,0.09865491092205048,0.12003353238105774,0.09799012541770935,-0.10495943576097488,-0.10446231812238693,-0.10886511951684952,-0.0002904183347709477,0.2708858549594879,2.8108957849326544e-05,-0.021444249898195267,0.0012480898294597864,0.9997692704200745,-0.05148668959736824,0.0005746898241341114,0.0021184219513088465,-0.0022380163427442312,0.0028889572713524103,-0.0003533469280228019,1.0933207273483276,-1.8370459079742432,1.093554973602295,-1.8369998931884766,3.298201084136963,3.8196957111358643,0.002026307163760066,-0.002177975606173277,-0.002453088527545333,0.001799766207113862,-0.8375704884529114,-0.8333650231361389,-0.0026749877724796534,-0.011125697754323483,0.6067725419998169,0.5929703712463379,-0.0038629770278930664,-0.005158782005310059,-0.0026749877724796534,-0.011125697754323483,0.6067725419998169,0.5929703712463379,-0.0038629770278930664,-0.005158782005310059
133,2.68,-0.05148668959736824,0.0005746898241341114,0.0021184219513088465,-0.0022380163427442312,0.0028889572713524103,-0.0003533469280228019,-0.04287867620587349,-2.676246367627755e-06,-0.9990803003311157,0.0,0.0,0.0,0.27000001072883606,0.0,0.2708858549594879,2.6787081424117787e-06,0.19332075119018555,0.19355499744415283,0.06295406818389893,0.06300008296966553,3.298201084136963,3.8196957111358643,0.002026307163760066,-0.002453088527545333,-0.002177975606173277,0.001799766207113862,-0.8375704884529114,-0.8333650231361389,0.1208549290895462,0.09865491092205048,0.12003353238105774,0.09799012541770935,-0.10495943576097488,-0.10446231812238693,0.12071598321199417,0.09858563542366028,0.11985929310321808,0.09794601798057556,-0.10407375544309616,-0.10356060415506363,-0.10989587754011154,-0.0002927302848547697,0.27088406682014465,2.7554144253372215e-05,-0.021421147510409355,0.001248031621798873,0.9997696876525879,-0.05143315717577934,0.00039475999074056745,0.0021054858807474375,-0.001539346994832158,0.0025981066282838583,-0.00012646469986066222,1.0933098793029785,-1.837058186531067,1.0935192108154297,-1.837015151977539,3.2815771102905273,3.803173065185547,0.0004731772933155298,-0.0020987368188798428,-0.00323909311555326,0.0009403609437867999,-0.8305781483650208,-0.8260470628738403,-0.002289004623889923,-0.011253265663981438,0.6067571640014648,0.593070924282074,-0.0038312673568725586,-0.004943966865539551,-0.002289004623889923,-0.011253265663981438,0.6067571640014648,0.593070924282074,-0.0038312673568725586,-0.004943966865539551
134,2.7,-0.05143315717577934,0.00039475999074056745,0.0021054858807474375,-0.001539346994832158,0.0025981066282838583,-0.00012646469986066222,-0.04283249378204346,-1.6270569176413119e-06,-0.9990819692611694,0.0,0.0,0.0,0.27000001072883606,0.0,0.27088406682014465,1.6285522406178643e-06,0.19330990314483643,0.1935192346572876,0.0629417896270752,0.06298482418060303,3.2815771102905273,3.803173065185547,0.0004731772933155298,-0.00323909311555326,-0.0020987368188798428,0.0009403609437867999,-0.8305781483650208,-0.8260470628738403,0.12071598321199417,0.09858563542366028,0.11985929310321808,0.09794601798057556,-0.10407375544309616,-0.10356060415506363,0.12056007981300354,0.09849561750888824,0.11968031525611877,0.0979020744562149,-0.10322790592908859,-0.10265471786260605,-0.11092539876699448,-0.00029537794762291014,0.2708823084831238,2.757769834715873e-05,-0.021400989964604378,0.0012479110155254602,0.9997701048851013,-0.051368918269872665,0.00034248136216774583,0.0021050027571618557,-0.00132138398475945,0.0022652174811810255,3.2217394618783146e-05,1.0932761430740356,-1.8370747566223145,1.0934597253799438,-1.8370387554168701,3.2650887966156006,3.7867956161499023,-0.0008436157368123531,-0.0021877498365938663,-0.004227765835821629,0.0004617529921233654,-0.8238033056259155,-0.8188068270683289,-0.002157312585040927,-0.011289108544588089,0.6062309741973877,0.5939214825630188,-0.0037653446197509766,-0.005130767822265625,-0.002157312585040927,-0.011289108544588089,0.6062309741973877,0.5939214825630188,-0.0037653446197509766,-0.005130767822265625
135,2.72,-0.051368918269872665,0.00034248136216774583,0.0021050027571618557,-0.00132138398475945,0.0022652174811810255,3.2217394618783146e-05,-0.04279220849275589,-1.7296551959589124e-06,-0.9990836381912231,0.0,0.0,0.0,0.27000001072883606,0.0,0.2708823084831238,1.731239422042563e-06,0.19327616691589355,0.19345974922180176,0.06292521953582764,0.06296122074127197,3.2650887966156006,3.7867956161499023,-0.0008436157368123531,-0.004227765835821629,-0.0021877498365938663,0.0004617529921233654,-0.8238033056259155,-0.8188068270683289,0.12056007981300354,0.09849561750888824,0.11968031525611877,0.0979020744562149,-0.10322790592908859,-0.10265471786260605,0.12040828913450241,0.0984099730849266,0.11949436366558075,0.0978458970785141,-0.10242559760808945,-0.10181368142366409,-0.11195336282253265,-0.00029794691363349557,0.27088046073913574,2.760978532023728e-05,-0.021382281556725502,0.0012482525780797005,0.9997705221176147,-0.051284875720739365,0.00042321617365814745,0.0020927973091602325,-0.0016508538974449039,0.002229944569990039,-0.00014958417159505188,1.09322190284729,-1.8370980024337769,1.0933783054351807,-1.8370672464370728,3.248729944229126,3.770555019378662,-0.001547465450130403,-0.0027616373263299465,-0.005591754335910082,0.00043806619942188263,-0.8173031806945801,-0.8120711445808411,-0.0018101129680871964,-0.011599130928516388,0.6054942607879639,0.5945832133293152,-0.003842949867248535,-0.005318760871887207,-0.0018101129680871964,-0.011599130928516388,0.6054942607879639,0.5945832133293152,-0.003842949867248535,-0.005318760871887207
136,2.74,-0.051284875720739365,0.00042321617365814745,0.0020927973091602325,-0.0016508538974449039,0.002229944569990039,-0.00014958417159505188,-0.042754821479320526,-1.8259233911521733e-06,-0.9990853071212769,0.0,0.0,0.0,0.27000001072883606,0.0,0.27088046073913574,1.8275940192324924e-06,0.19322192668914795,0.19337832927703857,0.06290197372436523,0.06293272972106934,3.248729944229126,3.770555019378662,-0.001547465450130403,-0.005591754335910082,-0.0027616373263299465,0.00043806619942188263,-0.8173031806945801,-0.8120711445808411,0.12040828913450241,0.0984099730849266,0.11949436366558075,0.0978458970785141,-0.10242559760808945,-0.10181368142366409,0.12024810910224915,0.09834098815917969,0.11929702758789062,0.09780192375183105,-0.10159898549318314,-0.10098069161176682,-0.11297976225614548,-0.0003005097387358546,0.27087870240211487,2.759272865660023e-05,-0.021365532651543617,0.0012482213787734509,0.9997709393501282,-0.05120520293712616,0.00032841257052496076,0.0020948618184775114,-0.0012785096187144518,0.0019324417226016521,-6.402059807442129e-05,1.0931472778320312,-1.8371256589889526,1.0932756662368774,-1.8371014595031738,3.232503652572632,3.7544479370117188,-0.002840477740392089,-0.002639953512698412,-0.006348578259348869,-0.00012923101894557476,-0.8107538223266602,-0.8053092360496521,-0.0019808965735137463,-0.011233318597078323,0.6059614419937134,0.5942015647888184,-0.003872990608215332,-0.005270123481750488,-0.0019808965735137463,-0.011233318597078323,0.6059614419937134,0.5942015647888184,-0.003872990608215332,-0.005270123481750488
137,2.7600000000000002,-0.05120520293712616,0.00032841257052496076,0.0020948618184775114,-0.0012785096187144518,0.0019324417226016521,-6.402059807442129e-05,-0.04272134602069855,-1.8349855963606387e-06,-0.9990869760513306,0.0,0.0,0.0,0.27000001072883606,0.0,0.27087870240211487,1.836663500398572e-06,0.19314730167388916,0.19327569007873535,0.06287431716918945,0.06289851665496826,3.232503652572632,3.7544479370117188,-0.002840477740392089,-0.006348578259348869,-0.002639953512698412,-0.00012923101894557476,-0.8107538223266602,-0.8053092360496521,0.12024810910224915,0.09834098815917969,0.11929702758789062,0.09780192375183105,-0.10159898549318314,-0.10098069161176682,0.1200820580124855,0.09825161844491959,0.11910700798034668,0.0977490097284317,-0.10086018592119217,-0.10021264106035233,-0.1140044704079628,-0.00030287649133242667,0.27087685465812683,2.7295756808598526e-05,-0.021350933238863945,0.0012483601458370686,0.9997711777687073,-0.051117390394210815,0.00036125938640907407,0.0020843762904405594,-0.0014049367746338248,0.001697239000350237,-7.489001291105524e-05,1.0930548906326294,-1.8371589183807373,1.0931528806686401,-1.83713960647583,3.2163970470428467,3.7384660243988037,-0.0036199570167809725,-0.003049023449420929,-0.007382992655038834,-0.000313657452352345,-0.804828941822052,-0.7990886569023132,-0.0022523291409015656,-0.010771701112389565,0.6062360405921936,0.5934222936630249,-0.004038572311401367,-0.005142807960510254,-0.0022523291409015656,-0.010771701112389565,0.6062360405921936,0.5934222936630249,-0.004038572311401367,-0.005142807960510254
138,2.7800000000000002,-0.051117390394210815,0.00036125938640907407,0.0020843762904405594,-0.0014049367746338248,0.001697239000350237,-7.489001291105524e-05,-0.0426921620965004,-1.2717136996798217e-06,-0.999087929725647,0.0,0.0,0.0,0.27000001072883606,0.0,0.27087685465812683,1.2728752381008235e-06,0.1930549144744873,0.19315290451049805,0.06284105777740479,0.06286036968231201,3.2163970470428467,3.7384660243988037,-0.0036199570167809725,-0.007382992655038834,-0.003049023449420929,-0.000313657452352345,-0.804828941822052,-0.7990886569023132,0.1200820580124855,0.09825161844491959,0.11910700798034668,0.0977490097284317,-0.10086018592119217,-0.10021264106035233,0.119925357401371,0.09817426651716232,0.11891773343086243,0.09769301116466522,-0.10020018368959427,-0.0995442345738411,-0.11502700299024582,-0.0003063986951019615,0.27087506651878357,2.90913631033618e-05,-0.0213361494243145,0.001249031163752079,0.9997715353965759,-0.05101080611348152,0.0004315626574680209,0.002088986337184906,-0.0016612214967608452,0.0018550567328929901,-0.00018234635354019701,1.0929431915283203,-1.8371918201446533,1.093017816543579,-1.8371860980987549,3.2003982067108154,3.7225921154022217,-0.004506280180066824,-0.0031493024434894323,-0.008033470250666142,-0.000800403009634465,-0.7995464205741882,-0.7935817241668701,-0.0021348679438233376,-0.010884454473853111,0.6056798100471497,0.5939708948135376,-0.003954052925109863,-0.0055512189865112305,-0.0021348679438233376,-0.010884454473853111,0.6056798100471497,0.5939708948135376,-0.003954052925109863,-0.0055512189865112305
139,2.8000000000000003,-0.05101080611348152,0.0004315626574680209,0.002088986337184906,-0.0016612214967608452,0.0018550567328929901,-0.00018234635354019701,-0.04266262426972389,-4.870402335654944e-06,-0.9990893602371216,0.0,0.0,0.0,0.27000001072883606,0.0,0.27087506651878357,4.874841124546947e-06,0.19294321537017822,0.193017840385437,0.06280815601348877,0.06281387805938721,3.2003982067108154,3.7225921154022217,-0.004506280180066824,-0.008033470250666142,-0.0031493024434894323,-0.000800403009634465,-0.7995464205741882,-0.7935817241668701,0.119925357401371,0.09817426651716232,0.11891773343086243,0.09769301116466522,-0.10020018368959427,-0.0995442345738411,0.11976034939289093,0.0981099009513855,0.11872150003910065,0.09765510261058807,-0.09951769560575485,-0.09888116270303726,-0.11604765057563782,-0.0003090415266342461,0.2708732783794403,2.9253740649437532e-05,-0.021322274580597878,0.0012492876267060637,0.999771773815155,-0.05091989412903786,0.0003914530680049211,0.0020944413263350725,-0.001482698367908597,0.0016124227549880743,3.0234841688070446e-05,1.0928174257278442,-1.8372312784194946,1.0928635597229004,-1.8372324705123901,3.184507131576538,3.7068254947662354,-0.00550928246229887,-0.003126157447695732,-0.008588340133428574,-0.0010636085644364357,-0.7941398024559021,-0.7881604433059692,-0.0014564469456672668,-0.011338537558913231,0.6054264903068542,0.5942376255989075,-0.004137277603149414,-0.005340576171875,-0.0014564469456672668,-0.011338537558913231,0.6054264903068542,0.5942376255989075,-0.004137277603149414,-0.005340576171875
140,2.82,-0.05091989412903786,0.0003914530680049211,0.0020944413263350725,-0.001482698367908597,0.0016124227549880743,3.0234841688070446e-05,-0.04263488948345184,-5.218822479946539e-06,-0.999090313911438,0.0,0.0,0.0,0.27000001072883606,0.0,0.2708732783794403,5.223570951784495e-06,0.19281744956970215,0.1928635835647583,0.06276869773864746,0.06276750564575195,3.184507131576538,3.7068254947662354,-0.00550928246229887,-0.008588340133428574,-0.003126157447695732,-0.0010636085644364357,-0.7941398024559021,-0.7881604433059692,0.11976034939289093,0.0981099009513855,0.11872150003910065,0.09765510261058807,-0.09951769560575485,-0.09888116270303726,0.11959913372993469,0.09803120791912079,0.11853717267513275,0.09760399162769318,-0.09895902127027512,-0.09831995517015457,-0.11706629395484924,-0.00031042637419886887,0.2708716094493866,2.7210277039557695e-05,-0.021309813484549522,0.0012490616645663977,0.9997721314430237,-0.05082440748810768,0.00041075621265918016,0.002072398317977786,-0.0015829472104087472,0.0013995359186083078,2.3698874429101124e-05,1.092681884765625,-1.8372774124145508,1.0926926136016846,-1.8372762203216553,3.1687066555023193,3.6911513805389404,-0.005756724625825882,-0.00372644467279315,-0.009661662392318249,-0.000620907754637301,-0.7895623445510864,-0.7837647795677185,-0.0013876715674996376,-0.011339101940393448,0.6054739356040955,0.59406578540802,-0.004216194152832031,-0.005486607551574707,-0.0013876715674996376,-0.011339101940393448,0.6054739356040955,0.59406578540802,-0.004216194152832031,-0.005486607551574707
141,2.84,-0.05082440748810768,0.00041075621265918016,0.002072398317977786,-0.0015829472104087472,0.0013995359186083078,2.3698874429101124e-05,-0.04260998219251633,-1.1736083251889795e-06,-0.9990917444229126,0.0,0.0,0.0,0.27000001072883606,0.0,0.2708716094493866,1.1746762993425364e-06,0.1926819086074829,0.19269263744354248,0.06272256374359131,0.06272375583648682,3.1687066555023193,3.6911513805389404,-0.005756724625825882,-0.009661662392318249,-0.00372644467279315,-0.000620907754637301,-0.7895623445510864,-0.7837647795677185,0.11959913372993469,0.09803120791912079,0.11853717267513275,0.09760399162769318,-0.09895902127027512,-0.09831995517015457,0.11945322155952454,0.09796813875436783,0.11836452782154083,0.09755796194076538,-0.09853348881006241,-0.0978926345705986,-0.11808277666568756,-0.00031311108614318073,0.2708699703216553,2.7619136744760908e-05,-0.02129630744457245,0.001249309629201889,0.9997724294662476,-0.05070972070097923,0.00039251145790331066,0.0020668255165219307,-0.0015276973135769367,0.0016243369318544865,-9.490910451859236e-05,1.0925328731536865,-1.8373197317123413,1.092515468597412,-1.837327003479004,3.1529784202575684,3.675546646118164,-0.00622038496658206,-0.003709558630362153,-0.010160266421735287,-0.0007391354301944375,-0.7860547304153442,-0.780354917049408,-0.0010810736566781998,-0.011712593957781792,0.6042342782020569,0.5956212282180786,-0.0039778947830200195,-0.006162047386169434,-0.0010810736566781998,-0.011712593957781792,0.6042342782020569,0.5956212282180786,-0.0039778947830200195,-0.006162047386169434
142,2.86,-0.05070972070097923,0.00039251145790331066,0.0020668255165219307,-0.0015276973135769367,0.0016243369318544865,-9.490910451859236e-05,-0.04258299246430397,-2.0143415895290673e-06,-0.9990929365158081,0.0,0.0,0.0,0.27000001072883606,0.0,0.2708699703216553,2.0161689917586045e-06,0.19253289699554443,0.19251549243927002,0.06268024444580078,0.06267297267913818,3.1529784202575684,3.675546646118164,-0.00622038496658206,-0.010160266421735287,-0.003709558630362153,-0.0007391354301944375,-0.7860547304153442,-0.780354917049408,0.11945322155952454,0.09796813875436783,0.11836452782154083,0.09755796194076538,-0.09853348881006241,-0.0978926345705986,0.1193046122789383,0.09791915118694305,0.1181926503777504,0.09753680229187012,-0.098117895424366,-0.09748820215463638,-0.11909709870815277,-0.00031594352913089097,0.2708685100078583,2.821941779984627e-05,-0.021282125264406204,0.0012498717987909913,0.9997727274894714,-0.05060938745737076,0.0003960159083362669,0.0020842254161834717,-0.001523773418739438,0.001613352564163506,-5.8716017520055175e-05,1.0923734903335571,-1.8373627662658691,1.0923303365707397,-1.837378740310669,3.1373157501220703,3.6600098609924316,-0.006876516155898571,-0.0035515991039574146,-0.01035227719694376,-0.0011154776439070702,-0.782796323299408,-0.7769188284873962,-0.0010841451585292816,-0.011485472321510315,0.6046933531761169,0.5947967171669006,-0.0042999982833862305,-0.005794882774353027,-0.0010841451585292816,-0.011485472321510315,0.6046933531761169,0.5947967171669006,-0.0042999982833862305,-0.005794882774353027
143,2.88,-0.05060938745737076,0.0003960159083362669,0.0020842254161834717,-0.001523773418739438,0.001613352564163506,-5.8716017520055175e-05,-0.042554646730422974,-3.226152330171317e-06,-0.9990941286087036,0.0,0.0,0.0,0.27000001072883606,0.0,0.2708685100078583,3.229077947253245e-06,0.19237351417541504,0.19233036041259766,0.06263720989227295,0.06262123584747314,3.1373157501220703,3.6600098609924316,-0.006876516155898571,-0.01035227719694376,-0.0035515991039574146,-0.0011154776439070702,-0.782796323299408,-0.7769188284873962,0.1193046122789383,0.09791915118694305,0.1181926503777504,0.09753680229187012,-0.098117895424366,-0.09748820215463638,0.11916477978229523,0.09785886853933334,0.1180313229560852,0.0974978357553482,-0.09778683632612228,-0.09717235714197159,-0.12010921537876129,-0.0003178698243573308,0.27086707949638367,2.7135682103107683e-05,-0.021267781034111977,0.0012497417628765106,0.9997729659080505,-0.05051282048225403,0.000446692924015224,0.0020685025956481695,-0.0017268516821786761,0.001522176549769938,-3.786227898672223e-05,1.0922106504440308,-1.837409257888794,1.0921345949172974,-1.8374271392822266,3.1217076778411865,3.6445248126983643,-0.006916367448866367,-0.003965592943131924,-0.011018844321370125,-0.0005930078914389014,-0.7800515294075012,-0.7744845151901245,-0.0009837746620178223,-0.011618996039032936,0.604703962802887,0.5951459407806396,-0.00432896614074707,-0.0061016082763671875,-0.0009837746620178223,-0.011618996039032936,0.604703962802887,0.5951459407806396,-0.00432896614074707,-0.0061016082763671875
144,2.9,-0.05051282048225403,0.000446692924015224,0.0020685025956481695,-0.0017268516821786761,0.001522176549769938,-3.786227898672223e-05,-0.04252597317099571,-1.1005722626578063e-06,-0.99909508228302,0.0,0.0,0.0,0.27000001072883606,0.0,0.27086707949638367,1.1015690688509494e-06,0.19221067428588867,0.19213461875915527,0.06259071826934814,0.06257283687591553,3.1217076778411865,3.6445248126983643,-0.006916367448866367,-0.011018844321370125,-0.003965592943131924,-0.0005930078914389014,-0.7800515294075012,-0.7744845151901245,0.11916477978229523,0.09785886853933334,0.1180313229560852,0.0974978357553482,-0.09778683632612228,-0.09717235714197159,0.11904076486825943,0.097812220454216,0.11788427829742432,0.09746162593364716,-0.09758240729570389,-0.09698978811502457,-0.12111906707286835,-0.00032070971792563796,0.27086561918258667,2.7840353141073138e-05,-0.021250590682029724,0.0012502543395385146,0.9997733235359192,-0.05040159076452255,0.0002677530574146658,0.0020544056314975023,-0.001032532542012632,0.0018801519181579351,6.270371522987261e-05,1.0920398235321045,-1.8374519348144531,1.0919392108917236,-1.8374793529510498,3.106135368347168,3.6290712356567383,-0.007580378092825413,-0.0033713383600115776,-0.010668669827282429,-0.0012866483302786946,-0.7784107327461243,-0.7728452086448669,-0.0008878353983163834,-0.011666925624012947,0.6037100553512573,0.5956653952598572,-0.004246234893798828,-0.006409645080566406,-0.0008878353983163834,-0.011666925624012947,0.6037100553512573,0.5956653952598572,-0.004246234893798828,-0.006409645080566406
145,2.92,-0.05040159076452255,0.0002677530574146658,0.0020544056314975023,-0.001032532542012632,0.0018801519181579351,6.270371522987261e-05,-0.042491618543863297,-2.530799974920228e-06,-0.9990965127944946,0.0,0.0,0.0,0.27000001072883606,0.0,0.27086561918258667,2.5330864446004853e-06,0.1920398473739624,0.19193923473358154,0.06254804134368896,0.06252062320709229,3.106135368347168,3.6290712356567383,-0.007580378092825413,-0.010668669827282429,-0.0033713383600115776,-0.0012866483302786946,-0.7784107327461243,-0.7728452086448669,0.11904076486825943,0.097812220454216,0.11788427829742432,0.09746162593364716,-0.09758240729570389,-0.09698978811502457,0.11890856921672821,0.09777183830738068,0.11774143576622009,0.09745997190475464,-0.09739293903112411,-0.09679654985666275,-0.122127003967762,-0.00032356102019548416,0.2708643674850464,2.8334059607004747e-05,-0.02123228646814823,0.0012504503829404712,0.9997738003730774,-0.05030827596783638,0.00047210993943735957,0.002065919106826186,-0.0017927128355950117,0.0019215141655877233,9.576509182807058e-05,1.091866374015808,-1.8374942541122437,1.0917388200759888,-1.8375298976898193,3.090593099594116,3.613649845123291,-0.0074507566168904305,-0.003798404010012746,-0.011196224018931389,-0.0005913633503951132,-0.776796817779541,-0.7713696956634521,6.422773003578186e-05,-0.012561526149511337,0.6026762127876282,0.5971999168395996,-0.004282355308532715,-0.006544351577758789,6.422773003578186e-05,-0.012561526149511337,0.6026762127876282,0.5971999168395996,-0.004282355308532715,-0.006544351577758789
146,2.94,-0.05030827596783638,0.00047210993943735957,0.002065919106826186,-0.0017927128355950117,0.0019215141655877233,9.576509182807058e-05,-0.0424550399184227,-3.5554621717892587e-06,-0.9990984201431274,0.0,0.0,0.0,0.27000001072883606,0.0,0.2708643674850464,3.55866905010771e-06,0.19186639785766602,0.19173884391784668,0.06250572204589844,0.062470078468322754,3.090593099594116,3.613649845123291,-0.0074507566168904305,-0.011196224018931389,-0.003798404010012746,-0.0005913633503951132,-0.776796817779541,-0.7713696956634521,0.11890856921672821,0.09777183830738068,0.11774143576622009,0.09745997190475464,-0.09739293903112411,-0.09679654985666275,0.11880256235599518,0.09774123132228851,0.11760395765304565,0.0974252000451088,-0.09726830571889877,-0.09672913700342178,-0.12313290685415268,-0.0003257610078435391,0.2708631753921509,2.782922820188105e-05,-0.02121298760175705,0.0012505362974479795,0.9997740983963013,-0.05021637678146362,0.00042007575393654406,0.0020589123014360666,-0.001602216507308185,0.0020092898048460484,2.494715226930566e-05,1.0916918516159058,-1.8375377655029297,1.0915368795394897,-1.8375762701034546,3.075071096420288,3.5982420444488525,-0.007609842345118523,-0.0036151683889329433,-0.011101869866251945,-0.0007804952911101282,-0.7758904099464417,-0.7706236839294434,-0.0009442893788218498,-0.011417709290981293,0.6046304106712341,0.5946416854858398,-0.004627227783203125,-0.006247758865356445,-0.0009442893788218498,-0.011417709290981293,0.6046304106712341,0.5946416854858398,-0.004627227783203125,-0.006247758865356445
147,2.96,-0.05021637678146362,0.00042007575393654406,0.0020589123014360666,-0.001602216507308185,0.0020092898048460484,2.494715226930566e-05,-0.04241646081209183,-2.5906629161909223e-06,-0.999099612236023,0.0,0.0,0.0,0.27000001072883606,0.0,0.2708631753921509,2.5929959974746453e-06,0.19169187545776367,0.19153690338134766,0.0624622106552124,0.0624237060546875,3.075071096420288,3.5982420444488525,-0.007609842345118523,-0.011101869866251945,-0.0036151683889329433,-0.0007804952911101282,-0.7758904099464417,-0.7706236839294434,0.11880256235599518,0.09774123132228851,0.11760395765304565,0.0974252000451088,-0.09726830571889877,-0.09672913700342178,0.11869589984416962,0.09770134836435318,0.11748946458101273,0.09740622341632843,-0.09725550562143326,-0.09673372656106949,-0.12413673847913742,-0.0003277320065535605,0.27086201310157776,2.6952013286063448e-05,-0.021190205588936806,0.001250830595381558,0.999774694442749,-0.05011628568172455,0.0004361661267466843,0.0020511569455266,-0.0016988810384646058,0.0024133240804076195,-0.00013895577285438776,1.0915180444717407,-1.8375794887542725,1.0913358926773071,-1.8376203775405884,3.059556245803833,3.5828330516815186,-0.007318567018955946,-0.0037573298905044794,-0.011322170495986938,-0.00043142063077539206,-0.7756025791168213,-0.770782470703125,-0.0009068790823221207,-0.011575546115636826,0.6036753058433533,0.5958766937255859,-0.004521727561950684,-0.006783127784729004,-0.0009068790823221207,-0.011575546115636826,0.6036753058433533,0.5958766937255859,-0.004521727561950684,-0.006783127784729004
148,2.98,-0.05011628568172455,0.0004361661267466843,0.0020511569455266,-0.0016988810384646058,0.0024133240804076195,-0.00013895577285438776,-0.042370930314064026,-8.811693987809122e-07,-0.999101996421814,0.0,0.0,0.0,0.27000001072883606,0.0,0.27086201310157776,8.819601475806849e-07,0.19151806831359863,0.19133591651916504,0.06242048740386963,0.06237959861755371,3.059556245803833,3.5828330516815186,-0.007318567018955946,-0.011322170495986938,-0.0037573298905044794,-0.00043142063077539206,-0.7756025791168213,-0.770782470703125,0.11869589984416962,0.09770134836435318,0.11748946458101273,0.09740622341632843,-0.09725550562143326,-0.09673372656106949,0.1185961365699768,0.09768687188625336,0.1173727810382843,0.09740838408470154,-0.09723936766386032,-0.09674660116434097,-0.12513886392116547,-0.0003303749836049974,0.2708609402179718,2.7155998395755887e-05,-0.021165315061807632,0.001251031644642353,0.9997751116752625,-0.05003376305103302,0.00029602760332636535,0.002052120165899396,-0.0011537987738847733,0.0025414617266505957,-5.062030322733335e-05,1.0913434028625488,-1.8376176357269287,1.091137170791626,-1.8376647233963013,3.0440423488616943,3.56742525100708,-0.00765853701159358,-0.0031549606937915087,-0.0108488192781806,-0.0008298897882923484,-0.7755793333053589,-0.7706786394119263,-0.0009287390857934952,-0.011418865993618965,0.6041311025619507,0.5952310562133789,-0.004744172096252441,-0.006556034088134766,-0.0009287390857934952,-0.011418865993618965,0.6041311025619507,0.5952310562133789,-0.004744172096252441,-0.006556034088134766
149,3.0,-0.05003376305103302,0.00029602760332636535,0.002052120165899396,-0.0011537987738847733,0.0025414617266505957,-5.062030322733335e-05,-0.04232117906212807,-1.3428252714220434e-06,-0.9991037249565125,0.0,0.0,0.0,0.27000001072883606,0.0,0.2708609402179718,1.3440279644783004e-06,0.19134342670440674,0.1911371946334839,0.06238234043121338,0.06233525276184082,3.0440423488616943,3.56742525100708,-0.00765853701159358,-0.0108488192781806,-0.0031549606937915087,-0.0008298897882923484,-0.7755793333053589,-0.7706786394119263,0.1185961365699768,0.09768687188625336,0.1173727810382843,0.09740838408470154,-0.09723936766386032,-0.09674660116434097,0.11850158870220184,0.0976530909538269,0.11727115511894226,0.09740006923675537,-0.09730762988328934,-0.0968150869011879,-0.12613925337791443,-0.00033340303343720734,0.2708599865436554,2.8057946110493504e-05,-0.021138569340109825,0.0012513571418821812,0.9997757077217102,-0.04995284602046013,0.0004391939437482506,0.002053318079560995,-0.0016593866748735309,0.002711675828322768,0.00016560658696107566,1.091170072555542,-1.8376518487930298,1.0909420251846313,-1.837707757949829,3.028517723083496,3.5520079135894775,-0.007465590722858906,-0.0033727819100022316,-0.010799175128340721,-0.00036780524533241987,-0.7760429978370667,-0.7712532877922058,2.5024637579917908e-05,-0.01241086795926094,0.6026577353477478,0.5969301462173462,-0.004596590995788574,-0.006957650184631348,2.5024637579917908e-05,-0.01241086795926094,0.6026577353477478,0.5969301462173462,-0.004596590995788574,-0.006957650184631348
150,3.02,-0.04995284602046013,0.0004391939437482506,0.002053318079560995,-0.0016593866748735309,0.002711675828322768,0.00016560658696107566,-0.042267728596925735,-3.19950413540937e-06,-0.9991061091423035,0.0,0.0,0.0,0.27000001072883606,0.0,0.2708599865436554,3.202366997356876e-06,0.1911700963973999,0.19094204902648926,0.062348127365112305,0.06229221820831299,3.028517723083496,3.5520079135894775,-0.007465590722858906,-0.010799175128340721,-0.0033727819100022316,-0.00036780524533241987,-0.7760429978370667,-0.7712532877922058,0.11850158870220184,0.0976530909538269,0.11727115511894226,0.09740006923675537,-0.09730762988328934,-0.0968150869011879,0.11842945218086243,0.09764106571674347,0.11717326939105988,0.09738275408744812,-0.09741624444723129,-0.09697750955820084,-0.12713779509067535,-0.00033565188641659915,0.2708590626716614,2.7567661163629964e-05,-0.021108055487275124,0.0012519019655883312,0.9997764229774475,-0.049864642322063446,0.0003732775803655386,0.002051855670288205,-0.0014651318779215217,0.003232207614928484,-0.00029476481722667813,1.0910018682479858,-1.8376864194869995,1.0907509326934814,-1.8377459049224854,3.0129783153533936,3.5365660190582275,-0.007226082496345043,-0.0030482388101518154,-0.010548548772931099,-0.0007176051149144769,-0.7769584655761719,-0.7723416090011597,-0.0012012375518679619,-0.011168520897626877,0.6042203903198242,0.5949276089668274,-0.004894256591796875,-0.006832242012023926,-0.0012012375518679619,-0.011168520897626877,0.6042203903198242,0.5949276089668274,-0.004894256591796875,-0.006832242012023926
151,3.04,-0.049864642322063446,0.0003732775803655386,0.002051855670288205,-0.0014651318779215217,0.003232207614928484,-0.00029476481722667813,-0.042206741869449615,-2.272565325256437e-06,-0.9991089701652527,0.0,0.0,0.0,0.27000001072883606,0.0,0.2708590626716614,2.27459054258361e-06,0.19100189208984375,0.19075095653533936,0.06231355667114258,0.06225407123565674,3.0129783153533936,3.5365660190582275,-0.007226082496345043,-0.010548548772931099,-0.0030482388101518154,-0.0007176051149144769,-0.7769584655761719,-0.7723416090011597,0.11842945218086243,0.09764106571674347,0.11717326939105988,0.09738275408744812,-0.09741624444723129,-0.09697750955820084,0.11834276467561722,0.09762817621231079,0.11708386242389679,0.09739738702774048,-0.09750578552484512,-0.09708607941865921,-0.12813489139080048,-0.0003380718408152461,0.2708582580089569,2.740028503467329e-05,-0.021075382828712463,0.0012520444579422474,0.99977707862854,-0.04979761317372322,0.0003171733987983316,0.0020577949471771717,-0.001231752336025238,0.0033650852274149656,-0.00013812757970299572,1.0908366441726685,-1.8377177715301514,1.0905632972717285,-1.837781310081482,2.9974241256713867,3.5211074352264404,-0.007308074273169041,-0.0026741677429527044,-0.010131961666047573,-0.0007408325327560306,-0.7776768803596497,-0.773163378238678,-0.0014856541529297829,-0.010757813230156898,0.604539155960083,0.5945326685905457,-0.005064249038696289,-0.006620168685913086,-0.0014856541529297829,-0.010757813230156898,0.604539155960083,0.5945326685905457,-0.005064249038696289,-0.006620168685913086
152,3.06,-0.04979761317372322,0.0003171733987983316,0.0020577949471771717,-0.001231752336025238,0.0033650852274149656,-0.00013812757970299572,-0.04214143753051758,-2.0137194951530546e-06,-0.9991115927696228,0.0,0.0,0.0,0.27000001072883606,0.0,0.2708582580089569,2.0155102902208455e-06,0.19083666801452637,0.19056332111358643,0.06228220462799072,0.062218666076660156,2.9974241256713867,3.5211074352264404,-0.007308074273169041,-0.010131961666047573,-0.0026741677429527044,-0.0007408325327560306,-0.7776768803596497,-0.773163378238678,0.11834276467561722,0.09762817621231079,0.11708386242389679,0.09739738702774048,-0.09750578552484512,-0.09708607941865921,0.11827106773853302,0.09760839492082596,0.11700083315372467,0.09739150106906891,-0.09765619784593582,-0.09725181013345718,-0.12913058698177338,-0.00034074526047334075,0.2708575427532196,2.7670808776747435e-05,-0.0210407841950655,0.0012518982402980328,0.9997777938842773,-0.049731168895959854,0.00034352330840192735,0.0020550962071865797,-0.001307524973526597,0.0035448025446385145,8.23472291813232e-05,1.0906751155853271,-1.8377448320388794,1.0903807878494263,-1.8378148078918457,2.9818456172943115,3.5056240558624268,-0.0071586971171200275,-0.002660265890881419,-0.009827680885791779,-0.000510864716488868,-0.7788158655166626,-0.7745217680931091,-0.0005823150277137756,-0.011760316789150238,0.603099524974823,0.5963042974472046,-0.004785299301147461,-0.007188558578491211,-0.0005823150277137756,-0.011760316789150238,0.603099524974823,0.5963042974472046,-0.004785299301147461,-0.007188558578491211
153,3.08,-0.049731168895959854,0.00034352330840192735,0.0020550962071865797,-0.001307524973526597,0.0035448025446385145,8.23472291813232e-05,-0.04207228869199753,-2.6474808692000806e-06,-0.999114453792572,0.0,0.0,0.0,0.27000001072883606,0.0,0.2708575427532196,2.6498262286622776e-06,0.19067513942718506,0.19038081169128418,0.062255144119262695,0.06218516826629639,2.9818456172943115,3.5056240558624268,-0.0071586971171200275,-0.009827680885791779,-0.002660265890881419,-0.000510864716488868,-0.7788158655166626,-0.7745217680931091,0.11827106773853302,0.09760839492082596,0.11700083315372467,0.09739150106906891,-0.09765619784593582,-0.09725181013345718,0.11821193993091583,0.09759946167469025,0.11692540347576141,0.09738615155220032,-0.09784812480211258,-0.09747586399316788,-0.13012458384037018,-0.0003433272067923099,0.2708568274974823,2.7821412004414015e-05,-0.0210020300000906,0.00125259964261204,0.9997785687446594,-0.04965774714946747,0.0003614562447182834,0.002031275536864996,-0.0013956674374639988,0.003978497348725796,-0.00011897337390109897,1.0905193090438843,-1.8377704620361328,1.0902049541473389,-1.8378444910049438,2.966240167617798,3.4901044368743896,-0.006669395137578249,-0.002613131422549486,-0.0097366813570261,-0.0001360099413432181,-0.780292809009552,-0.776308000087738,-0.0005751913413405418,-0.01176934689283371,0.6028321385383606,0.5963103771209717,-0.004884243011474609,-0.00725102424621582,-0.0005751913413405418,-0.01176934689283371,0.6028321385383606,0.5963103771209717,-0.004884243011474609,-0.00725102424621582
154,3.1,-0.04965774714946747,0.0003614562447182834,0.002031275536864996,-0.0013956674374639988,0.003978497348725796,-0.00011897337390109897,-0.04199482873082161,-3.0162300390657037e-06,-0.9991175532341003,0.0,0.0,0.0,0.27000001072883606,0.0,0.2708568274974823,3.0188937216735212e-06,0.1905193328857422,0.19020497798919678,0.06222951412200928,0.06215548515319824,2.966240167617798,3.4901044368743896,-0.006669395137578249,-0.0097366813570261,-0.002613131422549486,-0.0001360099413432181,-0.780292809009552,-0.776308000087738,0.11821193993091583,0.09759946167469025,0.11692540347576141,0.09738615155220032,-0.09784812480211258,-0.09747586399316788,0.11814934015274048,0.09760284423828125,0.11685119569301605,0.09740227460861206,-0.09801071137189865,-0.09766877442598343,-0.13111740350723267,-0.00034516816958785057,0.2708560526371002,2.6619214622769505e-05,-0.020960383117198944,0.0012527286307886243,0.999779462814331,-0.04959961026906967,0.00023602813598699868,0.002026693429797888,-0.0009278886718675494,0.004163624718785286,-7.965744589455426e-05,1.0903692245483398,-1.8377962112426758,1.090032696723938,-1.8378697633743286,2.95060658454895,3.4745559692382812,-0.006608469877392054,-0.0022199521772563457,-0.009283129125833511,-0.0002784893731586635,-0.7816585898399353,-0.7777403593063354,-0.001245591789484024,-0.010986028239130974,0.6042110323905945,0.5947592854499817,-0.005204439163208008,-0.006860971450805664,-0.001245591789484024,-0.010986028239130974,0.6042110323905945,0.5947592854499817,-0.005204439163208008,-0.006860971450805664
155,3.12,-0.04959961026906967,0.00023602813598699868,0.002026693429797888,-0.0009278886718675494,0.004163624718785286,-7.965744589455426e-05,-0.04191158711910248,-7.113449100870639e-07,-0.9991211295127869,0.0,0.0,0.0,0.27000001072883606,0.0,0.2708560526371002,7.119692213564122e-07,0.19036924839019775,0.1900327205657959,0.06220376491546631,0.06213021278381348,2.95060658454895,3.4745559692382812,-0.006608469877392054,-0.009283129125833511,-0.0022199521772563457,-0.0002784893731586635,-0.7816585898399353,-0.7777403593063354,0.11814934015274048,0.09760284423828125,0.11685119569301605,0.09740227460861206,-0.09801071137189865,-0.09766877442598343,0.11808869987726212,0.0975899025797844,0.11678595840930939,0.09741032123565674,-0.09821333736181259,-0.09786844998598099,-0.13210904598236084,-0.0003482529427856207,0.2708554267883301,2.758275695668999e-05,-0.02091730199754238,0.0012526100035756826,0.9997803568840027,-0.04954236000776291,0.0002869282034225762,0.0020228680223226547,-0.001091178273782134,0.004368305206298828,5.383643292589113e-05,1.090222716331482,-1.8378145694732666,1.0898689031600952,-1.8378965854644775,2.934941053390503,3.4589765071868896,-0.006441367324441671,-0.0021134200505912304,-0.008898952975869179,-0.00016273336950689554,-0.7832491993904114,-0.779309868812561,-0.0009736344218254089,-0.011263484135270119,0.6033905744552612,0.5954565405845642,-0.005074501037597656,-0.0070912837982177734,-0.0009736344218254089,-0.011263484135270119,0.6033905744552612,0.5954565405845642,-0.005074501037597656,-0.0070912837982177734
156,3.14,-0.04954236000776291,0.0002869282034225762,0.0020228680223226547,-0.001091178273782134,0.004368305206298828,5.383643292589113e-05,-0.04182548448443413,-2.750952262431383e-06,-0.9991247057914734,0.0,0.0,0.0,0.27000001072883606,0.0,0.2708554267883301,2.7533628781384323e-06,0.19022274017333984,0.18986892700195312,0.06218540668487549,0.06210339069366455,2.934941053390503,3.4589765071868896,-0.006441367324441671,-0.008898952975869179,-0.0021134200505912304,-0.00016273336950689554,-0.7832491993904114,-0.779309868812561,0.11808869987726212,0.0975899025797844,0.11678595840930939,0.09741032123565674,-0.09821333736181259,-0.09786844998598099,0.11804240942001343,0.09758706390857697,0.11672140657901764,0.09740857779979706,-0.09841745346784592,-0.09810442477464676,-0.13309939205646515,-0.00035081806709058583,0.27085480093955994,2.7739886718336493e-05,-0.020870385691523552,0.0012535065179690719,0.9997814297676086,-0.049476999789476395,0.00018541098688729107,0.002023766515776515,-0.0007361371535807848,0.00488094799220562,-0.00018981828179676086,1.0900824069976807,-1.8378324508666992,1.0897114276885986,-1.8379193544387817,2.919246196746826,3.4433586597442627,-0.006314165890216827,-0.001624546479433775,-0.00838196836411953,-0.0006058239960111678,-0.7849384546279907,-0.781025767326355,-0.0010954439640045166,-0.01117531955242157,0.6033887267112732,0.5953826904296875,-0.0051898956298828125,-0.007132172584533691,-0.0010954439640045166,-0.01117531955242157,0.6033887267112732,0.5953826904296875,-0.0051898956298828125,-0.007132172584533691
157,3.16,-0.049476999789476395,0.00018541098688729107,0.002023766515776515,-0.0007361371535807848,0.00488094799220562,-0.00018981828179676086,-0.04173171892762184,-3.145320079056546e-06,-0.9991289973258972,0.0,0.0,0.0,0.27000001072883606,0.0,0.27085480093955994,3.148061523461365e-06,0.19008243083953857,0.18971145153045654,0.06216752529144287,0.06208062171936035,2.919246196746826,3.4433586597442627,-0.006314165890216827,-0.00838196836411953,-0.001624546479433775,-0.0006058239960111678,-0.7849384546279907,-0.781025767326355,0.11804240942001343,0.09758706390857697,0.11672140657901764,0.09740857779979706,-0.09841745346784592,-0.09810442477464676,0.1179807037115097,0.09758540987968445,0.11665553599596024,0.097432941198349,-0.09855415672063828,-0.09824848920106888,-0.13408872485160828,-0.0003529923560563475,0.2708541452884674,2.7167374355485663e-05,-0.02082142047584057,0.0012535755522549152,0.9997823238372803,-0.049432434141635895,0.000552523648366332,0.0020131696946918964,-0.002117686904966831,0.004951498005539179,-6.93229740136303e-05,1.0899473428726196,-1.8378498554229736,1.0895568132400513,-1.8379377126693726,2.9035263061523438,3.4277186393737793,-0.005250891204923391,-0.0027905532624572515,-0.009089824743568897,0.0010892108548432589,-0.7858124375343323,-0.7824690937995911,-4.1583552956581116e-06,-0.012339351698756218,0.6022193431854248,0.5972460508346558,-0.004966855049133301,-0.007552742958068848,-4.1583552956581116e-06,-0.012339351698756218,0.6022193431854248,0.5972460508346558,-0.004966855049133301,-0.007552742958068848
158,3.18,-0.049432434141635895,0.000552523648366332,0.0020131696946918964,-0.002117686904966831,0.004951498005539179,-6.93229740136303e-05,-0.04163384437561035,-2.120475983247161e-06,-0.9991325736045837,0.0,0.0,0.0,0.27000001072883606,0.0,0.2708541452884674,2.1223158910288475e-06,0.18994736671447754,0.18955683708190918,0.06215012073516846,0.06206226348876953,2.9035263061523438,3.4277186393737793,-0.005250891204923391,-0.009089824743568897,-0.0027905532624572515,0.0010892108548432589,-0.7858124375343323,-0.7824690937995911,0.1179807037115097,0.09758540987968445,0.11665553599596024,0.097432941198349,-0.09855415672063828,-0.09824848920106888,0.11794398725032806,0.09759952127933502,0.11658448725938797,0.09741955250501633,-0.09868989139795303,-0.09846488386392593,-0.13507698476314545,-0.00035573431523516774,0.27085357904434204,2.7473208319861442e-05,-0.020770864561200142,0.0012533693807199597,0.9997833967208862,-0.04938288405537605,0.000251151155680418,0.0020168719347566366,-0.000956070376560092,0.005137760657817125,7.659108086954802e-05,1.089815378189087,-1.8378626108169556,1.089409351348877,-1.8379566669464111,2.8877835273742676,3.4120471477508545,-0.005900333169847727,-0.0016603723634034395,-0.007851197384297848,-0.0001289230422116816,-0.7871339321136475,-0.7838500142097473,-0.0004229610785841942,-0.01184106059372425,0.6032440066337585,0.5957438349723816,-0.0050122737884521484,-0.00743412971496582,-0.0004229610785841942,-0.01184106059372425,0.6032440066337585,0.5957438349723816,-0.0050122737884521484,-0.00743412971496582
159,3.2,-0.04938288405537605,0.000251151155680418,0.0020168719347566366,-0.000956070376560092,0.005137760657817125,7.659108086954802e-05,-0.04153279960155487,-2.8673857741523534e-06,-0.9991368651390076,0.0,0.0,0.0,0.27000001072883606,0.0,0.27085357904434204,2.869860281862202e-06,0.18981540203094482,0.18940937519073486,0.06213736534118652,0.06204330921173096,2.8877835273742676,3.4120471477508545,-0.005900333169847727,-0.007851197384297848,-0.0016603723634034395,-0.0001289230422116816,-0.7871339321136475,-0.7838500142097473,0.11794398725032806,0.09759952127933502,0.11658448725938797,0.09741955250501633,-0.09868989139795303,-0.09846488386392593,0.11788177490234375,0.09757383912801743,0.11653313040733337,0.09743322432041168,-0.09886776655912399,-0.09862033277750015,-0.13606424629688263,-0.0003576268791221082,0.2708529233932495,2.643671541591175e-05,-0.02071749046444893,0.0012538105947896838,0.9997845888137817,-0.049328386783599854,0.0004900663625448942,0.0019899930339306593,-0.0019143425161018968,0.005510440096259117,-0.0002238008164567873,1.0896905660629272,-1.8378773927688599,1.0892651081085205,-1.8379703760147095,2.872016191482544,3.396348714828491,-0.004724045749753714,-0.0026061595417559147,-0.008636889047920704,0.0012032979866489768,-0.7882856726646423,-0.7854021787643433,0.0003270115703344345,-0.012726778164505959,0.6014872789382935,0.597783088684082,-0.004889726638793945,-0.007867217063903809,0.0003270115703344345,-0.012726778164505959,0.6014872789382935,0.597783088684082,-0.004889726638793945,-0.007867217063903809
160,3.22,-0.049328386783599854,0.0004900663625448942,0.0019899930339306593,-0.0019143425161018968,0.005510440096259117,-0.0002238008164567873,-0.041426122188568115,-9.104223863687366e-07,-0.9991416335105896,0.0,0.0,0.0,0.27000001072883606,0.0,0.2708529233932495,9.112055749938008e-07,0.18969058990478516,0.18926513195037842,0.06212258338928223,0.06202960014343262,2.872016191482544,3.396348714828491,-0.004724045749753714,-0.008636889047920704,-0.0026061595417559147,0.0012032979866489768,-0.7882856726646423,-0.7854021787643433,0.11788177490234375,0.09757383912801743,0.11653313040733337,0.09743322432041168,-0.09886776655912399,-0.09862033277750015,0.11783900856971741,0.09759597480297089,0.11646023392677307,0.09744462370872498,-0.09895577281713486,-0.09875524789094925,-0.13705052435398102,-0.0003612304572016001,0.27085229754447937,2.8403002943377942e-05,-0.0206618532538414,0.001254191854968667,0.9997857213020325,-0.04928357154130936,0.0004206072189845145,0.0020033493638038635,-0.0016093984013423324,0.005666253622621298,-0.00010284957534167916,1.089564561843872,-1.8378844261169434,1.089129090309143,-1.8379888534545898,2.8562309741973877,3.380631446838379,-0.005118353292346001,-0.0019060717895627022,-0.0078101265244185925,0.0005222343024797738,-0.7892141342163086,-0.786147952079773,0.0004825768992304802,-0.012744545936584473,0.6020275950431824,0.5970556139945984,-0.004939079284667969,-0.007643222808837891,0.0004825768992304802,-0.012744545936584473,0.6020275950431824,0.5970556139945984,-0.004939079284667969,-0.007643222808837891
161,3.24,-0.04928357154130936,0.0004206072189845145,0.0020033493638038635,-0.0016093984013423324,0.005666253622621298,-0.00010284957534167916,-0.04131492227315903,-4.9659756768960506e-06,-0.9991461634635925,0.0,0.0,0.0,0.27000001072883606,0.0,0.27085229754447937,4.970219833921874e-06,0.18956458568572998,0.18912911415100098,0.06211555004119873,0.062011122703552246,2.8562309741973877,3.380631446838379,-0.005118353292346001,-0.0078101265244185925,-0.0019060717895627022,0.0005222343024797738,-0.7892141342163086,-0.786147952079773,0.11783900856971741,0.09759597480297089,0.11646023392677307,0.09744462370872498,-0.09895577281713486,-0.09875524789094925,0.11778135597705841,0.09757830202579498,0.11639653146266937,0.09744614362716675,-0.09903738647699356,-0.09884903579950333,-0.13803602755069733,-0.0003628323902375996,0.27085167169570923,2.6754119971883483e-05,-0.020605841651558876,0.0012543881312012672,0.9997868537902832,-0.0492430217564106,0.0003157421597279608,0.001993588637560606,-0.0012176265008747578,0.005733538884669542,-6.690769805572927e-05,1.0894451141357422,-1.8378969430923462,1.0889925956726074,-1.837998628616333,2.840432643890381,3.364898681640625,-0.00513641769066453,-0.0016611486207693815,-0.007501066196709871,0.00033380999229848385,-0.7898932099342346,-0.786881148815155,-0.0007039280608296394,-0.011493189260363579,0.603657603263855,0.595175564289093,-0.0052558183670043945,-0.007282376289367676,-0.0007039280608296394,-0.011493189260363579,0.603657603263855,0.595175564289093,-0.0052558183670043945,-0.007282376289367676
162,3.2600000000000002,-0.0492430217564106,0.0003157421597279608,0.001993588637560606,-0.0012176265008747578,0.005733538884669542,-6.690769805572927e-05,-0.04120296612381935,-1.8013888620771468e-06,-0.9991506934165955,0.0,0.0,0.0,0.27000001072883606,0.0,0.27085167169570923,1.8029198827207438e-06,0.1894451379776001,0.18899261951446533,0.0621030330657959,0.06200134754180908,2.840432643890381,3.364898681640625,-0.00513641769066453,-0.007501066196709871,-0.0016611486207693815,0.00033380999229848385,-0.7898932099342346,-0.786881148815155,0.11778135597705841,0.09757830202579498,0.11639653146266937,0.09744614362716675,-0.09903738647699356,-0.09884903579950333,0.1177276074886322,0.09756345301866531,0.116334468126297,0.09744863212108612,-0.09914269298315048,-0.09893897920846939,-0.1390203982591629,-0.00036562044988386333,0.27085092663764954,2.7376312573323958e-05,-0.020546913146972656,0.0012548856902867556,0.9997881054878235,-0.04919082298874855,0.0004261525464244187,0.00196642754599452,-0.0016436835285276175,0.006057176738977432,-0.00013039555051364005,1.0893279314041138,-1.8379054069519043,1.0888609886169434,-1.8380117416381836,2.824620008468628,3.349149465560913,-0.004607418552041054,-0.0020212591625750065,-0.00774246035143733,0.0009802121203392744,-0.7905729413032532,-0.7877702713012695,0.0003746636211872101,-0.012724461033940315,0.601332426071167,0.5979384779930115,-0.0048143863677978516,-0.00803375244140625,0.0003746636211872101,-0.012724461033940315,0.601332426071167,0.5979384779930115,-0.0048143863677978516,-0.00803375244140625
163,3.2800000000000002,-0.04919082298874855,0.0004261525464244187,0.00196642754599452,-0.0016436835285276175,0.006057176738977432,-0.00013039555051364005,-0.04108518734574318,-3.172968717990443e-06,-0.9991557002067566,0.0,0.0,0.0,0.27000001072883606,0.0,0.27085092663764954,3.1756499083712697e-06,0.18932795524597168,0.18886101245880127,0.06209456920623779,0.061988234519958496,2.824620008468628,3.349149465560913,-0.004607418552041054,-0.00774246035143733,-0.0020212591625750065,0.0009802121203392744,-0.7905729413032532,-0.7877702713012695,0.1177276074886322,0.09756345301866531,0.116334468126297,0.09744863212108612,-0.09914269298315048,-0.09893897920846939,0.11767512559890747,0.09757430851459503,0.11625714600086212,0.0974612683057785,-0.09915833920240402,-0.09898225218057632,-0.14000394940376282,-0.0003679825458675623,0.2708502411842346,2.7101921659777872e-05,-0.02048686519265175,0.0012550964020192623,0.9997893571853638,-0.049150411039590836,0.00037774225347675383,0.001963757211342454,-0.0014540085103362799,0.006087482441216707,-9.275747288484126e-05,1.0892127752304077,-1.8379136323928833,1.088731050491333,-1.8380224704742432,2.8088016510009766,3.333395004272461,-0.004666861612349749,-0.0017749470425769687,-0.007494920399039984,0.0008755947928875685,-0.7908045053482056,-0.7879907488822937,0.00030722562223672867,-0.01248232927173376,0.602211058139801,0.596707284450531,-0.005028963088989258,-0.00759124755859375,0.00030722562223672867,-0.01248232927173376,0.602211058139801,0.596707284450531,-0.005028963088989258,-0.00759124755859375
164,3.3000000000000003,-0.049150411039590836,0.00037774225347675383,0.001963757211342454,-0.0014540085103362799,0.006087482441216707,-9.275747288484126e-05,-0.04096516594290733,-2.7664464141707867e-06,-0.999160647392273,0.0,0.0,0.0,0.27000001072883606,0.0,0.2708502411842346,2.7687690362654394e-06,0.18921279907226562,0.18873107433319092,0.06208634376525879,0.061977505683898926,2.8088016510009766,3.333395004272461,-0.004666861612349749,-0.007494920399039984,-0.0017749470425769687,0.0008755947928875685,-0.7908045053482056,-0.7879907488822937,0.11767512559890747,0.09757430851459503,0.11625714600086212,0.0974612683057785,-0.09915833920240402,-0.09898225218057632,0.11761529743671417,0.09755820035934448,0.1161872148513794,0.09746082127094269,-0.0991835817694664,-0.09900624305009842,-0.14098656177520752,-0.00037045785575173795,0.2708495259284973,2.703000427572988e-05,-0.020426178351044655,0.0012550904648378491,0.9997905492782593,-0.04910760372877121,0.0003492133691906929,0.00195618299767375,-0.0013320175930857658,0.0061284443363547325,2.560629764047917e-05,1.0890991687774658,-1.837920904159546,1.088602900505066,-1.8380329608917236,2.7929787635803223,3.3176376819610596,-0.004736060276627541,-0.0016541029326617718,-0.007290477864444256,0.0008008803124539554,-0.7910301685333252,-0.788183867931366,0.0003482401371002197,-0.012591993436217308,0.6021507382392883,0.5972054600715637,-0.004950404167175293,-0.007808685302734375,0.0003482401371002197,-0.012591993436217308,0.6021507382392883,0.5972054600715637,-0.004950404167175293,-0.007808685302734375
165,3.3200000000000003,-0.04910760372877121,0.0003492133691906929,0.00195618299767375,-0.0013320175930857658,0.0061284443363547325,2.560629764047917e-05,-0.040843866765499115,-2.7752830646932125e-06,-0.999165415763855,0.0,0.0,0.0,0.27000001072883606,0.0,0.2708495259284973,2.7775993203249527e-06,0.18909919261932373,0.18860292434692383,0.06207907199859619,0.06196701526641846,2.7929787635803223,3.3176376819610596,-0.004736060276627541,-0.007290477864444256,-0.0016541029326617718,0.0008008803124539554,-0.7910301685333252,-0.788183867931366,0.11761529743671417,0.09755820035934448,0.1161872148513794,0.09746082127094269,-0.0991835817694664,-0.09900624305009842,0.11755906045436859,0.09754577279090881,0.1161152720451355,0.09745867550373077,-0.09920612722635269,-0.09902805835008621,-0.14196817576885223,-0.00037306512240320444,0.27084869146347046,2.7236817913944833e-05,-0.020363491028547287,0.0012558514717966318,0.9997918009757996,-0.04905245825648308,0.00025067615206353366,0.0019502819050103426,-0.0009737570071592927,0.006497049704194069,-9.771186159923673e-05,1.0889865159988403,-1.8379276990890503,1.0884771347045898,-1.8380444049835205,2.7771546840667725,3.301875352859497,-0.004858334083110094,-0.0013040914200246334,-0.0069443355314433575,0.0002239714376628399,-0.7912267446517944,-0.7882261276245117,-2.2553838789463043e-05,-0.012199226766824722,0.6019293665885925,0.5970126390457153,-0.004952073097229004,-0.00784158706665039,-2.2553838789463043e-05,-0.012199226766824722,0.6019293665885925,0.5970126390457153,-0.004952073097229004,-0.00784158706665039
166,3.34,-0.04905245825648308,0.00025067615206353366,0.0019502819050103426,-0.0009737570071592927,0.006497049704194069,-9.771186159923673e-05,-0.04071857035160065,-3.315257345093414e-06,-0.9991704225540161,0.0,0.0,0.0,0.27000001072883606,0.0,0.27084869146347046,3.3180072023242246e-06,0.18898653984069824,0.18847715854644775,0.0620722770690918,0.06195557117462158,2.7771546840667725,3.301875352859497,-0.004858334083110094,-0.0069443355314433575,-0.0013040914200246334,0.0002239714376628399,-0.7912267446517944,-0.7882261276245117,0.11755906045436859,0.09754577279090881,0.1161152720451355,0.09745867550373077,-0.09920612722635269,-0.09902805835008621,0.11748714745044708,0.09753759205341339,0.11603182554244995,0.09747660160064697,-0.0991315171122551,-0.09894336014986038,-0.14294898509979248,-0.00037538239848800004,0.270847886800766,2.6892921596299857e-05,-0.020300431177020073,0.0012557924492284656,0.9997930526733398,-0.04901556670665741,0.0003705296549014747,0.0019360983278602362,-0.0014191655209288,0.006398925092071295,-2.9688635549973696e-05,1.0888749361038208,-1.8379350900650024,1.0883498191833496,-1.8380541801452637,2.7613399028778076,3.2861266136169434,-0.004580224398523569,-0.0016969903372228146,-0.007328500971198082,0.0008968265610747039,-0.7905827760696411,-0.787659764289856,0.0005223238840699196,-0.012629617936909199,0.6015415787696838,0.5975021123886108,-0.0049190521240234375,-0.0077484846115112305,0.0005223238840699196,-0.012629617936909199,0.6015415787696838,0.5975021123886108,-0.0049190521240234375,-0.0077484846115112305
167,3.36,-0.04901556670665741,0.0003705296549014747,0.0019360983278602362,-0.0014191655209288,0.006398925092071295,-2.9688635549973696e-05,-0.04059252887964249,-2.7884561859536916e-06,-0.9991754293441772,0.0,0.0,0.0,0.27000001072883606,0.0,0.270847886800766,2.790757662296528e-06,0.1888749599456787,0.18834984302520752,0.06206488609313965,0.06194579601287842,2.7613399028778076,3.2861266136169434,-0.004580224398523569,-0.007328500971198082,-0.0016969903372228146,0.0008968265610747039,-0.7905827760696411,-0.787659764289856,0.11748714745044708,0.09753759205341339,0.11603182554244995,0.09747660160064697,-0.0991315171122551,-0.09894336014986038,0.11742667853832245,0.09752704203128815,0.11594615131616592,0.09746338427066803,-0.099065862596035,-0.09889573603868484,-0.14392898976802826,-0.0003779327089432627,0.2708471119403839,2.7018917535315268e-05,-0.02023754082620144,0.001256076036952436,0.9997944235801697,-0.04897034168243408,0.0002669446403160691,0.00193750427570194,-0.0010068898554891348,0.0064283874817192554,0.00016205516294576228,1.0887625217437744,-1.837942123413086,1.0882227420806885,-1.8380649089813232,2.7455356121063232,3.270387649536133,-0.004993615671992302,-0.0013650953769683838,-0.006877973210066557,0.0002971228677779436,-0.7901625633239746,-0.7871322631835938,0.0004849191755056381,-0.012590233236551285,0.6018845438957214,0.597294270992279,-0.004899859428405762,-0.007805585861206055,0.0004849191755056381,-0.012590233236551285,0.6018845438957214,0.597294270992279,-0.004899859428405762,-0.007805585861206055
168,3.38,-0.04897034168243408,0.0002669446403160691,0.00193750427570194,-0.0010068898554891348,0.0064283874817192554,0.00016205516294576228,-0.040466826409101486,-3.1869458325672895e-06,-0.9991809129714966,0.0,0.0,0.0,0.27000001072883606,0.0,0.2708471119403839,3.1895601750875358e-06,0.18876254558563232,0.1882227659225464,0.06205785274505615,0.06193506717681885,2.7455356121063232,3.270387649536133,-0.004993615671992302,-0.006877973210066557,-0.0013650953769683838,0.0002971228677779436,-0.7901625633239746,-0.7871322631835938,0.11742667853832245,0.09752704203128815,0.11594615131616592,0.09746338427066803,-0.099065862596035,-0.09889573603868484,0.1173555999994278,0.09750402718782425,0.11586467921733856,0.09746034443378448,-0.09900260716676712,-0.09882224351167679,-0.14490799605846405,-0.0003803647414315492,0.2708461880683899,2.690986184461508e-05,-0.020173417404294014,0.0012565810466185212,0.9997956156730652,-0.0489165261387825,0.00022871923283673823,0.001908314530737698,-0.0008991300128400326,0.006637124810367823,-0.0002042445121333003,1.0886504650115967,-1.8379499912261963,1.0880955457687378,-1.8380757570266724,2.729743003845215,3.2546589374542236,-0.004824155941605568,-0.0012545110657811165,-0.007087096106261015,0.00030391098698601127,-0.7896669507026672,-0.7865201234817505,-5.289539694786072e-05,-0.01207679696381092,0.6021245121955872,0.5969432592391968,-0.004978060722351074,-0.007839798927307129,-5.289539694786072e-05,-0.01207679696381092,0.6021245121955872,0.5969432592391968,-0.004978060722351074,-0.007839798927307129
169,3.4,-0.0489165261387825,0.00022871923283673823,0.001908314530737698,-0.0008991300128400326,0.006637124810367823,-0.0002042445121333003,-0.040338654071092606,-3.109653334831819e-06,-0.9991856813430786,0.0,0.0,0.0,0.27000001072883606,0.0,0.2708461880683899,3.1121878691919846e-06,0.1886504888534546,0.1880955696105957,0.0620499849319458,0.06192421913146973,2.729743003845215,3.2546589374542236,-0.004824155941605568,-0.007087096106261015,-0.0012545110657811165,0.00030391098698601127,-0.7896669507026672,-0.7865201234817505,0.1173555999994278,0.09750402718782425,0.11586467921733856,0.09746034443378448,-0.09900260716676712,-0.09882224351167679,0.11727939546108246,0.09749425947666168,0.11577294766902924,0.09747011959552765,-0.09888116270303726,-0.09868953377008438,-0.14588606357574463,-0.00038213562220335007,0.2708452641963959,2.558805499575101e-05,-0.02010885626077652,0.001256738556548953,0.9997969269752502,-0.04887280613183975,0.00030004247673787177,0.0019054327858611941,-0.0011709552491083741,0.006549464073032141,-7.04147169017233e-05,1.0885387659072876,-1.837960124015808,1.087964653968811,-1.8380849361419678,2.713967800140381,3.2389519214630127,-0.004648943897336721,-0.001656874199397862,-0.0074419621378183365,0.000792043749243021,-0.7886251211166382,-0.7855830788612366,0.0002271123230457306,-0.01222845260053873,0.6020393371582031,0.5970832109451294,-0.004960536956787109,-0.0077228546142578125,0.0002271123230457306,-0.01222845260053873,0.6020393371582031,0.5970832109451294,-0.004960536956787109,-0.0077228546142578125
170,3.42,-0.04887280613183975,0.00030004247673787177,0.0019054327858611941,-0.0011709552491083741,0.006549464073032141,-7.04147169017233e-05,-0.040209610015153885,-6.225673132576048e-07,-0.9991909265518188,0.0,0.0,0.0,0.27000001072883606,0.0,0.2708452641963959,6.23072423877602e-07,0.1885387897491455,0.18796467781066895,0.062039852142333984,0.061915040016174316,2.713967800140381,3.2389519214630127,-0.004648943897336721,-0.0074419621378183365,-0.001656874199397862,0.000792043749243021,-0.7886251211166382,-0.7855830788612366,0.11727939546108246,0.09749425947666168,0.11577294766902924,0.09747011959552765,-0.09888116270303726,-0.09868953377008438,0.11720915138721466,0.09748082607984543,0.11567921936511993,0.09745924174785614,-0.09876225143671036,-0.09857971221208572,-0.1468631476163864,-0.00038508803118020296,0.27084437012672424,2.626605419209227e-05,-0.02004503645002842,0.0012566428631544113,0.9997982382774353,-0.04882263392210007,0.0003298083902336657,0.0019100270001217723,-0.0012595789739862084,0.006556636653840542,4.199525938020088e-05,1.088423252105713,-1.8379666805267334,1.087835669517517,-1.8380979299545288,2.698209285736084,3.2232649326324463,-0.0049106040969491005,-0.001613596105016768,-0.007265410851687193,0.0004896579775959253,-0.7877269983291626,-0.7846132516860962,0.000520048663020134,-0.012540139257907867,0.6017462611198425,0.5975441336631775,-0.0047653913497924805,-0.007990479469299316,0.000520048663020134,-0.012540139257907867,0.6017462611198425,0.5975441336631775,-0.0047653913497924805,-0.007990479469299316
171,3.44,-0.04882263392210007,0.0003298083902336657,0.0019100270001217723,-0.0012595789739862084,0.006556636653840542,4.199525938020088e-05,-0.04008205235004425,-2.1426058083307e-06,-0.9991961717605591,0.0,0.0,0.0,0.27000001072883606,0.0,0.27084437012672424,2.144327481801156e-06,0.1884232759475708,0.187835693359375,0.06203329563140869,0.06190204620361328,2.698209285736084,3.2232649326324463,-0.0049106040969491005,-0.007265410851687193,-0.001613596105016768,0.0004896579775959253,-0.7877269983291626,-0.7846132516860962,0.11720915138721466,0.09748082607984543,0.11567921936511993,0.09745924174785614,-0.09876225143671036,-0.09857971221208572,0.11713479459285736,0.09746059775352478,0.11558698117733002,0.09744779765605927,-0.09863316267728806,-0.09846393018960953,-0.14783890545368195,-0.0003882602322846651,0.27084335684776306,2.7602582122199237e-05,-0.01997954770922661,0.0012573872227221727,0.9997995495796204,-0.04876343533396721,0.00027230579871684313,0.0018965156050398946,-0.0010508751729503274,0.006771214306354523,-0.00016457968740724027,1.088305115699768,-1.8379733562469482,1.0877070426940918,-1.8381125926971436,2.6824750900268555,3.207594156265259,-0.005118491593748331,-0.001273040659725666,-0.007143362890928984,7.050414569675922e-05,-0.78676438331604,-0.783554196357727,0.00046158768236637115,-0.01247376762330532,0.6014849543571472,0.5976817607879639,-0.004778265953063965,-0.00804591178894043,0.00046158768236637115,-0.01247376762330532,0.6014849543571472,0.5976817607879639,-0.004778265953063965,-0.00804591178894043
172,3.46,-0.04876343533396721,0.00027230579871684313,0.0018965156050398946,-0.0010508751729503274,0.006771214306354523,-0.00016457968740724027,-0.039951156824827194,-4.950041329720989e-06,-0.9992014169692993,0.0,0.0,0.0,0.27000001072883606,0.0,0.27084335684776306,4.95399717692635e-06,0.18830513954162598,0.1877070665359497,0.06202661991119385,0.061887383460998535,2.6824750900268555,3.207594156265259,-0.005118491593748331,-0.007143362890928984,-0.001273040659725666,7.050414569675922e-05,-0.78676438331604,-0.783554196357727,0.11713479459285736,0.09746059775352478,0.11558698117733002,0.09744779765605927,-0.09863316267728806,-0.09846393018960953,0.11704730987548828,0.09744393080472946,0.11548629403114319,0.09745433926582336,-0.09844624251127243,-0.09827185422182083,-0.14881391823291779,-0.0003899763396475464,0.27084243297576904,2.6080699171870947e-05,-0.01991482451558113,0.0012572823325172067,0.9998008012771606,-0.04871836677193642,0.00038964918348938227,0.0018844726728275418,-0.0015022156294435263,0.006583645939826965,-0.00012054538819938898,1.0881887674331665,-1.8379849195480347,1.0875707864761353,-1.8381221294403076,2.6667678356170654,3.1919541358947754,-0.004815662279725075,-0.0018165840301662683,-0.0077813770622015,0.0009053107351064682,-0.7852087020874023,-0.7821879982948303,0.0009350422769784927,-0.0128545006737113,0.6014453172683716,0.5980478525161743,-0.004857182502746582,-0.007889032363891602,0.0009350422769784927,-0.0128545006737113,0.6014453172683716,0.5980478525161743,-0.004857182502746582,-0.007889032363891602
173,3.48,-0.04871836677193642,0.00038964918348938227,0.0018844726728275418,-0.0015022156294435263,0.006583645939826965,-0.00012054538819938898,-0.03982178121805191,-2.0738953026011586e-06,-0.9992064237594604,0.0,0.0,0.0,0.27000001072883606,0.0,0.27084243297576904,2.075541260637692e-06,0.18818879127502441,0.18757081031799316,0.06201505661010742,0.06187784671783447,2.6667678356170654,3.1919541358947754,-0.004815662279725075,-0.0077813770622015,-0.0018165840301662683,0.0009053107351064682,-0.7852087020874023,-0.7821879982948303,0.11704730987548828,0.09744393080472946,0.11548629403114319,0.09745433926582336,-0.09844624251127243,-0.09827185422182083,0.11697196960449219,0.09742855280637741,0.11538593471050262,0.09743686020374298,-0.0982927605509758,-0.09813228994607925,-0.14978784322738647,-0.00039242050843313336,0.270841509103775,2.605811823741533e-05,-0.01985064148902893,0.0012574929278343916,0.9998021125793457,-0.04866426810622215,0.00032608036417514086,0.0018721659434959292,-0.0012398905819281936,0.006526370998471975,5.609519575955346e-05,1.0880686044692993,-1.8379948139190674,1.0874354839324951,-1.838135004043579,2.6510841846466064,3.1763384342193604,-0.005156554747372866,-0.001663608243688941,-0.00759116280823946,0.0006079263403080404,-0.784037709236145,-0.7810167670249939,0.0007154839113354683,-0.012644505128264427,0.6018826961517334,0.5977686643600464,-0.004725933074951172,-0.008090376853942871,0.0007154839113354683,-0.012644505128264427,0.6018826961517334,0.5977686643600464,-0.004725933074951172,-0.008090376853942871
174,3.5,-0.04866426810622215,0.00032608036417514086,0.0018721659434959292,-0.0012398905819281936,0.006526370998471975,5.609519575955346e-05,-0.03969349339604378,-2.181841409765184e-06,-0.9992116689682007,0.0,0.0,0.0,0.27000001072883606,0.0,0.270841509103775,2.183562628488289e-06,0.18806862831115723,0.18743550777435303,0.06200516223907471,0.06186497211456299,2.6510841846466064,3.1763384342193604,-0.005156554747372866,-0.00759116280823946,-0.001663608243688941,0.0006079263403080404,-0.784037709236145,-0.7810167670249939,0.11697196960449219,0.09742855280637741,0.11538593471050262,0.09743686020374298,-0.0982927605509758,-0.09813228994607925,0.11689023673534393,0.0974048525094986,0.11529036611318588,0.09742898494005203,-0.09816152602434158,-0.0979933813214302,-0.1507604569196701,-0.00039516741526313126,0.27084049582481384,2.6585166779113933e-05,-0.01978534832596779,0.0012581100454553962,0.9998034238815308,-0.04859881103038788,0.00034345657331869006,0.0018530265660956502,-0.0013209014432504773,0.006746182218194008,-6.939181184861809e-05,1.0879462957382202,-1.8380037546157837,1.0872998237609863,-1.8381496667861938,2.635423421859741,3.160743474960327,-0.005075305700302124,-0.0017911501927301288,-0.007774523459374905,0.0006026210612617433,-0.7829394340515137,-0.7798752784729004,0.0014090333133935928,-0.013307170011103153,0.6002805829048157,0.598941445350647,-0.004529595375061035,-0.008329272270202637,0.0014090333133935928,-0.013307170011103153,0.6002805829048157,0.598941445350647,-0.004529595375061035,-0.008329272270202637
175,3.52,-0.04859881103038788,0.00034345657331869006,0.0018530265660956502,-0.0013209014432504773,0.006746182218194008,-6.939181184861809e-05,-0.03956298530101776,-3.375589585630223e-06,-0.9992169141769409,0.0,0.0,0.0,0.27000001072883606,0.0,0.27084049582481384,3.378234396222979e-06,0.18794631958007812,0.18729984760284424,0.0619962215423584,0.06185030937194824,2.635423421859741,3.160743474960327,-0.005075305700302124,-0.007774523459374905,-0.0017911501927301288,0.0006026210612617433,-0.7829394340515137,-0.7798752784729004,0.11689023673534393,0.0974048525094986,0.11529036611318588,0.09742898494005203,-0.09816152602434158,-0.0979933813214302,0.11680331826210022,0.09739632159471512,0.11518295109272003,0.0974346250295639,-0.09795933216810226,-0.09779489785432816,-0.15173205733299255,-0.0003972791018895805,0.27083948254585266,2.5924486180883832e-05,-0.01972011663019657,0.0012582991039380431,0.9998047351837158,-0.04854549095034599,0.0002910732582677156,0.001867305370979011,-0.0011312097776681185,0.006664698477834463,-0.0001304264151258394,1.087822675704956,-1.8380154371261597,1.0871593952178955,-1.838163137435913,2.6197926998138428,3.1451809406280518,-0.005370948929339647,-0.0015497086569666862,-0.007745531387627125,0.0002700710901990533,-0.7814126014709473,-0.7782164216041565,0.0008115023374557495,-0.012544766068458557,0.6016625165939331,0.5976491570472717,-0.004767417907714844,-0.007898926734924316,0.0008115023374557495,-0.012544766068458557,0.6016625165939331,0.5976491570472717,-0.004767417907714844,-0.007898926734924316
176,3.54,-0.04854549095034599,0.0002910732582677156,0.001867305370979011,-0.0011312097776681185,0.006664698477834463,-0.0001304264151258394,-0.039432600140571594,-2.211236278526485e-06,-0.9992221593856812,0.0,0.0,0.0,0.27000001072883606,0.0,0.27083948254585266,2.2129577246232657e-06,0.18782269954681396,0.18715941905975342,0.06198453903198242,0.061836838722229004,2.6197926998138428,3.1451809406280518,-0.005370948929339647,-0.007745531387627125,-0.0015497086569666862,0.0002700710901990533,-0.7814126014709473,-0.7782164216041565,0.11680331826210022,0.09739632159471512,0.11518295109272003,0.0974346250295639,-0.09795933216810226,-0.09779489785432816,0.11671371757984161,0.09736714512109756,0.11507970094680786,0.09742297232151031,-0.0977763906121254,-0.09760073572397232,-0.1527024507522583,-0.00039968450437299907,0.27083858847618103,2.5712670321809128e-05,-0.019656024873256683,0.001258400036022067,0.9998059868812561,-0.04849134758114815,0.00028800632571801543,0.0018575789872556925,-0.0011006200220435858,0.0065549882128834724,3.75252784579061e-05,1.0876967906951904,-1.838027000427246,1.0870171785354614,-1.8381767272949219,2.604191303253174,3.129650115966797,-0.005577206611633301,-0.0016027262900024652,-0.007762799970805645,0.00019381241872906685,-0.7799475789070129,-0.7766660451889038,0.0008122129365801811,-0.012508578598499298,0.6014710068702698,0.5977638959884644,-0.004677891731262207,-0.007997870445251465,0.0008122129365801811,-0.012508578598499298,0.6014710068702698,0.5977638959884644,-0.004677891731262207,-0.007997870445251465
177,3.56,-0.04849134758114815,0.00028800632571801543,0.0018575789872556925,-0.0011006200220435858,0.0065549882128834724,3.75252784579061e-05,-0.03930448740720749,-1.945078111020848e-06,-0.9992271661758423,0.0,0.0,0.0,0.27000001072883606,0.0,0.27083858847618103,1.9465840068733087e-06,0.18769681453704834,0.18701720237731934,0.061972975730895996,0.061823248863220215,2.604191303253174,3.129650115966797,-0.005577206611633301,-0.007762799970805645,-0.0016027262900024652,0.00019381241872906685,-0.7799475789070129,-0.7766660451889038,0.11671371757984161,0.09736714512109756,0.11507970094680786,0.09742297232151031,-0.0977763906121254,-0.09760073572397232,0.11663088202476501,0.09734421968460083,0.1149768978357315,0.09740784764289856,-0.09762122482061386,-0.0974431112408638,-0.15367168188095093,-0.0004023982910439372,0.2708374857902527,2.622963802423328e-05,-0.019591178745031357,0.0012588895624503493,0.9998071789741516,-0.048424918204545975,0.0003333712520543486,0.0018258587224408984,-0.0012950431555509567,0.006707361433655024,-0.00017698531155474484,1.0875686407089233,-1.8380379676818848,1.0868737697601318,-1.8381935358047485,2.5886166095733643,3.1141438484191895,-0.005333022214472294,-0.0018395432271063328,-0.008153188042342663,0.00047063909005373716,-0.778695285320282,-0.7753949761390686,0.0013577984645962715,-0.01311379112303257,0.6005491018295288,0.598807156085968,-0.004530072212219238,-0.008330702781677246,0.0013577984645962715,-0.01311379112303257,0.6005491018295288,0.598807156085968,-0.004530072212219238,-0.008330702781677246
178,3.58,-0.048424918204545975,0.0003333712520543486,0.0018258587224408984,-0.0012950431555509567,0.006707361433655024,-0.00017698531155474484,-0.039174869656562805,-3.122902853647247e-06,-0.9992319345474243,0.0,0.0,0.0,0.27000001072883606,0.0,0.2708374857902527,3.1253002816811204e-06,0.18756866455078125,0.18687379360198975,0.061962008476257324,0.061806440353393555,2.5886166095733643,3.1141438484191895,-0.005333022214472294,-0.008153188042342663,-0.0018395432271063328,0.00047063909005373716,-0.778695285320282,-0.7753949761390686,0.11663088202476501,0.09734421968460083,0.1149768978357315,0.09740784764289856,-0.09762122482061386,-0.0974431112408638,0.11654224991798401,0.09733659774065018,0.11486747860908508,0.09741060435771942,-0.09742478281259537,-0.09725452214479446,-0.15463963150978088,-0.00040463361074216664,0.2708364725112915,2.5801185984164476e-05,-0.01952599547803402,0.0012590805999934673,0.9998085498809814,-0.048367105424404144,0.00015795306535437703,0.0018409064505249262,-0.0006227836129255593,0.006640658248215914,-0.00012448416964616627,1.0874394178390503,-1.8380509614944458,1.086727499961853,-1.8382090330123901,2.5730698108673096,3.0986697673797607,-0.005981849040836096,-0.0011477393563836813,-0.0077307019382715225,-0.00031185062834993005,-0.7772735953330994,-0.7737367749214172,0.0005184710025787354,-0.012096352875232697,0.6020929217338562,0.5972815155982971,-0.004804730415344238,-0.007834792137145996,0.0005184710025787354,-0.012096352875232697,0.6020929217338562,0.5972815155982971,-0.004804730415344238,-0.007834792137145996
179,3.6,-0.048367105424404144,0.00015795306535437703,0.0018409064505249262,-0.0006227836129255593,0.006640658248215914,-0.00012448416964616627,-0.0390445776283741,-2.4228866095654666e-06,-0.9992374181747437,0.0,0.0,0.0,0.27000001072883606,0.0,0.2708364725112915,2.4247369765362237e-06,0.1874394416809082,0.18672752380371094,0.06194901466369629,0.06179094314575195,2.5730698108673096,3.0986697673797607,-0.005981849040836096,-0.0077307019382715225,-0.0011477393563836813,-0.00031185062834993005,-0.7772735953330994,-0.7737367749214172,0.11654224991798401,0.09733659774065018,0.11486747860908508,0.09741060435771942,-0.09742478281259537,-0.09725452214479446,0.11644697189331055,0.09730258584022522,0.1147647351026535,0.09740443527698517,-0.09725839644670486,-0.09705928713083267,-0.15560652315616608,-0.00040707754669710994,0.2708354592323303,2.5694613214000128e-05,-0.019462192431092262,0.0012591964332386851,0.999809741973877,-0.048310697078704834,0.00045640597818419337,0.001814423594623804,-0.0017477645305916667,0.006511920131742954,-4.3376807298045605e-05,1.0873080492019653,-1.8380640745162964,1.0865784883499146,-1.8382248878479004,2.557549238204956,3.083226442337036,-0.005318954586982727,-0.0023046014830470085,-0.00862942449748516,0.0008813081658445299,-0.775789737701416,-0.7723749279975891,0.002046746201813221,-0.013673299923539162,0.6001912355422974,0.5993587374687195,-0.004537463188171387,-0.008261561393737793,0.002046746201813221,-0.013673299923539162,0.6001912355422974,0.5993587374687195,-0.004537463188171387,-0.008261561393737793
180,3.62,-0.048310697078704834,0.00045640597818419337,0.001814423594623804,-0.0017477645305916667,0.006511920131742954,-4.3376807298045605e-05,-0.038917042315006256,-2.3659995349589735e-06,-0.9992421865463257,0.0,0.0,0.0,0.27000001072883606,0.0,0.2708354592323303,2.3677948775002733e-06,0.18730807304382324,0.18657851219177246,0.0619359016418457,0.0617750883102417,2.557549238204956,3.083226442337036,-0.005318954586982727,-0.00862942449748516,-0.0023046014830470085,0.0008813081658445299,-0.775789737701416,-0.7723749279975891,0.11644697189331055,0.09730258584022522,0.1147647351026535,0.09740443527698517,-0.09725839644670486,-0.09705928713083267,0.11637614667415619,0.0973016545176506,0.11465679854154587,0.09738094359636307,-0.09710655361413956,-0.09695503860712051,-0.1565718799829483,-0.00040938553865998983,0.2708345055580139,2.5424507839488797e-05,-0.019397038966417313,0.001259806682355702,0.9998109936714172,-0.048238907009363174,0.00015757855726405978,0.001804533414542675,-0.0006137022865004838,0.006668698973953724,5.2727915317518637e-05,1.0871751308441162,-1.8380769491195679,1.0864297151565552,-1.8382407426834106,2.5420548915863037,3.0677990913391113,-0.006004431750625372,-0.0014005915727466345,-0.007970733568072319,1.8493912648409605e-05,-0.7746325731277466,-0.7714531421661377,0.00161806121468544,-0.013168377801775932,0.6002212762832642,0.5990250706672668,-0.004332780838012695,-0.008427858352661133,0.00161806121468544,-0.013168377801775932,0.6002212762832642,0.5990250706672668,-0.004332780838012695,-0.008427858352661133
181,3.64,-0.048238907009363174,0.00015757855726405978,0.001804533414542675,-0.0006137022865004838,0.006668698973953724,5.2727915317518637e-05,-0.038786809891462326,-1.9663639250211418e-06,-0.9992471933364868,0.0,0.0,0.0,0.27000001072883606,0.0,0.2708345055580139,1.96784549189033e-06,0.18717515468597412,0.18642973899841309,0.06192302703857422,0.061759233474731445,2.5420548915863037,3.0677990913391113,-0.006004431750625372,-0.007970733568072319,-0.0014005915727466345,1.8493912648409605e-05,-0.7746325731277466,-0.7714531421661377,0.11637614667415619,0.0973016545176506,0.11465679854154587,0.09738094359636307,-0.09710655361413956,-0.09695503860712051,0.11627374589443207,0.09727620333433151,0.11455643177032471,0.09739833325147629,-0.09695232659578323,-0.09676212817430496,-0.15753617882728577,-0.0004114671319257468,0.27083346247673035,2.4755028789513744e-05,-0.0193319208920002,0.0012598868925124407,0.9998123049736023,-0.04817958176136017,0.0002717173774726689,0.0017986992606893182,-0.0010620795655995607,0.006623423658311367,-6.44548490527086e-05,1.0870420932769775,-1.8380908966064453,1.0862774848937988,-1.8382562398910522,2.526583671569824,3.0524041652679443,-0.005746942944824696,-0.0018024287419393659,-0.008469854481518269,0.00042329943971708417,-0.7733748555183411,-0.7699738144874573,0.0013044169172644615,-0.012823853641748428,0.6008040308952332,0.5988548398017883,-0.004526615142822266,-0.008244156837463379,0.0013044169172644615,-0.012823853641748428,0.6008040308952332,0.5988548398017883,-0.004526615142822266,-0.008244156837463379
182,3.66,-0.04817958176136017,0.0002717173774726689,0.0017986992606893182,-0.0010620795655995607,0.006623423658311367,-6.44548490527086e-05,-0.03865664824843407,-7.88699253462255e-07,-0.999252438545227,0.0,0.0,0.0,0.27000001072883606,0.0,0.27083346247673035,7.892877533777209e-07,0.18704211711883545,0.18627750873565674,0.06190907955169678,0.061743736267089844,2.526583671569824,3.0524041652679443,-0.005746942944824696,-0.008469854481518269,-0.0018024287419393659,0.00042329943971708417,-0.7733748555183411,-0.7699738144874573,0.11627374589443207,0.09727620333433151,0.11455643177032471,0.09739833325147629,-0.09695232659578323,-0.09676212817430496,0.11619335412979126,0.09726567566394806,0.11444924771785736,0.09738533943891525,-0.09679631143808365,-0.09661836177110672,-0.15849915146827698,-0.0004142954130657017,0.27083253860473633,2.5352283046231605e-05,-0.019267503172159195,0.0012598283356055617,0.9998134970664978,-0.04811904579401016,0.00021764117991551757,0.0017921975813806057,-0.0008239694871008396,0.006520124152302742,0.0002340421051485464,1.0869060754776,-1.8381028175354004,1.0861257314682007,-1.8382742404937744,2.5111358165740967,3.037034034729004,-0.006084450054913759,-0.0016339252470061183,-0.008214820176362991,0.00022907753009349108,-0.7721797823905945,-0.7687689661979675,0.0012676240876317024,-0.01272125169634819,0.6010035872459412,0.5986623764038086,-0.004430651664733887,-0.008291482925415039,0.0012676240876317024,-0.01272125169634819,0.6010035872459412,0.5986623764038086,-0.004430651664733887,-0.008291482925415039
183,3.68,-0.04811904579401016,0.00021764117991551757,0.0017921975813806057,-0.0008239694871008396,0.006520124152302742,0.0002340421051485464,-0.03852788358926773,-2.147618943126872e-06,-0.9992572069168091,0.0,0.0,0.0,0.27000001072883606,0.0,0.27083253860473633,2.14921328733908e-06,0.186906099319458,0.1861257553100586,0.0618971586227417,0.061725735664367676,2.5111358165740967,3.037034034729004,-0.006084450054913759,-0.008214820176362991,-0.0016339252470061183,0.00022907753009349108,-0.7721797823905945,-0.7687689661979675,0.11619335412979126,0.09726567566394806,0.11444924771785736,0.09738533943891525,-0.09679631143808365,-0.09661836177110672,0.11610934138298035,0.0972452238202095,0.11435039341449738,0.09737570583820343,-0.09668459743261337,-0.09650576859712601,-0.15946070849895477,-0.0004161511897109449,0.27083155512809753,2.4313394533237442e-05,-0.019202159717679024,0.0012604318326339126,0.9998148083686829,-0.04804636538028717,0.0004292756493669003,0.0017830614233389497,-0.0016711129574105144,0.006726346909999847,-0.000136481539811939,1.0867719650268555,-1.8381171226501465,1.0859719514846802,-1.8382881879806519,2.495708703994751,3.0216801166534424,-0.005401835311204195,-0.0023354636505246162,-0.008958814665675163,0.0010280099231749773,-0.7711473107337952,-0.7680332064628601,0.0018573980778455734,-0.013399511575698853,0.5999467968940735,0.5999711155891418,-0.004227399826049805,-0.00873267650604248,0.0018573980778455734,-0.013399511575698853,0.5999467968940735,0.5999711155891418,-0.004227399826049805,-0.00873267650604248
184,3.7,-0.04804636538028717,0.0004292756493669003,0.0017830614233389497,-0.0016711129574105144,0.006726346909999847,-0.000136481539811939,-0.03839726746082306,-2.1175947040319443e-07,-0.9992624521255493,0.0,0.0,0.0,0.27000001072883606,0.0,0.27083155512809753,2.1191446819557314e-07,0.18677198886871338,0.18597197532653809,0.061882853507995605,0.061711788177490234,2.495708703994751,3.0216801166534424,-0.005401835311204195,-0.008958814665675163,-0.0023354636505246162,0.0010280099231749773,-0.7711473107337952,-0.7680332064628601,0.11610934138298035,0.0972452238202095,0.11435039341449738,0.09737570583820343,-0.09668459743261337,-0.09650576859712601,0.11602851748466492,0.09725093841552734,0.11424489319324493,0.09737662971019745,-0.09651287645101547,-0.09637633711099625,-0.16042104363441467,-0.0004187108715996146,0.2708306908607483,2.4476270482409745e-05,-0.01913677714765072,0.0012605572119355202,0.9998160600662231,-0.04798663780093193,0.00021678590564988554,0.001784736174158752,-0.0008401344530284405,0.006616998463869095,4.6570381527999416e-05,1.086634635925293,-1.8381283283233643,1.0858194828033447,-1.8383039236068726,2.4803059101104736,3.0063483715057373,-0.006088591646403074,-0.0015214327722787857,-0.008341522887349129,0.00032803084468469024,-0.7699493765830994,-0.7668360471725464,0.0016931910067796707,-0.013109644874930382,0.6007091403007507,0.5992998480796814,-0.004281401634216309,-0.008515119552612305,0.0016931910067796707,-0.013109644874930382,0.6007091403007507,0.5992998480796814,-0.004281401634216309,-0.008515119552612305
185,3.72,-0.04798663780093193,0.00021678590564988554,0.001784736174158752,-0.0008401344530284405,0.006616998463869095,4.6570381527999416e-05,-0.03826657682657242,-6.975315045565367e-07,-0.9992674589157104,0.0,0.0,0.0,0.27000001072883606,0.0,0.2708306908607483,6.980424132052576e-07,0.18663465976715088,0.18581950664520264,0.06187164783477783,0.06169605255126953,2.4803059101104736,3.0063483715057373,-0.006088591646403074,-0.008341522887349129,-0.0015214327722787857,0.00032803084468469024,-0.7699493765830994,-0.7668360471725464,0.11602851748466492,0.09725093841552734,0.11424489319324493,0.09737662971019745,-0.09651287645101547,-0.09637633711099625,0.1159365177154541,0.09721934050321579,0.11415097117424011,0.09737361967563629,-0.09640605002641678,-0.0962432399392128,-0.16138003766536713,-0.0004211373161524534,0.27082985639572144,2.447851511533372e-05,-0.01907161809504032,0.001260582939721644,0.9998172521591187,-0.047925177961587906,0.0002394597977399826,0.0017680798191577196,-0.0009199758642353117,0.006596859078854322,0.00011157938570249826,1.0864973068237305,-1.8381396532058716,1.0856658220291138,-1.8383196592330933,2.46492075920105,2.991037607192993,-0.006061187479645014,-0.0016883502248674631,-0.008401368744671345,0.0003224708780180663,-0.7690783739089966,-0.7657654285430908,0.0018629562109708786,-0.013215504586696625,0.6001660227775574,0.5994729399681091,-0.004279017448425293,-0.008473753929138184,0.0018629562109708786,-0.013215504586696625,0.6001660227775574,0.5994729399681091,-0.004279017448425293,-0.008473753929138184
186,3.74,-0.047925177961587906,0.0002394597977399826,0.0017680798191577196,-0.0009199758642353117,0.006596859078854322,0.00011157938570249826,-0.038136329501867294,-8.653732948005199e-07,-0.9992722272872925,0.0,0.0,0.0,0.27000001072883606,0.0,0.27082985639572144,8.660022672302148e-07,0.18649733066558838,0.18566584587097168,0.06186032295227051,0.06168031692504883,2.46492075920105,2.991037607192993,-0.006061187479645014,-0.008401368744671345,-0.0016883502248674631,0.0003224708780180663,-0.7690783739089966,-0.7657654285430908,0.1159365177154541,0.09721934050321579,0.11415097117424011,0.09737361967563629,-0.09640605002641678,-0.0962432399392128,0.11586029827594757,0.09720855206251144,0.11405358463525772,0.09736502170562744,-0.09631232172250748,-0.09615222364664078,-0.16233772039413452,-0.00042360162478871644,0.27082905173301697,2.4466186005156487e-05,-0.019005633890628815,0.0012609903933480382,0.9998185634613037,-0.04785357043147087,0.00040325455483980477,0.0017603266751393676,-0.001561222248710692,0.00678555341437459,-4.133621769142337e-05,1.0863608121871948,-1.838151216506958,1.0855122804641724,-1.8383347988128662,2.449552536010742,2.975740909576416,-0.00557074835523963,-0.002211616840213537,-0.008865803480148315,0.0009778763633221388,-0.7681904435157776,-0.7652000188827515,0.0026717400178313255,-0.014085803180932999,0.5986664891242981,0.6013079881668091,-0.0038907527923583984,-0.009039998054504395,0.0026717400178313255,-0.014085803180932999,0.5986664891242981,0.6013079881668091,-0.0038907527923583984,-0.009039998054504395
187,3.7600000000000002,-0.04785357043147087,0.00040325455483980477,0.0017603266751393676,-0.001561222248710692,0.00678555341437459,-4.133621769142337e-05,-0.03800443559885025,-9.916511771734804e-07,-0.9992774724960327,0.0,0.0,0.0,0.27000001072883606,0.0,0.27082905173301697,9.923666084432625e-07,0.18636083602905273,0.18551230430603027,0.06184875965118408,0.06166517734527588,2.449552536010742,2.975740909576416,-0.00557074835523963,-0.008865803480148315,-0.002211616840213537,0.0009778763633221388,-0.7681904435157776,-0.7652000188827515,0.11586029827594757,0.09720855206251144,0.11405358463525772,0.09736502170562744,-0.09631232172250748,-0.09615222364664078,0.11578184366226196,0.09721454977989197,0.11395195126533508,0.09736770391464233,-0.09616636484861374,-0.09604520350694656,-0.16329413652420044,-0.0004267925978638232,0.2708282172679901,2.574188692960888e-05,-0.01893932931125164,0.0012614390579983592,0.9998197555541992,-0.04779282584786415,0.0001476265024393797,0.001772443763911724,-0.0005674950662069023,0.006785494741052389,-9.127284283749759e-05,1.0862212181091309,-1.8381599187850952,1.0853614807128906,-1.8383527994155884,2.434204578399658,2.960462808609009,-0.006522438023239374,-0.0009151747217401862,-0.007867111824452877,-0.00048626918578520417,-0.7673835754394531,-0.7638980150222778,0.002347259782254696,-0.013593198731541634,0.5999372005462646,0.5998504757881165,-0.0042150020599365234,-0.008470654487609863,0.002347259782254696,-0.013593198731541634,0.5999372005462646,0.5998504757881165,-0.0042150020599365234,-0.008470654487609863
188,3.7800000000000002,-0.04779282584786415,0.0001476265024393797,0.001772443763911724,-0.0005674950662069023,0.006785494741052389,-9.127284283749759e-05,-0.037871893495321274,-3.69287226931192e-06,-0.9992822408676147,0.0,0.0,0.0,0.27000001072883606,0.0,0.2708282172679901,3.6955243558622897e-06,0.18622124195098877,0.18536150455474854,0.061840057373046875,0.06164717674255371,2.434204578399658,2.960462808609009,-0.006522438023239374,-0.007867111824452877,-0.0009151747217401862,-0.00048626918578520417,-0.7673835754394531,-0.7638980150222778,0.11578184366226196,0.09721454977989197,0.11395195126533508,0.09736770391464233,-0.09616636484861374,-0.09604520350694656,0.11568823456764221,0.09717804193496704,0.11386127769947052,0.09736645221710205,-0.09606184810400009,-0.09590903669595718,-0.16424939036369324,-0.0004287931078579277,0.27082741260528564,2.5009889213833958e-05,-0.01887371949851513,0.001261326135136187,0.9998210072517395,-0.04773695766925812,0.0003329563478473574,0.001748264767229557,-0.0012703841784968972,0.0066698454320430756,1.593648994457908e-05,1.0860850811004639,-1.8381726741790771,1.085206389427185,-1.8383657932281494,2.4188740253448486,2.9452052116394043,-0.005950556602329016,-0.0017742515774443746,-0.008537894114851952,0.0005254732095636427,-0.7664040923118591,-0.7630552649497986,0.0025091776624321938,-0.01377064734697342,0.599704921245575,0.6004105806350708,-0.004264235496520996,-0.008498311042785645,0.0025091776624321938,-0.01377064734697342,0.599704921245575,0.6004105806350708,-0.004264235496520996,-0.008498311042785645
189,3.8000000000000003,-0.04773695766925812,0.0003329563478473574,0.001748264767229557,-0.0012703841784968972,0.0066698454320430756,1.593648994457908e-05,-0.03774074465036392,-2.3989923647604883e-06,-0.9992872476577759,0.0,0.0,0.0,0.27000001072883606,0.0,0.27082741260528564,2.4007026695471723e-06,0.18608510494232178,0.18520641326904297,0.06182730197906494,0.061634182929992676,2.4188740253448486,2.9452052116394043,-0.005950556602329016,-0.008537894114851952,-0.0017742515774443746,0.0005254732095636427,-0.7664040923118591,-0.7630552649497986,0.11568823456764221,0.09717804193496704,0.11386127769947052,0.09736645221710205,-0.09606184810400009,-0.09590903669595718,0.11562283337116241,0.0971805602312088,0.11376585066318512,0.0973520278930664,-0.0959899052977562,-0.09586504846811295,-0.16520342230796814,-0.00043124507647007704,0.270826518535614,2.4992876205942594e-05,-0.01880691759288311,0.0012619398767128587,0.9998222589492798,-0.047665417194366455,0.00028563456726260483,0.0017360833007842302,-0.0011140055721625686,0.006887247785925865,-0.00019112584413960576,1.0859485864639282,-1.8381839990615845,1.0850545167922974,-1.8383805751800537,2.403557300567627,2.929954767227173,-0.00588864553719759,-0.0015798092354089022,-0.008447953499853611,0.00038727413630113006,-0.7658568620681763,-0.7626554369926453,0.0021287817507982254,-0.013396358117461205,0.6000673770904541,0.6000226736068726,-0.004139423370361328,-0.008689403533935547,0.0021287817507982254,-0.013396358117461205,0.6000673770904541,0.6000226736068726,-0.004139423370361328,-0.008689403533935547
190,3.8200000000000003,-0.047665417194366455,0.00028563456726260483,0.0017360833007842302,-0.0011140055721625686,0.006887247785925865,-0.00019112584413960576,-0.037607211619615555,-2.5104709493461996e-06,-0.999292254447937,0.0,0.0,0.0,0.27000001072883606,0.0,0.270826518535614,2.5122474198724376e-06,0.18594861030578613,0.18505454063415527,0.06181597709655762,0.06161940097808838,2.403557300567627,2.929954767227173,-0.00588864553719759,-0.008447953499853611,-0.0015798092354089022,0.00038727413630113006,-0.7658568620681763,-0.7626554369926453,0.11562283337116241,0.0971805602312088,0.11376585066318512,0.0973520278930664,-0.0959899052977562,-0.09586504846811295,0.11553923785686493,0.0971766859292984,0.11367379873991013,0.0973653644323349,-0.09588881582021713,-0.09576741605997086,-0.1661561131477356,-0.00043401788570918143,0.27082571387290955,2.5599483706173487e-05,-0.018739718943834305,0.0012622908689081669,0.9998235106468201,-0.04760627821087837,0.00038376619340851903,0.001746737165376544,-0.0014659115113317966,0.006893669720739126,-8.84156470419839e-05,1.0858116149902344,-1.8381930589675903,1.0849038362503052,-1.8383961915969849,2.388253688812256,2.9147212505340576,-0.0058852932415902615,-0.00171367556322366,-0.008404282853007317,0.0004312111414037645,-0.7650713324546814,-0.761817991733551,0.002570275217294693,-0.013671709224581718,0.5996747612953186,0.6001178026199341,-0.004143714904785156,-0.008461952209472656,0.002570275217294693,-0.013671709224581718,0.5996747612953186,0.6001178026199341,-0.004143714904785156,-0.008461952209472656
191,3.84,-0.04760627821087837,0.00038376619340851903,0.001746737165376544,-0.0014659115113317966,0.006893669720739126,-8.84156470419839e-05,-0.037472885102033615,-3.879977157339454e-06,-0.9992972612380981,0.0,0.0,0.0,0.27000001072883606,0.0,0.27082571387290955,3.882704731950071e-06,0.18581163883209229,0.18490386009216309,0.06180691719055176,0.06160378456115723,2.388253688812256,2.9147212505340576,-0.0058852932415902615,-0.008404282853007317,-0.00171367556322366,0.0004312111414037645,-0.7650713324546814,-0.761817991733551,0.11553923785686493,0.0971766859292984,0.11367379873991013,0.0973653644323349,-0.09588881582021713,-0.09576741605997086,0.11546586453914642,0.0971701443195343,0.1135808676481247,0.09735628962516785,-0.09578884392976761,-0.09569547325372696,-0.16710758209228516,-0.0004357683937996626,0.27082502841949463,2.4358821974601597e-05,-0.018672995269298553,0.001262166304513812,0.9998248219490051,-0.04755070433020592,0.0003606796090025455,0.0017237489810213447,-0.0013926646206527948,0.0067660147324204445,-0.00013729449710808694,1.0856776237487793,-1.8382049798965454,1.084750771522522,-1.8384063243865967,2.372964859008789,2.8995001316070557,-0.0056939381174743176,-0.0018114905105903745,-0.00853600911796093,0.0006972011178731918,-0.7643435001373291,-0.7612274885177612,0.002289585769176483,-0.013346320018172264,0.6007099747657776,0.5990256667137146,-0.004249930381774902,-0.008317351341247559,0.002289585769176483,-0.013346320018172264,0.6007099747657776,0.5990256667137146,-0.004249930381774902,-0.008317351341247559
192,3.86,-0.04755070433020592,0.0003606796090025455,0.0017237489810213447,-0.0013926646206527948,0.0067660147324204445,-0.00013729449710808694,-0.03733951225876808,-1.5722580428700894e-06,-0.9993025064468384,0.0,0.0,0.0,0.27000001072883606,0.0,0.27082502841949463,1.5733556892882916e-06,0.1856776475906372,0.18475079536437988,0.06179499626159668,0.06159365177154541,2.372964859008789,2.8995001316070557,-0.0056939381174743176,-0.00853600911796093,-0.0018114905105903745,0.0006972011178731918,-0.7643435001373291,-0.7612274885177612,0.11546586453914642,0.0971701443195343,0.1135808676481247,0.09735628962516785,-0.09578884392976761,-0.09569547325372696,0.1153942346572876,0.09715932607650757,0.11349952220916748,0.09735152125358582,-0.09576155990362167,-0.0956665650010109,-0.16805770993232727,-0.0004382476327009499,0.27082422375679016,2.4385421056649648e-05,-0.018604589626193047,0.0012628991389647126,0.9998260736465454,-0.0474795363843441,0.00020580674754455686,0.0017092723865061998,-0.000822679023258388,0.0070311082527041435,-0.0003073134575970471,1.0855426788330078,-1.8382141590118408,1.0846022367477417,-1.8384190797805786,2.357682943344116,2.8842830657958984,-0.005883278790861368,-0.001240251585841179,-0.00815060269087553,0.00014708831440657377,-0.7641540169715881,-0.7609490752220154,0.0013715308159589767,-0.01243562251329422,0.601136326789856,0.5985198020935059,-0.004239916801452637,-0.008380889892578125,0.0013715308159589767,-0.01243562251329422,0.601136326789856,0.5985198020935059,-0.004239916801452637,-0.008380889892578125
193,3.88,-0.0474795363843441,0.00020580674754455686,0.0017092723865061998,-0.000822679023258388,0.0070311082527041435,-0.0003073134575970471,-0.03720277175307274,-1.7709171515889466e-06,-0.9993075728416443,0.0,0.0,0.0,0.27000001072883606,0.0,0.27082422375679016,1.7721451968100155e-06,0.18554270267486572,0.1846022605895996,0.06178581714630127,0.06158089637756348,2.357682943344116,2.8842830657958984,-0.005883278790861368,-0.00815060269087553,-0.001240251585841179,0.00014708831440657377,-0.7641540169715881,-0.7609490752220154,0.1153942346572876,0.09715932607650757,0.11349952220916748,0.09735152125358582,-0.09576155990362167,-0.0956665650010109,0.1153135746717453,0.09715481102466583,0.11341211199760437,0.09737128019332886,-0.09569055587053299,-0.09557453542947769,-0.16900648176670074,-0.0004409003595355898,0.2708234190940857,2.4769537048996426e-05,-0.018535342067480087,0.0012631408171728253,0.9998273849487305,-0.04742325842380524,0.0003735320351552218,0.0017105353763327003,-0.001422474510036409,0.0069863260723650455,3.8507052522618324e-05,1.0854092836380005,-1.8382222652435303,1.0844533443450928,-1.8384320735931396,2.342410087585449,2.8690807819366455,-0.005651096347719431,-0.001750097842887044,-0.008377493359148502,0.0008587116026319563,-0.7634760737419128,-0.76040118932724,0.0030973218381404877,-0.014179624617099762,0.5988887548446655,0.6015417575836182,-0.0038570165634155273,-0.008803129196166992,0.0030973218381404877,-0.014179624617099762,0.5988887548446655,0.6015417575836182,-0.0038570165634155273,-0.008803129196166992
194,3.9,-0.04742325842380524,0.0003735320351552218,0.0017105353763327003,-0.001422474510036409,0.0069863260723650455,3.8507052522618324e-05,-0.03706434741616249,-2.7050264179706573e-06,-0.9993128180503845,0.0,0.0,0.0,0.27000001072883606,0.0,0.2708234190940857,2.706887926251511e-06,0.1854093074798584,0.18445336818695068,0.061777710914611816,0.06156790256500244,2.342410087585449,2.8690807819366455,-0.005651096347719431,-0.008377493359148502,-0.001750097842887044,0.0008587116026319563,-0.7634760737419128,-0.76040118932724,0.1153135746717453,0.09715481102466583,0.11341211199760437,0.09737128019332886,-0.09569055587053299,-0.09557453542947769,0.11525052785873413,0.09716141223907471,0.11332134157419205,0.09736345708370209,-0.09561685472726822,-0.09553871303796768,-0.16995422542095184,-0.00044332080869935453,0.27082282304763794,2.4702118025743403e-05,-0.01846722885966301,0.0012628197437152267,0.999828577041626,-0.047365814447402954,0.00038121905527077615,0.0017058966914191842,-0.0014409672003239393,0.006923587992787361,0.00014354390441440046,1.0852773189544678,-1.8382289409637451,1.0843058824539185,-1.8384431600570679,2.327148199081421,2.853886127471924,-0.005644012708216906,-0.001744112465530634,-0.008236482739448547,0.0009380628471262753,-0.7629395723342896,-0.7600852847099304,0.0036690309643745422,-0.014719212427735329,0.5986093282699585,0.6017506122589111,-0.003692030906677246,-0.008924126625061035,0.0036690309643745422,-0.014719212427735329,0.5986093282699585,0.6017506122589111,-0.003692030906677246,-0.008924126625061035
195,3.92,-0.047365814447402954,0.00038121905527077615,0.0017058966914191842,-0.0014409672003239393,0.006923587992787361,0.00014354390441440046,-0.03692818805575371,-2.754204615484923e-06,-0.9993175864219666,0.0,0.0,0.0,0.27000001072883606,0.0,0.27082282304763794,2.7560845410334878e-06,0.18527734279632568,0.18430590629577637,0.06177103519439697,0.06155681610107422,2.327148199081421,2.853886127471924,-0.005644012708216906,-0.008236482739448547,-0.001744112465530634,0.0009380628471262753,-0.7629395723342896,-0.7600852847099304,0.11525052785873413,0.09716141223907471,0.11332134157419205,0.09736345708370209,-0.09561685472726822,-0.09553871303796768,0.115183025598526,0.09715454280376434,0.1132439374923706,0.09735982120037079,-0.09558814018964767,-0.09552562981843948,-0.17090046405792236,-0.00044510449515655637,0.270822137594223,2.3460283046006225e-05,-0.0183968935161829,0.001263330108486116,0.999829888343811,-0.04729796573519707,0.00026883173268288374,0.0016862399643287063,-0.0010642510605975986,0.0071688988246023655,-0.0001777112775016576,1.0851482152938843,-1.8382383584976196,1.0841597318649292,-1.8384506702423096,2.3118932247161865,2.838691234588623,-0.005474231671541929,-0.0015319612575694919,-0.008171997964382172,0.0006954786367714405,-0.7627370357513428,-0.759926438331604,0.0025960952043533325,-0.013569751754403114,0.5996718406677246,0.6001325249671936,-0.00386965274810791,-0.008664250373840332,0.0025960952043533325,-0.013569751754403114,0.5996718406677246,0.6001325249671936,-0.00386965274810791,-0.008664250373840332
196,3.94,-0.04729796573519707,0.00026883173268288374,0.0016862399643287063,-0.0010642510605975986,0.0071688988246023655,-0.0001777112775016576,-0.03678758814930916,-4.2988540371879935e-07,-0.9993228316307068,0.0,0.0,0.0,0.27000001072883606,0.0,0.270822137594223,4.3017658413191384e-07,0.1851482391357422,0.1841597557067871,0.06176161766052246,0.06154930591583252,2.3118932247161865,2.838691234588623,-0.005474231671541929,-0.008171997964382172,-0.0015319612575694919,0.0006954786367714405,-0.7627370357513428,-0.759926438331604,0.115183025598526,0.09715454280376434,0.1132439374923706,0.09735982120037079,-0.09558814018964767,-0.09552562981843948,0.11510615050792694,0.09715461730957031,0.11316197365522385,0.09738090634346008,-0.09552484005689621,-0.09544623643159866,-0.17184554040431976,-0.00044805440120399,0.27082139253616333,2.445643622195348e-05,-0.018325768411159515,0.0012636941391974688,0.9998311996459961,-0.04724198207259178,0.00020508980378508568,0.0016984286485239863,-0.0007917386828921735,0.007197015453130007,-3.0044850063859485e-05,1.0850173234939575,-1.8382428884506226,1.084017276763916,-1.8384629487991333,2.296644687652588,2.8235116004943848,-0.005869915243238211,-0.0010469420813024044,-0.007681667804718018,0.00014438939979299903,-0.762355625629425,-0.7591587901115417,0.002559390850365162,-0.013474931940436363,0.5998265743255615,0.6003838777542114,-0.003908514976501465,-0.008518695831298828,0.002559390850365162,-0.013474931940436363,0.5998265743255615,0.6003838777542114,-0.003908514976501465,-0.008518695831298828
197,3.96,-0.04724198207259178,0.00020508980378508568,0.0016984286485239863,-0.0007917386828921735,0.007197015453130007,-3.0044850063859485e-05,-0.03664541244506836,-2.5882836780510843e-06,-0.999328076839447,0.0,0.0,0.0,0.27000001072883606,0.0,0.27082139253616333,2.5900249056576286e-06,0.18501734733581543,0.18401730060577393,0.06175708770751953,0.06153702735900879,2.296644687652588,2.8235116004943848,-0.005869915243238211,-0.007681667804718018,-0.0010469420813024044,0.00014438939979299903,-0.762355625629425,-0.7591587901115417,0.11510615050792694,0.09715461730957031,0.11316197365522385,0.09738090634346008,-0.09552484005689621,-0.09544623643159866,0.1150350421667099,0.0971449688076973,0.11307739466428757,0.09738096594810486,-0.09545520693063736,-0.09537217766046524,-0.17278964817523956,-0.0004502616648096591,0.27082082629203796,2.403341932222247e-05,-0.018255824223160744,0.001263628713786602,0.9998325109481812,-0.04719027876853943,0.0004462886427063495,0.0016805412014946342,-0.0017136618262156844,0.007074269466102123,-8.979954873211682e-05,1.0848898887634277,-1.8382492065429688,1.0838723182678223,-1.8384709358215332,2.2814066410064697,2.808342456817627,-0.005149094387888908,-0.0018796112854033709,-0.008355868980288506,0.0012470041401684284,-0.7617411017417908,-0.7587285041809082,0.0033911773934960365,-0.014331737533211708,0.5992757081985474,0.6012507081031799,-0.0037844181060791016,-0.008698701858520508,0.0033911773934960365,-0.014331737533211708,0.5992757081985474,0.6012507081031799,-0.0037844181060791016,-0.008698701858520508
198,3.98,-0.04719027876853943,0.0004462886427063495,0.0016805412014946342,-0.0017136618262156844,0.007074269466102123,-8.979954873211682e-05,-0.03650559112429619,-1.921620423672721e-06,-0.9993333220481873,0.0,0.0,0.0,0.27000001072883606,0.0,0.27082082629203796,1.9229023564548697e-06,0.18488991260528564,0.18387234210968018,0.06175076961517334,0.06152904033660889,2.2814066410064697,2.808342456817627,-0.005149094387888908,-0.008355868980288506,-0.0018796112854033709,0.0012470041401684284,-0.7617411017417908,-0.7587285041809082,0.1150350421667099,0.0971449688076973,0.11307739466428757,0.09738096594810486,-0.09545520693063736,-0.09537217766046524,0.11498084664344788,0.09715447574853897,0.11299800872802734,0.097368523478508,-0.09541822224855423,-0.09537980705499649,-0.17373248934745789,-0.000452559906989336,0.27082014083862305,2.37864805967547e-05,-0.01818474382162094,0.0012639275519177318,0.9998337626457214,-0.04712369665503502,4.961105150869116e-05,0.0016634406056255102,-0.0002261811459902674,0.007295187097042799,-0.00015699741197749972,1.0847638845443726,-1.838254451751709,1.0837316513061523,-1.838478446006775,2.266176462173462,2.7931723594665527,-0.005808672402054071,-0.0006479650037363172,-0.007402145303785801,-1.9796425476670265e-07,-0.7616029977798462,-0.7585930228233337,0.0013013705611228943,-0.012139825150370598,0.6015265583992004,0.5983784198760986,-0.003934979438781738,-0.008389472961425781,0.0013013705611228943,-0.012139825150370598,0.6015265583992004,0.5983784198760986,-0.003934979438781738,-0.008389472961425781
199,4.0,-0.04712369665503502,4.961105150869116e-05,0.0016634406056255102,-0.0002261811459902674,0.007295187097042799,-0.00015699741197749972,-0.036363501101732254,-1.5966543287504464e-06,-0.9993383288383484,0.0,0.0,0.0,0.27000001072883606,0.0,0.27082014083862305,1.5977116163412575e-06,0.18476390838623047,0.18373167514801025,0.061745524406433105,0.06152153015136719,2.266176462173462,2.7931723594665527,-0.005808672402054071,-0.007402145303785801,-0.0006479650037363172,-1.9796425476670265e-07,-0.7616029977798462,-0.7585930228233337,0.11498084664344788,0.09715447574853897,0.11299800872802734,0.097368523478508,-0.09541822224855423,-0.09537980705499649,0.11489585041999817,0.09713830053806305,0.11292335391044617,0.09739857912063599,-0.09537725895643234,-0.09528223425149918,-0.17467418313026428,-0.00045536633115261793,0.2708195149898529,2.4587121515651233e-05,-0.018112918362021446,0.001264452002942562,0.9998351335525513,-0.04707004874944687,0.00033001956762745976,0.0016584062250331044,-0.00125423155259341,0.007310409564524889,5.847551437909715e-05,1.0846376419067383,-1.838257074356079,1.0835925340652466,-1.8384884595870972,2.2509512901306152,2.7780182361602783,-0.00534718157723546,-0.0014304211363196373,-0.007840817794203758,0.0008545528980903327,-0.7611446976661682,-0.7579790949821472,0.003552953712642193,-0.0143843749538064,0.5983193516731262,0.6019495725631714,-0.003657102584838867,-0.008645892143249512,0.003552953712642193,-0.0143843749538064,0.5983193516731262,0.6019495725631714,-0.003657102584838867,-0.008645892143249512
200,4.0200000000000005,-0.04707004874944687,0.00033001956762745976,0.0016584062250331044,-0.00125423155259341,0.007310409564524889,5.847551437909715e-05,-0.03621992841362953,-3.360306436661631e-06,-0.9993438124656677,0.0,0.0,0.0,0.27000001072883606,0.0,0.2708195149898529,3.362510824445053e-06,0.1846376657485962,0.1835925579071045,0.06174290180206299,0.06151151657104492,2.2509512901306152,2.7780182361602783,-0.00534718157723546,-0.007840817794203758,-0.0014304211363196373,0.0008545528980903327,-0.7611446976661682,-0.7579790949821472,0.11489585041999817,0.09713830053806305,0.11292335391044617,0.09739857912063599,-0.09537725895643234,-0.09528223425149918,0.11484342813491821,0.09715567529201508,0.11283555626869202,0.09738913178443909,-0.09529431909322739,-0.09525079280138016,-0.17561489343643188,-0.0004573077312670648,0.27081891894340515,2.372157723584678e-05,-0.018041707575321198,0.0012643297668546438,0.9998363852500916,-0.04701663553714752,0.0004364695632830262,0.0016520826611667871,-0.0016785296611487865,0.007231026887893677,-0.0001124105037888512,1.0845152139663696,-1.8382627964019775,1.0834523439407349,-1.8384937047958374,2.235736846923828,2.762869358062744,-0.00494175823405385,-0.0017848785500973463,-0.00808552373200655,0.0012774488423019648,-0.7605643272399902,-0.7577027082443237,0.003389483317732811,-0.014182783663272858,0.5996860265731812,0.6007136106491089,-0.0036351680755615234,-0.008611440658569336,0.003389483317732811,-0.014182783663272858,0.5996860265731812,0.6007136106491089,-0.0036351680755615234,-0.008611440658569336
201,4.04,-0.04701663553714752,0.0004364695632830262,0.0016520826611667871,-0.0016785296611487865,0.007231026887893677,-0.0001124105037888512,-0.03607757017016411,-1.8140563042834401e-06,-0.9993488192558289,0.0,0.0,0.0,0.27000001072883606,0.0,0.27081891894340515,1.8152391021430958e-06,0.18451523780822754,0.18345236778259277,0.06173717975616455,0.06150627136230469,2.235736846923828,2.762869358062744,-0.00494175823405385,-0.00808552373200655,-0.0017848785500973463,0.0012774488423019648,-0.7605643272399902,-0.7577027082443237,0.11484342813491821,0.09715567529201508,0.11283555626869202,0.09738913178443909,-0.09529431909322739,-0.09525079280138016,0.11478175222873688,0.0971556305885315,0.11276441812515259,0.09738464653491974,-0.09525706619024277,-0.09524405747652054,-0.17655423283576965,-0.0004593766061589122,0.2708183526992798,2.3129397959564812e-05,-0.017969008535146713,0.0012648102128878236,0.9998377561569214,-0.04695188254117966,0.0002426035061944276,0.0016392223769798875,-0.0009578588069416583,0.007438448257744312,-0.00012423422595020384,1.0843935012817383,-1.8382670879364014,1.0833162069320679,-1.8384989500045776,2.2205312252044678,2.747720241546631,-0.005178472958505154,-0.0012423367006704211,-0.007625363767147064,0.0008083097636699677,-0.7602491974830627,-0.7576801180839539,0.0028063729405403137,-0.013563670217990875,0.5995824933052063,0.6005242466926575,-0.0034737586975097656,-0.00872337818145752,0.0028063729405403137,-0.013563670217990875,0.5995824933052063,0.6005242466926575,-0.0034737586975097656,-0.00872337818145752
202,4.0600000000000005,-0.04695188254117966,0.0002426035061944276,0.0016392223769798875,-0.0009578588069416583,0.007438448257744312,-0.00012423422595020384,-0.03593224659562111,-7.965209078975022e-07,-0.9993543028831482,0.0,0.0,0.0,0.27000001072883606,0.0,0.2708183526992798,7.970355682118679e-07,0.1843935251235962,0.18331623077392578,0.06173288822174072,0.06150102615356445,2.2205312252044678,2.747720241546631,-0.005178472958505154,-0.007625363767147064,-0.0012423367006704211,0.0008083097636699677,-0.7602491974830627,-0.7576801180839539,0.11478175222873688,0.0971556305885315,0.11276441812515259,0.09738464653491974,-0.09525706619024277,-0.09524405747652054,0.11470653116703033,0.09715414047241211,0.11268806457519531,0.09740866720676422,-0.09519507735967636,-0.09516064077615738,-0.17749255895614624,-0.0004622961860150099,0.27081775665283203,2.402790960331913e-05,-0.017895923927426338,0.0012652311706915498,0.9998390674591064,-0.046899329870939255,0.00017666227358859032,0.001637923181988299,-0.0006779668619856238,0.0074209896847605705,-1.4513547284877859e-05,1.084270715713501,-1.8382675647735596,1.0831822156906128,-1.8385065793991089,2.2053322792053223,2.7325856685638428,-0.005503752268850803,-0.0007646947051398456,-0.007247497793287039,0.00043253612238913774,-0.7598925232887268,-0.7569003701210022,0.002674618735909462,-0.013334890827536583,0.5999045372009277,0.600386917591095,-0.003609299659729004,-0.008401989936828613,0.002674618735909462,-0.013334890827536583,0.5999045372009277,0.600386917591095,-0.003609299659729004,-0.008401989936828613
203,4.08,-0.046899329870939255,0.00017666227358859032,0.001637923181988299,-0.0006779668619856238,0.0074209896847605705,-1.4513547284877859e-05,-0.03578614816069603,-2.763124939519912e-06,-0.9993595480918884,0.0,0.0,0.0,0.27000001072883606,0.0,0.27081775665283203,2.7648966351989657e-06,0.1842707395553589,0.1831822395324707,0.06173241138458252,0.0614933967590332,2.2053322792053223,2.7325856685638428,-0.005503752268850803,-0.007247497793287039,-0.0007646947051398456,0.00043253612238913774,-0.7598925232887268,-0.7569003701210022,0.11470653116703033,0.09715414047241211,0.11268806457519531,0.09740866720676422,-0.09519507735967636,-0.09516064077615738,0.11464159190654755,0.09714794158935547,0.11260954290628433,0.09740960597991943,-0.09513550251722336,-0.09509209543466568,-0.1784297078847885,-0.00046446817577816546,0.27081722021102905,2.3596760001964867e-05,-0.017822835594415665,0.0012649858836084604,0.9998403191566467,-0.046846918761730194,0.0003116741427220404,0.0016257788520306349,-0.0012011855142191052,0.007386668585240841,-9.577891614753753e-05,1.0841515064239502,-1.8382703065872192,1.083046317100525,-1.8385117053985596,2.1901423931121826,2.7174620628356934,-0.005070587620139122,-0.0012684377143159509,-0.0075813233852386475,0.0008955308585427701,-0.7594009041786194,-0.756424605846405,0.0030125193297863007,-0.013695131987333298,0.5998088121414185,0.6006842851638794,-0.003538846969604492,-0.008490562438964844,0.0030125193297863007,-0.013695131987333298,0.5998088121414185,0.6006842851638794,-0.003538846969604492,-0.008490562438964844
204,4.1,-0.046846918761730194,0.0003116741427220404,0.0016257788520306349,-0.0012011855142191052,0.007386668585240841,-9.577891614753753e-05,-0.035640038549900055,-2.0947154553141445e-06,-0.9993645548820496,0.0,0.0,0.0,0.27000001072883606,0.0,0.27081722021102905,2.0960455913154874e-06,0.1841515302658081,0.1830463409423828,0.06172966957092285,0.06148827075958252,2.1901423931121826,2.7174620628356934,-0.005070587620139122,-0.0075813233852386475,-0.0012684377143159509,0.0008955308585427701,-0.7594009041786194,-0.756424605846405,0.11464159190654755,0.09714794158935547,0.11260954290628433,0.09740960597991943,-0.09513550251722336,-0.09509209543466568,0.11458531022071838,0.09715543687343597,0.11253397166728973,0.09740551561117172,-0.09508321434259415,-0.0950663760304451,-0.17936579883098602,-0.0004665665910579264,0.2708166241645813,2.3026574126561172e-05,-0.017749328166246414,0.0012655319878831506,0.9998416304588318,-0.04678430035710335,0.00030653923749923706,0.0016122478991746902,-0.0011974727967754006,0.007568789180368185,-8.641948807053268e-05,1.0840338468551636,-1.838273286819458,1.0829129219055176,-1.8385149240493774,2.1749629974365234,2.7023401260375977,-0.00485915457829833,-0.001409145537763834,-0.0076028998009860516,0.0011045108549296856,-0.7589032649993896,-0.7563236355781555,0.0035483287647366524,-0.01425495557487011,0.598696768283844,0.6017981171607971,-0.003185749053955078,-0.00888204574584961,0.0035483287647366524,-0.01425495557487011,0.598696768283844,0.6017981171607971,-0.003185749053955078,-0.00888204574584961
205,4.12,-0.04678430035710335,0.00030653923749923706,0.0016122478991746902,-0.0011974727967754006,0.007568789180368185,-8.641948807053268e-05,-0.035493094474077225,-1.1211704986635596e-06,-0.9993698000907898,0.0,0.0,0.0,0.27000001072883606,0.0,0.2708166241645813,1.121878085541539e-06,0.18403387069702148,0.1829129457473755,0.06172668933868408,0.06148505210876465,2.1749629974365234,2.7023401260375977,-0.00485915457829833,-0.0076028998009860516,-0.001409145537763834,0.0011045108549296856,-0.7589032649993896,-0.7563236355781555,0.11458531022071838,0.09715543687343597,0.11253397166728973,0.09740551561117172,-0.09508321434259415,-0.0950663760304451,0.11451750993728638,0.09716567397117615,0.11245578527450562,0.0974227637052536,-0.0949937179684639,-0.09498903900384903,-0.18030071258544922,-0.0004696352407336235,0.2708160877227783,2.4131628379109316e-05,-0.01767519675195217,0.0012656721519306302,0.9998429417610168,-0.04673266038298607,0.0002641541650518775,0.001612753258086741,-0.0009960259776562452,0.0075152055360376835,0.00012823495490010828,1.0839141607284546,-1.8382714986801147,1.0827831029891968,-1.8385214805603027,2.1597938537597656,2.6872329711914062,-0.005208566784858704,-0.0010127173736691475,-0.00718920910730958,0.0008350826101377606,-0.7583117485046387,-0.7556105256080627,0.0030844993889331818,-0.013678701594471931,0.5996212959289551,0.6009711623191833,-0.0033457279205322266,-0.008493900299072266,0.0030844993889331818,-0.013678701594471931,0.5996212959289551,0.6009711623191833,-0.0033457279205322266,-0.008493900299072266
206,4.14,-0.04673266038298607,0.0002641541650518775,0.001612753258086741,-0.0009960259776562452,0.0075152055360376835,0.00012823495490010828,-0.03534490242600441,-3.513665433274582e-06,-0.99937504529953,0.0,0.0,0.0,0.27000001072883606,0.0,0.2708160877227783,3.515863681968767e-06,0.1839141845703125,0.1827831268310547,0.061728477478027344,0.061478495597839355,2.1597938537597656,2.6872329711914062,-0.005208566784858704,-0.00718920910730958,-0.0010127173736691475,0.0008350826101377606,-0.7583117485046387,-0.7556105256080627,0.11451750993728638,0.09716567397117615,0.11245578527450562,0.0974227637052536,-0.0949937179684639,-0.09498903900384903,0.11445251107215881,0.09716001152992249,0.11237984895706177,0.0974225252866745,-0.09492022544145584,-0.09491939097642899,-0.18123458325862885,-0.00047175990766845644,0.27081558108329773,2.359228346904274e-05,-0.01760162226855755,0.0012657301267609,0.9998442530632019,-0.046680424362421036,0.0003300564712844789,0.0016013119602575898,-0.0012592376442626119,0.007470184005796909,1.7537007806822658e-05,1.0837972164154053,-1.8382729291915894,1.0826516151428223,-1.838524580001831,2.1446354389190674,2.6721365451812744,-0.004936357028782368,-0.0012651877477765083,-0.007368228863924742,0.0010429446119815111,-0.7577927708625793,-0.7550325989723206,0.0038789641112089157,-0.014447437599301338,0.5991144776344299,0.6015546917915344,-0.003267645835876465,-0.008521080017089844,0.0038789641112089157,-0.014447437599301338,0.5991144776344299,0.6015546917915344,-0.003267645835876465,-0.008521080017089844
207,4.16,-0.046680424362421036,0.0003300564712844789,0.0016013119602575898,-0.0012592376442626119,0.007470184005796909,1.7537007806822658e-05,-0.035197820514440536,-2.619410224724561e-06,-0.9993802905082703,0.0,0.0,0.0,0.27000001072883606,0.0,0.27081558108329773,2.6210341275145765e-06,0.18379724025726318,0.18265163898468018,0.061727046966552734,0.061475396156311035,2.1446354389190674,2.6721365451812744,-0.004936357028782368,-0.007368228863924742,-0.0012651877477765083,0.0010429446119815111,-0.7577927708625793,-0.7550325989723206,0.11445251107215881,0.09716001152992249,0.11237984895706177,0.0974225252866745,-0.09492022544145584,-0.09491939097642899,0.11439420282840729,0.09716274589300156,0.1123073548078537,0.09742023050785065,-0.09486635774374008,-0.09487862139940262,-0.1821671724319458,-0.000473563268315047,0.27081501483917236,2.2508513211505488e-05,-0.017526766285300255,0.0012662417721003294,0.999845564365387,-0.04661772772669792,0.00024224273511208594,0.0015865789027884603,-0.0009672297164797783,0.0076611763797700405,-0.000220328540308401,1.0836827754974365,-1.8382760286331177,1.0825213193893433,-1.8385257720947266,2.129488468170166,2.6570444107055664,-0.004800650291144848,-0.00111564458347857,-0.007341282907873392,0.0009267894201911986,-0.7573346495628357,-0.7547760605812073,0.0031629949808120728,-0.013744921423494816,0.5995946526527405,0.6010391712188721,-0.0031832456588745117,-0.008611917495727539,0.0031629949808120728,-0.013744921423494816,0.5995946526527405,0.6010391712188721,-0.0031832456588745117,-0.008611917495727539
208,4.18,-0.04661772772669792,0.00024224273511208594,0.0015865789027884603,-0.0009672297164797783,0.0076611763797700405,-0.000220328540308401,-0.03504817560315132,-6.238260539248586e-07,-0.9993855357170105,0.0,0.0,0.0,0.27000001072883606,0.0,0.27081501483917236,6.242095196284936e-07,0.18368279933929443,0.18252134323120117,0.061723947525024414,0.06147420406341553,2.129488468170166,2.6570444107055664,-0.004800650291144848,-0.007341282907873392,-0.00111564458347857,0.0009267894201911986,-0.7573346495628357,-0.7547760605812073,0.11439420282840729,0.09716274589300156,0.1123073548078537,0.09742023050785065,-0.09486635774374008,-0.09487862139940262,0.1143239289522171,0.0971679538488388,0.11223115026950836,0.09744071960449219,-0.09477654844522476,-0.0947779193520546,-0.183098703622818,-0.0004757113056257367,0.2708144187927246,2.2016021830495447e-05,-0.01745167188346386,0.0012663878733292222,0.999846875667572,-0.046566564589738846,0.00032273048418574035,0.0015893799718469381,-0.0012620113557204604,0.007584279868751764,-0.00012070607044734061,1.0835684537887573,-1.838276982307434,1.0823919773101807,-1.8385281562805176,2.1143524646759033,2.6419694423675537,-0.004665161482989788,-0.0013044225051999092,-0.0074924202635884285,0.0013221744447946548,-0.7566011548042297,-0.7540966272354126,0.0031802430748939514,-0.013725562952458858,0.5997765064239502,0.60140061378479,-0.003122687339782715,-0.008578181266784668,0.0031802430748939514,-0.013725562952458858,0.5997765064239502,0.60140061378479,-0.003122687339782715,-0.008578181266784668
209,4.2,-0.046566564589738846,0.00032273048418574035,0.0015893799718469381,-0.0012620113557204604,0.007584279868751764,-0.00012070607044734061,-0.0348980538547039,1.758671714924276e-07,-0.9993907809257507,0.0,0.0,0.0,0.27000001072883606,0.0,0.2708144187927246,-1.7597557189219515e-07,0.18356847763061523,0.18239200115203857,0.06172299385070801,0.06147181987762451,2.1143524646759033,2.6419694423675537,-0.004665161482989788,-0.0074924202635884285,-0.0013044225051999092,0.0013221744447946548,-0.7566011548042297,-0.7540966272354126,0.1143239289522171,0.0971679538488388,0.11223115026950836,0.09744071960449219,-0.09477654844522476,-0.0947779193520546,0.11426517367362976,0.09717309474945068,0.11215436458587646,0.09743836522102356,-0.09469249099493027,-0.09471163898706436,-0.1840292513370514,-0.00047879054909572005,0.27081403136253357,2.324689739907626e-05,-0.017377490177750587,0.0012665564427152276,0.9998481869697571,-0.046513766050338745,0.00017723423661664128,0.0015770288882777095,-0.0006614299491047859,0.007520882412791252,0.0003202315710950643,1.0834518671035767,-1.8382731676101685,1.0822659730911255,-1.8385326862335205,2.0992283821105957,2.626905918121338,-0.005192549899220467,-0.0008406750275753438,-0.006820339243859053,0.0007709424826316535,-0.7560268640518188,-0.7534589171409607,0.003647059202194214,-0.014094395563006401,0.5991360545158386,0.6016371250152588,-0.002957463264465332,-0.008546233177185059,0.003647059202194214,-0.014094395563006401,0.5991360545158386,0.6016371250152588,-0.002957463264465332,-0.008546233177185059
210,4.22,-0.046513766050338745,0.00017723423661664128,0.0015770288882777095,-0.0006614299491047859,0.007520882412791252,0.0003202315710950643,-0.03474976494908333,-2.4675937311258167e-06,-0.999396026134491,0.0,0.0,0.0,0.27000001072883606,0.0,0.27081403136253357,2.4690843929420225e-06,0.18345189094543457,0.1822659969329834,0.06172680854797363,0.06146728992462158,2.0992283821105957,2.626905918121338,-0.005192549899220467,-0.006820339243859053,-0.0008406750275753438,0.0007709424826316535,-0.7560268640518188,-0.7534589171409607,0.11426517367362976,0.09717309474945068,0.11215436458587646,0.09743836522102356,-0.09469249099493027,-0.09471163898706436,0.11420100927352905,0.09716574847698212,0.11208298802375793,0.09744196385145187,-0.09464000910520554,-0.09464586526155472,-0.18495847284793854,-0.00048151426017284393,0.270813524723053,2.3861621230025776e-05,-0.017301887273788452,0.0012671594740822911,0.9998494386672974,-0.04644886776804924,0.000383789767511189,0.0015817505773156881,-0.001489205751568079,0.007800680119544268,-0.0002977504627779126,1.0833375453948975,-1.8382713794708252,1.0821400880813599,-1.8385368585586548,2.0841143131256104,2.6118507385253906,-0.004639016464352608,-0.0011579745914787054,-0.007261272985488176,0.0009982301853597164,-0.7556431293487549,-0.75290447473526,0.003582487814128399,-0.014100129716098309,0.5990952849388123,0.6020290851593018,-0.0028995275497436523,-0.008710145950317383,0.003582487814128399,-0.014100129716098309,0.5990952849388123,0.6020290851593018,-0.0028995275497436523,-0.008710145950317383
211,4.24,-0.04644886776804924,0.000383789767511189,0.0015817505773156881,-0.001489205751568079,0.007800680119544268,-0.0002977504627779126,-0.03459862247109413,-3.867557097692043e-06,-0.9994010329246521,0.0,0.0,0.0,0.27000001072883606,0.0,0.270813524723053,3.869873580697458e-06,0.18333756923675537,0.18214011192321777,0.061728596687316895,0.061463117599487305,2.0841143131256104,2.6118507385253906,-0.004639016464352608,-0.007261272985488176,-0.0011579745914787054,0.0009982301853597164,-0.7556431293487549,-0.75290447473526,0.11420100927352905,0.09716574847698212,0.11208298802375793,0.09744196385145187,-0.09464000910520554,-0.09464586526155472,0.11413949728012085,0.0971827507019043,0.11200270056724548,0.09744954109191895,-0.09449445456266403,-0.09454218298196793,-0.18588683009147644,-0.0004834967839997262,0.2708129584789276,2.308206785528455e-05,-0.017227040603756905,0.0012673998717218637,0.9998507499694824,-0.046402305364608765,0.00022661917319055647,0.0015602151397615671,-0.0008705485961399972,0.007627913728356361,-3.836815812974237e-05,1.0832250118255615,-1.8382717370986938,1.082013726234436,-1.838537335395813,2.069021224975586,2.596813440322876,-0.004971603862941265,-0.0007865763618610799,-0.006892836187034845,0.0007761978777125478,-0.7546043992042542,-0.7520121932029724,0.0035183336585760117,-0.013895091600716114,0.5998151898384094,0.6011790037155151,-0.0029320716857910156,-0.008402347564697266,0.0035183336585760117,-0.013895091600716114,0.5998151898384094,0.6011790037155151,-0.0029320716857910156,-0.008402347564697266
212,4.26,-0.046402305364608765,0.00022661917319055647,0.0015602151397615671,-0.0008705485961399972,0.007627913728356361,-3.836815812974237e-05,-0.03444899991154671,-2.4901455617509782e-06,-0.9994062781333923,0.0,0.0,0.0,0.27000001072883606,0.0,0.2708129584789276,2.4916246275097365e-06,0.18322503566741943,0.18201375007629395,0.06172823905944824,0.0614626407623291,2.069021224975586,2.596813440322876,-0.004971603862941265,-0.006892836187034845,-0.0007865763618610799,0.0007761978777125478,-0.7546043992042542,-0.7520121932029724,0.11413949728012085,0.0971827507019043,0.11200270056724548,0.09744954109191895,-0.09449445456266403,-0.09454218298196793,0.11406996846199036,0.09717123955488205,0.11193087697029114,0.09745265543460846,-0.09442057460546494,-0.09444750100374222,-0.1868140548467636,-0.0004860677581746131,0.270812451839447,2.342549487366341e-05,-0.017152301967144012,0.0012675647158175707,0.9998520016670227,-0.046347543597221375,0.00015702968812547624,0.001564328558743,-0.0005986652104184031,0.007658955175429583,-5.612407039734535e-05,1.0831122398376465,-1.8382710218429565,1.0818886756896973,-1.8385405540466309,2.0539395809173584,2.5817906856536865,-0.005301014985889196,-0.0003804979787673801,-0.006503381300717592,0.00012658367631956935,-0.754112720489502,-0.7511696219444275,0.0036382172256708145,-0.013968121260404587,0.5994246006011963,0.6015937924385071,-0.0028704404830932617,-0.008347868919372559,0.0036382172256708145,-0.013968121260404587,0.5994246006011963,0.6015937924385071,-0.0028704404830932617,-0.008347868919372559
213,4.28,-0.046347543597221375,0.00015702968812547624,0.001564328558743,-0.0005986652104184031,0.007658955175429583,-5.612407039734535e-05,-0.034299585968256,-3.360750270076096e-06,-0.9994112849235535,0.0,0.0,0.0,0.27000001072883606,0.0,0.270812451839447,3.3627291031734785e-06,0.1831122636795044,0.18188869953155518,0.06172895431518555,0.06145942211151123,2.0539395809173584,2.5817906856536865,-0.005301014985889196,-0.006503381300717592,-0.0003804979787673801,0.00012658367631956935,-0.754112720489502,-0.7511696219444275,0.11406996846199036,0.09717123955488205,0.11193087697029114,0.09745265543460846,-0.09442057460546494,-0.09444750100374222,0.11400695145130157,0.09716692566871643,0.11185726523399353,0.09745471179485321,-0.09434045106172562,-0.09435877948999405,-0.18773995339870453,-0.000487953657284379,0.2708118259906769,2.2374204490915872e-05,-0.017076417803764343,0.0012679918436333537,0.9998533725738525,-0.04628761485219002,0.00026868697023019195,0.001547899330034852,-0.0010665648151189089,0.0078109391033649445,-0.000319391256198287,1.0830012559890747,-1.8382716178894043,1.0817630290985107,-1.83854079246521,2.038872480392456,2.5667800903320312,-0.004686981439590454,-0.0009497777791693807,-0.007047655060887337,0.000719298783224076,-0.7533673644065857,-0.7506158351898193,0.0029433798044919968,-0.013292575255036354,0.5999603867530823,0.6010148525238037,-0.0028208494186401367,-0.008412003517150879,0.0029433798044919968,-0.013292575255036354,0.5999603867530823,0.6010148525238037,-0.0028208494186401367,-0.008412003517150879
214,4.3,-0.04628761485219002,0.00026868697023019195,0.001547899330034852,-0.0010665648151189089,0.0078109391033649445,-0.000319391256198287,-0.03414788469672203,-1.4363286027219146e-06,-0.9994167685508728,0.0,0.0,0.0,0.27000001072883606,0.0,0.2708118259906769,1.4371684073921642e-06,0.18300127983093262,0.18176305294036865,0.06172835826873779,0.06145918369293213,2.038872480392456,2.5667800903320312,-0.004686981439590454,-0.007047655060887337,-0.0009497777791693807,0.000719298783224076,-0.7533673644065857,-0.7506158351898193,0.11400695145130157,0.09716692566871643,0.11185726523399353,0.09745471179485321,-0.09434045106172562,-0.09435877948999405,0.11394475400447845,0.09718458354473114,0.11177763342857361,0.09746639430522919,-0.09421253949403763,-0.09424928575754166,-0.18866483867168427,-0.0004904925590381026,0.2708112597465515,2.2661084585706703e-05,-0.017000727355480194,0.00126819615252316,0.9998546838760376,-0.046238236129283905,0.0002900386753026396,0.0015333754708990455,-0.001113860635086894,0.00765960244461894,-5.2786035666940734e-05,1.0828890800476074,-1.8382703065872192,1.0816388130187988,-1.8385436534881592,2.023822546005249,2.5517866611480713,-0.004739746451377869,-0.0009928602958098054,-0.007000652141869068,0.0010301657021045685,-0.7523723840713501,-0.7498140931129456,0.003801986575126648,-0.014058494940400124,0.5993621945381165,0.6018577814102173,-0.002648472785949707,-0.008391261100769043,0.003801986575126648,-0.014058494940400124,0.5993621945381165,0.6018577814102173,-0.002648472785949707,-0.008391261100769043
215,4.32,-0.046238236129283905,0.0002900386753026396,0.0015333754708990455,-0.001113860635086894,0.00765960244461894,-5.2786035666940734e-05,-0.033996570855379105,-2.1950691007077694e-06,-0.999422013759613,0.0,0.0,0.0,0.27000001072883606,0.0,0.2708112597465515,2.1963373910693917e-06,0.18288910388946533,0.18163883686065674,0.06172966957092285,0.06145632266998291,2.023822546005249,2.5517866611480713,-0.004739746451377869,-0.007000652141869068,-0.0009928602958098054,0.0010301657021045685,-0.7523723840713501,-0.7498140931129456,0.11394475400447845,0.09718458354473114,0.11177763342857361,0.09746639430522919,-0.09421253949403763,-0.09424928575754166,0.11388380825519562,0.09718678146600723,0.11170363426208496,0.09746492654085159,-0.09412551671266556,-0.09417451173067093,-0.18958868086338043,-0.0004930509021505713,0.2708107829093933,2.2966190954321064e-05,-0.01692570000886917,0.0012684282846748829,0.9998558759689331,-0.04618339613080025,0.00020983486319892108,0.0015257374616339803,-0.0007883292273618281,0.007597899995744228,0.00013761169975623488,1.082777738571167,-1.8382686376571655,1.0815154314041138,-1.8385450839996338,2.0087850093841553,2.536807060241699,-0.004998346790671349,-0.0007067996193654835,-0.006660166196525097,0.0007505841786041856,-0.7517893314361572,-0.7491453289985657,0.003011639229953289,-0.013158637098968029,0.6006454229354858,0.6003650426864624,-0.002794623374938965,-0.00802302360534668,0.003011639229953289,-0.013158637098968029,0.6006454229354858,0.6003650426864624,-0.002794623374938965,-0.00802302360534668
216,4.34,-0.04618339613080025,0.00020983486319892108,0.0015257374616339803,-0.0007883292273618281,0.007597899995744228,0.00013761169975623488,-0.03384657949209213,-2.987686457345262e-06,-0.9994267821311951,0.0,0.0,0.0,0.27000001072883606,0.0,0.2708107829093933,2.9894004001107533e-06,0.1827777624130249,0.18151545524597168,0.06173133850097656,0.0614548921585083,2.0087850093841553,2.536807060241699,-0.004998346790671349,-0.006660166196525097,-0.0007067996193654835,0.0007505841786041856,-0.7517893314361572,-0.7491453289985657,0.11388380825519562,0.09718678146600723,0.11170363426208496,0.09746492654085159,-0.09412551671266556,-0.09417451173067093,0.11382322013378143,0.09718528389930725,0.11163507401943207,0.09746843576431274,-0.09406734257936478,-0.09411019831895828,-0.1905113011598587,-0.000494944048114121,0.27081024646759033,2.2105650714365765e-05,-0.01684972457587719,0.0012689275899901986,0.9998571276664734,-0.04611816629767418,0.0004249016637913883,0.0015142899937927723,-0.001651774044148624,0.007801407016813755,-0.00026570362388156354,1.0826685428619385,-1.8382682800292969,1.081391453742981,-1.8385452032089233,1.993759036064148,2.5218355655670166,-0.0042096832767128944,-0.0014315538574010134,-0.007356676738709211,0.0015649143606424332,-0.751192569732666,-0.748842716217041,0.0036607813090085983,-0.013947156257927418,0.5993655323982239,0.6021702289581299,-0.002377152442932129,-0.008652925491333008,0.0036607813090085983,-0.013947156257927418,0.5993655323982239,0.6021702289581299,-0.002377152442932129,-0.008652925491333008
217,4.36,-0.04611816629767418,0.0004249016637913883,0.0015142899937927723,-0.001651774044148624,0.007801407016813755,-0.00026570362388156354,-0.03369469195604324,-1.4428260328713804e-06,-0.9994317889213562,0.0,0.0,0.0,0.27000001072883606,0.0,0.27081024646759033,1.4436448054766515e-06,0.1826685667037964,0.18139147758483887,0.061731696128845215,0.06145477294921875,1.993759036064148,2.5218355655670166,-0.0042096832767128944,-0.007356676738709211,-0.0014315538574010134,0.0015649143606424332,-0.751192569732666,-0.748842716217041,0.11382322013378143,0.09718528389930725,0.11163507401943207,0.09746843576431274,-0.09406734257936478,-0.09411019831895828,0.1137666404247284,0.09721134603023529,0.11155904829502106,0.0974799394607544,-0.09394014626741409,-0.09402508288621902,-0.19143281877040863,-0.0004973793402314186,0.2708098292350769,2.2133997845230624e-05,-0.016774095594882965,0.0012691530864685774,0.9998584389686584,-0.04606538265943527,0.00027783375116996467,0.0015115910209715366,-0.001076115993782878,0.007697439286857843,-0.00013356922136154026,1.0825589895248413,-1.8382654190063477,1.0812700986862183,-1.8385452032089233,1.9787498712539673,2.5068798065185547,-0.00461986381560564,-0.0008669174276292324,-0.006855870597064495,0.0010791558306664228,-0.7503591179847717,-0.7480137348175049,0.003595166839659214,-0.013685282319784164,0.6002189517021179,0.6010164618492126,-0.0024890899658203125,-0.008165597915649414,0.003595166839659214,-0.013685282319784164,0.6002189517021179,0.6010164618492126,-0.0024890899658203125,-0.008165597915649414
218,4.38,-0.04606538265943527,0.00027783375116996467,0.0015115910209715366,-0.001076115993782878,0.007697439286857843,-0.00013356922136154026,-0.03354349732398987,-1.6839367162901908e-06,-0.9994370341300964,0.0,0.0,0.0,0.27000001072883606,0.0,0.2708098292350769,1.6848864561325172e-06,0.18255901336669922,0.18127012252807617,0.061734557151794434,0.06145477294921875,1.9787498712539673,2.5068798065185547,-0.00461986381560564,-0.006855870597064495,-0.0008669174276292324,0.0010791558306664228,-0.7503591179847717,-0.7480137348175049,0.1137666404247284,0.09721134603023529,0.11155904829502106,0.0974799394607544,-0.09394014626741409,-0.09402508288621902,0.11369983851909637,0.09720177203416824,0.11149170994758606,0.09748457372188568,-0.09385900944471359,-0.09392941743135452,-0.1923532336950302,-0.0004998064250685275,0.27080944180488586,2.2134860046207905e-05,-0.01669854298233986,0.0012690573930740356,0.9998596906661987,-0.04601049795746803,0.0002823663817252964,0.0014986982569098473,-0.0010746070183813572,0.007664002478122711,3.970864781877026e-05,1.0824495553970337,-1.8382620811462402,1.0811493396759033,-1.8385460376739502,1.9637531042099,2.4919395446777344,-0.004672037437558174,-0.0009253624593839049,-0.00674643786624074,0.0010508489795029163,-0.7497129440307617,-0.7473011016845703,0.003908689133822918,-0.01401651743799448,0.5995837450027466,0.6017513871192932,-0.0023516416549682617,-0.00826418399810791,0.003908689133822918,-0.01401651743799448,0.5995837450027466,0.6017513871192932,-0.0023516416549682617,-0.00826418399810791
219,4.4,-0.04601049795746803,0.0002823663817252964,0.0014986982569098473,-0.0010746070183813572,0.007664002478122711,3.970864781877026e-05,-0.03339245542883873,-1.880689524114132e-06,-0.9994420409202576,0.0,0.0,0.0,0.27000001072883606,0.0,0.27080944180488586,1.881737375697412e-06,0.1824495792388916,0.18114936351776123,0.061737895011901855,0.061453938484191895,1.9637531042099,2.4919395446777344,-0.004672037437558174,-0.00674643786624074,-0.0009253624593839049,0.0010508489795029163,-0.7497129440307617,-0.7473011016845703,0.11369983851909637,0.09720177203416824,0.11149170994758606,0.09748457372188568,-0.09385900944471359,-0.09392941743135452,0.11364439129829407,0.09720834344625473,0.11142171919345856,0.09748639911413193,-0.09378466755151749,-0.09385953098535538,-0.19327233731746674,-0.0005023477133363485,0.2708088755607605,2.243124799861107e-05,-0.016621895134449005,0.0012696303892880678,0.999860942363739,-0.04594546556472778,0.00023645060718990862,0.0014991573989391327,-0.0009351358166895807,0.007882627658545971,-0.0002429915766697377,1.0823414325714111,-1.838258981704712,1.0810298919677734,-1.8385471105575562,1.9487696886062622,2.4770078659057617,-0.004601866472512484,-0.0007291910005733371,-0.006665384862571955,0.0007144781411625445,-0.7492085695266724,-0.7466449737548828,0.004072326235473156,-0.014173410832881927,0.5993207693099976,0.6021033525466919,-0.0022443532943725586,-0.00833284854888916,0.004072326235473156,-0.014173410832881927,0.5993207693099976,0.6021033525466919,-0.0022443532943725586,-0.00833284854888916
220,4.42,-0.04594546556472778,0.00023645060718990862,0.0014991573989391327,-0.0009351358166895807,0.007882627658545971,-0.0002429915766697377,-0.033239223062992096,-2.648928784765303e-06,-0.9994470477104187,0.0,0.0,0.0,0.27000001072883606,0.0,0.2708088755607605,2.6503939807298593e-06,0.18234145641326904,0.18102991580963135,0.061740994453430176,0.06145286560058594,1.9487696886062622,2.4770078659057617,-0.004601866472512484,-0.006665384862571955,-0.0007291910005733371,0.0007144781411625445,-0.7492085695266724,-0.7466449737548828,0.11364439129829407,0.09720834344625473,0.11142171919345856,0.09748639911413193,-0.09378466755151749,-0.09385953098535538,0.11357782781124115,0.09721685200929642,0.11134766787290573,0.09750402718782425,-0.09365441650152206,-0.09372729808092117,-0.19419026374816895,-0.0005048219463787973,0.2708083689212799,2.2617865397478454e-05,-0.0165452491492033,0.0012700106017291546,0.9998623132705688,-0.04589451476931572,0.00045954331289976835,0.001497457385994494,-0.001768760266713798,0.007787587586790323,-0.00022985393297858536,1.08223295211792,-1.8382561206817627,1.0809102058410645,-1.8385474681854248,1.9338030815124512,2.462096929550171,-0.004212620202451944,-0.0013204619754105806,-0.007072677370160818,0.001388987060636282,-0.7481518387794495,-0.7456831932067871,0.004388541914522648,-0.014419062063097954,0.5994102358818054,0.6022109985351562,-0.0022432804107666016,-0.008162617683410645,0.004388541914522648,-0.014419062063097954,0.5994102358818054,0.6022109985351562,-0.0022432804107666016,-0.008162617683410645
221,4.44,-0.04589451476931572,0.00045954331289976835,0.001497457385994494,-0.001768760266713798,0.007787587586790323,-0.00022985393297858536,-0.03308599814772606,-3.204218955943361e-06,-0.999452531337738,0.0,0.0,0.0,0.27000001072883606,0.0,0.2708083689212799,3.205973825970432e-06,0.18223297595977783,0.18091022968292236,0.061743855476379395,0.061452507972717285,1.9338030815124512,2.462096929550171,-0.004212620202451944,-0.007072677370160818,-0.0013204619754105806,0.001388987060636282,-0.7481518387794495,-0.7456831932067871,0.11357782781124115,0.09721685200929642,0.11134766787290573,0.09750402718782425,-0.09365441650152206,-0.09372729808092117,0.11352498829364777,0.09723073244094849,0.11127394437789917,0.09749563038349152,-0.0935281291604042,-0.09364575892686844,-0.19510747492313385,-0.0005066285957582295,0.27080798149108887,2.1572781406575814e-05,-0.016470756381750107,0.001269846921786666,0.9998635649681091,-0.045842867344617844,0.00021796913642901927,0.0014734291471540928,-0.0008384471293538809,0.007607847452163696,0.00011471407196950167,1.0821269750595093,-1.8382543325424194,1.0807898044586182,-1.838544487953186,1.9188566207885742,2.4472005367279053,-0.004622794687747955,-0.0008516744710505009,-0.006588773336261511,0.0010638366220518947,-0.7472309470176697,-0.7450480461120605,0.003886631689965725,-0.013846813701093197,0.6004191040992737,0.6011866927146912,-0.0022126436233520508,-0.008011817932128906,0.003886631689965725,-0.013846813701093197,0.6004191040992737,0.6011866927146912,-0.0022126436233520508,-0.008011817932128906
222,4.46,-0.045842867344617844,0.00021796913642901927,0.0014734291471540928,-0.0008384471293538809,0.007607847452163696,0.00011471407196950167,-0.032937075942754745,-1.3089993444737047e-06,-0.9994575381278992,0.0,0.0,0.0,0.27000001072883606,0.0,0.27080798149108887,1.3097096598357894e-06,0.1821269989013672,0.18078982830047607,0.061745643615722656,0.061455488204956055,1.9188566207885742,2.4472005367279053,-0.004622794687747955,-0.006588773336261511,-0.0008516744710505009,0.0010638366220518947,-0.7472309470176697,-0.7450480461120605,0.11352498829364777,0.09723073244094849,0.11127394437789917,0.09749563038349152,-0.0935281291604042,-0.09364575892686844,0.11346136033535004,0.09722232818603516,0.11121251434087753,0.09750396013259888,-0.09348957985639572,-0.09357286244630814,-0.1960231363773346,-0.0005089393816888332,0.2708075940608978,2.1380537873483263e-05,-0.016394460573792458,0.001270104548893869,0.9998646974563599,-0.04577544331550598,0.0002483782300259918,0.0014584525488317013,-0.0009683019598014653,0.00783676840364933,-1.9832015823340043e-05,1.0820213556289673,-1.8382508754730225,1.0806716680526733,-1.83854341506958,1.9039194583892822,2.43231201171875,-0.004379510413855314,-0.0009419653215445578,-0.006707550026476383,0.0011581415310502052,-0.7469167113304138,-0.744482159614563,0.005270049907267094,-0.015302776359021664,0.5989104509353638,0.6026067137718201,-0.0027570724487304688,-0.007587075233459473,0.005270049907267094,-0.015302776359021664,0.5989104509353638,0.6026067137718201,-0.0027570724487304688,-0.007587075233459473
223,4.48,-0.04577544331550598,0.0002483782300259918,0.0014584525488317013,-0.0009683019598014653,0.00783676840364933,-1.9832015823340043e-05,-0.032784540206193924,-1.1099327821284533e-06,-0.9994620680809021,0.0,0.0,0.0,0.27000001072883606,0.0,0.2708075940608978,1.1105285011581145e-06,0.1820213794708252,0.18067169189453125,0.06174910068511963,0.06145656108856201,1.9039194583892822,2.43231201171875,-0.004379510413855314,-0.006707550026476383,-0.0009419653215445578,0.0011581415310502052,-0.7469167113304138,-0.744482159614563,0.11346136033535004,0.09722232818603516,0.11121251434087753,0.09750396013259888,-0.09348957985639572,-0.09357286244630814,0.1134042739868164,0.09724299609661102,0.11113925278186798,0.09752194583415985,-0.09337519854307175,-0.09346533566713333,-0.19693772494792938,-0.000511144520714879,0.270807147026062,2.118137308571022e-05,-0.01631791517138481,0.0012701046653091908,0.9998660683631897,-0.04572105035185814,0.0001250735076609999,0.0014587988844141364,-0.00047895731404423714,0.007754220161587,0.00015522129251621664,1.081916332244873,-1.8382469415664673,1.0805540084838867,-1.838541865348816,1.8889951705932617,2.4174435138702393,-0.004783167038112879,-0.00043442737660370767,-0.006276935804635286,0.0007837984012439847,-0.7461015582084656,-0.7436222434043884,0.003925471566617489,-0.013764704577624798,0.6000675559043884,0.6015759110450745,-0.00198209285736084,-0.007944822311401367,0.003925471566617489,-0.013764704577624798,0.6000675559043884,0.6015759110450745,-0.00198209285736084,-0.007944822311401367
224,4.5,-0.04572105035185814,0.0001250735076609999,0.0014587988844141364,-0.00047895731404423714,0.007754220161587,0.00015522129251621664,-0.032631512731313705,-9.06151399249211e-07,-0.9994675517082214,0.0,0.0,0.0,0.27000001072883606,0.0,0.270807147026062,9.066357620213239e-07,0.18191635608673096,0.18055403232574463,0.061753034591674805,0.06145811080932617,1.8889951705932617,2.4174435138702393,-0.004783167038112879,-0.006276935804635286,-0.00043442737660370767,0.0007837984012439847,-0.7461015582084656,-0.7436222434043884,0.1134042739868164,0.09724299609661102,0.11113925278186798,0.09752194583415985,-0.09337519854307175,-0.09346533566713333,0.1133423000574112,0.0972403883934021,0.11107219755649567,0.09752784669399261,-0.09328513592481613,-0.09336171299219131,-0.19785112142562866,-0.0005133869126439095,0.2708066999912262,2.0853271053056233e-05,-0.016241850331425667,0.0012699576327577233,0.9998672008514404,-0.045665472745895386,0.0003045926569029689,0.001446411246433854,-0.0011647117789834738,0.007709087338298559,0.000145477126352489,1.0818123817443848,-1.8382431268692017,1.0804362297058105,-1.8385400772094727,1.87408447265625,2.402592182159424,-0.004312348552048206,-0.001110738143324852,-0.006699764635413885,0.0014048623852431774,-0.7453198432922363,-0.7429351806640625,0.0046319179236888885,-0.014510849490761757,0.5992039442062378,0.6026612520217896,-0.0017091035842895508,-0.008226513862609863,0.0046319179236888885,-0.014510849490761757,0.5992039442062378,0.6026612520217896,-0.0017091035842895508,-0.008226513862609863
225,4.5200000000000005,-0.045665472745895386,0.0003045926569029689,0.001446411246433854,-0.0011647117789834738,0.007709087338298559,0.000145477126352489,-0.03247943893074989,-4.480825737118721e-07,-0.9994720816612244,0.0,0.0,0.0,0.27000001072883606,0.0,0.2708066999912262,4.4831753598373325e-07,0.18181240558624268,0.18043625354766846,0.06175684928894043,0.061459898948669434,1.87408447265625,2.402592182159424,-0.004312348552048206,-0.006699764635413885,-0.001110738143324852,0.0014048623852431774,-0.7453198432922363,-0.7429351806640625,0.1133423000574112,0.0972403883934021,0.11107219755649567,0.09752784669399261,-0.09328513592481613,-0.09336171299219131,0.11329486966133118,0.09725961834192276,0.11100521683692932,0.09752550721168518,-0.09319291263818741,-0.09330520778894424,-0.19876334071159363,-0.0005163735477253795,0.27080634236335754,2.1857331375940703e-05,-0.01616581529378891,0.0012699092039838433,0.9998684525489807,-0.04560050740838051,0.00016853294800966978,0.0014399931533262134,-0.0005868805455975235,0.007827850989997387,0.0005268248496577144,1.0817077159881592,-1.838236689567566,1.0803221464157104,-1.8385404348373413,1.8591915369033813,2.3877456188201904,-0.0049837022088468075,-0.00041335163405165076,-0.005807742942124605,0.000786246033385396,-0.7443522214889526,-0.7426487803459167,0.002557980827987194,-0.012391014955937862,0.5997428297996521,0.602056086063385,-0.002268075942993164,-0.007514357566833496,0.002557980827987194,-0.012391014955937862,0.5997428297996521,0.602056086063385,-0.002268075942993164,-0.007514357566833496
226,4.54,-0.04560050740838051,0.00016853294800966978,0.0014399931533262134,-0.0005868805455975235,0.007827850989997387,0.0005268248496577144,-0.03232743218541145,-2.650675014592707e-06,-0.9994770884513855,0.0,0.0,0.0,0.27000001072883606,0.0,0.27080634236335754,2.6520622213865863e-06,0.1817077398300171,0.18032217025756836,0.06176328659057617,0.06145954132080078,1.8591915369033813,2.3877456188201904,-0.0049837022088468075,-0.005807742942124605,-0.00041335163405165076,0.000786246033385396,-0.7443522214889526,-0.7426487803459167,0.11329486966133118,0.09725961834192276,0.11100521683692932,0.09752550721168518,-0.09319291263818741,-0.09330520778894424,0.11322973668575287,0.09726324677467346,0.11093831062316895,0.09754210710525513,-0.09307528287172318,-0.0931944027543068,-0.19967444241046906,-0.0005184164037927985,0.27080589532852173,2.1257888874970376e-05,-0.016089284792542458,0.0012701150262728333,0.9998697638511658,-0.045544903725385666,0.00039458664832636714,0.001430317759513855,-0.001521701691672206,0.007821726612746716,-0.00014328589895740151,1.081605315208435,-1.8382329940795898,1.0802068710327148,-1.838537573814392,1.844313144683838,2.3729193210601807,-0.004014265723526478,-0.0011944096768274903,-0.006813055835664272,0.0015841226559132338,-0.7437816858291626,-0.7415575385093689,0.004535814747214317,-0.014339465647935867,0.5999457836151123,0.6020748019218445,-0.001749873161315918,-0.007942795753479004,0.004535814747214317,-0.014339465647935867,0.5999457836151123,0.6020748019218445,-0.001749873161315918,-0.007942795753479004
227,4.5600000000000005,-0.045544903725385666,0.00039458664832636714,0.001430317759513855,-0.001521701691672206,0.007821726612746716,-0.00014328589895740151,-0.032174430787563324,-1.639757101656869e-06,-0.9994823336601257,0.0,0.0,0.0,0.27000001072883606,0.0,0.27080589532852173,1.6406063423346495e-06,0.18160533905029297,0.18020689487457275,0.061766982078552246,0.06146240234375,1.844313144683838,2.3729193210601807,-0.004014265723526478,-0.006813055835664272,-0.0011944096768274903,0.0015841226559132338,-0.7437816858291626,-0.7415575385093689,0.11322973668575287,0.09726324677467346,0.11093831062316895,0.09754210710525513,-0.09307528287172318,-0.0931944027543068,0.11317914724349976,0.09728291630744934,0.11087197065353394,0.09754158556461334,-0.0929587259888649,-0.09310842305421829,-0.2005842924118042,-0.0005209016962908208,0.2708054780960083,2.1473593733389862e-05,-0.016012944281101227,0.0012702447129413486,0.9998708963394165,-0.04548817127943039,0.0001698357955319807,0.0014392122393473983,-0.0006404349696822464,0.007765054702758789,0.00012822133430745453,1.0815017223358154,-1.8382270336151123,1.0800944566726685,-1.8385363817214966,1.8294517993927002,2.358107089996338,-0.0047389911487698555,-0.0003662307863123715,-0.005943315103650093,0.0006146754021756351,-0.7430100440979004,-0.7407437562942505,0.004127058200538158,-0.01384679414331913,0.6005721688270569,0.6015146374702454,-0.0016276836395263672,-0.007843852043151855,0.004127058200538158,-0.01384679414331913,0.6005721688270569,0.6015146374702454,-0.0016276836395263672,-0.007843852043151855
228,4.58,-0.04548817127943039,0.0001698357955319807,0.0014392122393473983,-0.0006404349696822464,0.007765054702758789,0.00012822133430745453,-0.03202180936932564,-2.2609274310525507e-06,-0.9994868636131287,0.0,0.0,0.0,0.27000001072883606,0.0,0.2708054780960083,2.262087036797311e-06,0.18150174617767334,0.18009448051452637,0.061772942543029785,0.06146359443664551,1.8294517993927002,2.358107089996338,-0.0047389911487698555,-0.005943315103650093,-0.0003662307863123715,0.0006146754021756351,-0.7430100440979004,-0.7407437562942505,0.11317914724349976,0.09728291630744934,0.11087197065353394,0.09754158556461334,-0.0929587259888649,-0.09310842305421829,0.11311562359333038,0.09727395325899124,0.11081055551767349,0.09754931926727295,-0.0928775891661644,-0.09300238639116287,-0.2014930546283722,-0.0005227538058534265,0.27080512046813965,2.050923285423778e-05,-0.015937311574816704,0.001270160311833024,0.9998721480369568,-0.04542984440922737,0.0002257673186250031,0.0014102018903940916,-0.001033667242154479,0.007755403872579336,-0.0014085809234529734,1.0814015865325928,-1.838223934173584,1.079980492591858,-1.8385319709777832,1.8146058320999146,2.3433077335357666,-0.0035086963325738907,-0.0007402702467516065,-0.007139812223613262,0.0011324870865792036,-0.7419680953025818,-0.7403860688209534,0.0023348862305283546,-0.012112918309867382,0.5988636612892151,0.6031559109687805,-0.0010727643966674805,-0.008468270301818848,0.0023348862305283546,-0.012112918309867382,0.5988636612892151,0.6031559109687805,-0.0010727643966674805,-0.008468270301818848
229,4.6000000000000005,-0.04542984440922737,0.0002257673186250031,0.0014102018903940916,-0.001033667242154479,0.007755403872579336,-0.0014085809234529734,-0.03187059983611107,-5.273395800031722e-07,-0.9994918704032898,0.0,0.0,0.0,0.27000001072883606,0.0,0.27080512046813965,5.276092451822478e-07,0.18140161037445068,0.17998051643371582,0.061776041984558105,0.06146800518035889,1.8146058320999146,2.3433077335357666,-0.0035086963325738907,-0.007139812223613262,-0.0007402702467516065,0.0011324870865792036,-0.7419680953025818,-0.7403860688209534,0.11311562359333038,0.09727395325899124,0.11081055551767349,0.09754931926727295,-0.0928775891661644,-0.09300238639116287,0.11306513845920563,0.0972820296883583,0.11075444519519806,0.09755416214466095,-0.09281561523675919,-0.0929260328412056,-0.2024003565311432,-0.0005250556860119104,0.27080458402633667,2.0407160263857804e-05,-0.01585959829390049,0.0012702032690867782,0.9998733401298523,-0.04536394774913788,0.00023959495592862368,0.0013968106359243393,-0.0009228811832144856,0.007878248579800129,8.498407260049134e-05,1.081302523612976,-1.838219165802002,1.0798683166503906,-1.83853018283844,1.7997686862945557,2.3285207748413086,-0.0041828821413218975,-0.0008370856521651149,-0.006286562420427799,0.0012146298540756106,-0.7417578101158142,-0.7395665645599365,0.004496605135500431,-0.014190062880516052,0.5995025634765625,0.6026903986930847,-0.00141143798828125,-0.007889032363891602,0.004496605135500431,-0.014190062880516052,0.5995025634765625,0.6026903986930847,-0.00141143798828125,-0.007889032363891602
230,4.62,-0.04536394774913788,0.00023959495592862368,0.0013968106359243393,-0.0009228811832144856,0.007878248579800129,8.498407260049134e-05,-0.031715232878923416,-5.193251126911491e-07,-0.9994966387748718,0.0,0.0,0.0,0.27000001072883606,0.0,0.27080458402633667,5.1958653557449e-07,0.18130254745483398,0.17986834049224854,0.06178081035614014,0.06146979331970215,1.7997686862945557,2.3285207748413086,-0.0041828821413218975,-0.006286562420427799,-0.0008370856521651149,0.0012146298540756106,-0.7417578101158142,-0.7395665645599365,0.11306513845920563,0.0972820296883583,0.11075444519519806,0.09755416214466095,-0.09281561523675919,-0.0929260328412056,0.1130123883485794,0.09731350094079971,0.11067936569452286,0.09757304191589355,-0.09268737584352493,-0.09283042699098587,-0.20330660045146942,-0.0005274928989820182,0.27080413699150085,2.0598296032403596e-05,-0.015782780945301056,0.0012703138636425138,0.9998746514320374,-0.04530853033065796,0.0002534656086936593,0.0014000659575685859,-0.0009647936094552279,0.007765947375446558,0.0001946006086654961,1.0812023878097534,-1.838213324546814,1.079757809638977,-1.8385270833969116,1.7849477529525757,2.313750743865967,-0.004223944619297981,-0.0007968780701048672,-0.006240936927497387,0.0013694231165573,-0.7408498525619507,-0.7387581467628479,0.005187065340578556,-0.014799361117184162,0.5993638634681702,0.6030611991882324,-0.001196742057800293,-0.007892012596130371,0.005187065340578556,-0.014799361117184162,0.5993638634681702,0.6030611991882324,-0.001196742057800293,-0.007892012596130371
231,4.64,-0.04530853033065796,0.0002534656086936593,0.0014000659575685859,-0.0009647936094552279,0.007765947375446558,0.0001946006086654961,-0.031561657786369324,-1.093259925255552e-06,-0.9995018839836121,0.0,0.0,0.0,0.27000001072883606,0.0,0.27080413699150085,1.0938032346530235e-06,0.18120241165161133,0.17975783348083496,0.061786651611328125,0.06147289276123047,1.7849477529525757,2.313750743865967,-0.004223944619297981,-0.006240936927497387,-0.0007968780701048672,0.0013694231165573,-0.7408498525619507,-0.7387581467628479,0.1130123883485794,0.09731350094079971,0.11067936569452286,0.09757304191589355,-0.09268737584352493,-0.09283042699098587,0.11295807361602783,0.09732131659984589,0.11061817407608032,0.09757554531097412,-0.09259141236543655,-0.09274766594171524,-0.20421172678470612,-0.0005296238232403994,0.27080386877059937,2.0263347323634662e-05,-0.01570672169327736,0.0012710676528513432,0.9998758435249329,-0.045247603207826614,0.0001620519469724968,0.0013929945416748524,-0.0008741940255276859,0.007753544952720404,-0.0021368323359638453,1.0811026096343994,-1.8382071256637573,1.0796480178833008,-1.8385223150253296,1.770141839981079,2.2989938259124756,-0.003043740289285779,-0.0003524005878716707,-0.007288878783583641,0.0010042848298326135,-0.7403151392936707,-0.7378708720207214,0.004756215959787369,-0.01429348811507225,0.6001089811325073,0.6021003127098083,-0.0011783838272094727,-0.007726311683654785,0.004756215959787369,-0.01429348811507225,0.6001089811325073,0.6021003127098083,-0.0011783838272094727,-0.007726311683654785
232,4.66,-0.045247603207826614,0.0001620519469724968,0.0013929945416748524,-0.0008741940255276859,0.007753544952720404,-0.0021368323359638453,-0.03140959516167641,-5.930523911956698e-07,-0.9995066523551941,0.0,0.0,0.0,0.27000001072883606,0.0,0.27080386877059937,5.933447937422898e-07,0.18110263347625732,0.1796480417251587,0.061792850494384766,0.0614776611328125,1.770141839981079,2.2989938259124756,-0.003043740289285779,-0.007288878783583641,-0.0003524005878716707,0.0010042848298326135,-0.7403151392936707,-0.7378708720207214,0.11295807361602783,0.09732131659984589,0.11061817407608032,0.09757554531097412,-0.09259141236543655,-0.09274766594171524,0.11290127038955688,0.09730973094701767,0.11057178676128387,0.09758017957210541,-0.09254320710897446,-0.09265009313821793,-0.20511528849601746,-0.0005326842656359076,0.27080342173576355,2.1506020857486874e-05,-0.015628866851329803,0.0012705030385404825,0.9998770356178284,-0.045180149376392365,0.00015221435751300305,0.001373257371596992,-0.0005675539723597467,0.007938462309539318,0.0001519131037639454,1.0810049772262573,-1.838197946548462,1.0795406103134155,-1.8385213613510132,1.7553476095199585,2.284247636795044,-0.004430295433849096,-0.0002823909162543714,-0.005719971377402544,0.0007551792077720165,-0.7397531867027283,-0.7373483180999756,0.0044006649404764175,-0.013988478109240532,0.5991307497024536,0.6031222343444824,-0.0009982585906982422,-0.00789487361907959,0.0044006649404764175,-0.013988478109240532,0.5991307497024536,0.6031222343444824,-0.0009982585906982422,-0.00789487361907959
233,4.68,-0.045180149376392365,0.00015221435751300305,0.001373257371596992,-0.0005675539723597467,0.007938462309539318,0.0001519131037639454,-0.03125394508242607,-3.293705958640203e-06,-0.9995114207267761,0.0,0.0,0.0,0.27000001072883606,0.0,0.27080342173576355,3.2953164463833673e-06,0.18100500106811523,0.17954063415527344,0.061802029609680176,0.061478614807128906,1.7553476095199585,2.284247636795044,-0.004430295433849096,-0.005719971377402544,-0.0002823909162543714,0.0007551792077720165,-0.7397531867027283,-0.7373483180999756,0.11290127038955688,0.09730973094701767,0.11057178676128387,0.09758017957210541,-0.09254320710897446,-0.09265009313821793,0.11285144090652466,0.09734600782394409,0.11049255728721619,0.09759966284036636,-0.09238877147436142,-0.09254185110330582,-0.20601798593997955,-0.0005345429526641965,0.2708030939102173,2.0504494386841543e-05,-0.015551959164440632,0.0012704049004241824,0.9998781681060791,-0.04512561112642288,0.00023292808327823877,0.0013778619468212128,-0.0008961237035691738,0.007814259268343449,-5.530061389436014e-05,1.0809088945388794,-1.8381925821304321,1.0794315338134766,-1.8385155200958252,1.7405726909637451,2.269521713256836,-0.00417140731588006,-0.0004631578049156815,-0.006032005418092012,0.001161359017714858,-0.738663911819458,-0.7364551424980164,0.00416281633079052,-0.013598836027085781,0.6010153889656067,0.6014231443405151,-0.0012106895446777344,-0.007365703582763672,0.00416281633079052,-0.013598836027085781,0.6010153889656067,0.6014231443405151,-0.0012106895446777344,-0.007365703582763672
234,4.7,-0.04512561112642288,0.00023292808327823877,0.0013778619468212128,-0.0008961237035691738,0.007814259268343449,-5.530061389436014e-05,-0.031100181862711906,-1.4894249034114182e-06,-0.9995158910751343,0.0,0.0,0.0,0.27000001072883606,0.0,0.2708030939102173,1.490144541094196e-06,0.1809089183807373,0.17943155765533447,0.06180739402770996,0.061484456062316895,1.7405726909637451,2.269521713256836,-0.00417140731588006,-0.006032005418092012,-0.0004631578049156815,0.001161359017714858,-0.738663911819458,-0.7364551424980164,0.11285144090652466,0.09734600782394409,0.11049255728721619,0.09759966284036636,-0.09238877147436142,-0.09254185110330582,0.11279726028442383,0.09735532104969025,0.1104336827993393,0.09760023653507233,-0.09227290004491806,-0.09244874864816666,-0.20691946148872375,-0.0005369706777855754,0.2708028256893158,2.07256744033657e-05,-0.015475844033062458,0.0012705845292657614,0.9998793601989746,-0.04506764933466911,0.0002760692732408643,0.0013668277533724904,-0.0010398207232356071,0.0077379378490149975,0.00014420862135011703,1.0808115005493164,-1.8381849527359009,1.0793254375457764,-1.8385109901428223,1.7258148193359375,2.2548108100891113,-0.004158792085945606,-0.000655075185932219,-0.00595252588391304,0.001297571579925716,-0.7377482056617737,-0.7357728481292725,0.0048959096893668175,-0.014364183880388737,0.6001818776130676,0.6024429202079773,-0.0009086132049560547,-0.007627964019775391,0.0048959096893668175,-0.014364183880388737,0.6001818776130676,0.6024429202079773,-0.0009086132049560547,-0.007627964019775391
235,4.72,-0.04506764933466911,0.0002760692732408643,0.0013668277533724904,-0.0010398207232356071,0.0077379378490149975,0.00014420862135011703,-0.030948005616664886,-2.119610144291073e-06,-0.9995206594467163,0.0,0.0,0.0,0.27000001072883606,0.0,0.2708028256893158,2.120627414115006e-06,0.18081152439117432,0.17932546138763428,0.06181502342224121,0.061488986015319824,1.7258148193359375,2.2548108100891113,-0.004158792085945606,-0.00595252588391304,-0.000655075185932219,0.001297571579925716,-0.7377482056617737,-0.7357728481292725,0.11279726028442383,0.09735532104969025,0.1104336827993393,0.09760023653507233,-0.09227290004491806,-0.09244874864816666,0.11274899542331696,0.09736872464418411,0.11037594079971313,0.09760192036628723,-0.09218201786279678,-0.09237758070230484,-0.20781965553760529,-0.0005392120801843703,0.27080249786376953,2.0440007574507035e-05,-0.015399293042719364,0.0012708810390904546,0.9998806118965149,-0.04499880224466324,0.00020983681315556169,0.0013590677408501506,-0.0008264691568911076,0.007894176989793777,-0.00021810905309394002,1.0807160139083862,-1.8381776809692383,1.0792196989059448,-1.8385049104690552,1.7110750675201416,2.2401070594787598,-0.004042013548314571,-0.000352526200003922,-0.005927443504333496,0.0011123002041131258,-0.7371290922164917,-0.7351552844047546,0.004655236378312111,-0.014199377037584782,0.6012902855873108,0.6015976071357727,-0.001699209213256836,-0.006924033164978027,0.004655236378312111,-0.014199377037584782,0.6012902855873108,0.6015976071357727,-0.001699209213256836,-0.006924033164978027
236,4.74,-0.04499880224466324,0.00020983681315556169,0.0013590677408501506,-0.0008264691568911076,0.007894176989793777,-0.00021810905309394002,-0.030794961377978325,-1.7337952158413827e-06,-0.9995256662368774,0.0,0.0,0.0,0.27000001072883606,0.0,0.27080249786376953,1.7346194454148645e-06,0.18071603775024414,0.17921972274780273,0.06182229518890381,0.061495065689086914,1.7110750675201416,2.2401070594787598,-0.004042013548314571,-0.005927443504333496,-0.000352526200003922,0.0011123002041131258,-0.7371290922164917,-0.7351552844047546,0.11274899542331696,0.09736872464418411,0.11037594079971313,0.09760192036628723,-0.09218201786279678,-0.09237758070230484,0.11269129812717438,0.09738168120384216,0.1103161871433258,0.0976211354136467,-0.09205972403287888,-0.09225095063447952,-0.2087184339761734,-0.0005417182110249996,0.27080217003822327,2.0764469809364527e-05,-0.015321767888963223,0.001271027373149991,0.9998818039894104,-0.04494144022464752,0.0003520103346090764,0.0013490431010723114,-0.0013306865002959967,0.007836543023586273,0.00012350559700280428,1.080620288848877,-1.8381690979003906,1.0791155099868774,-1.838499903678894,1.696349859237671,2.225425958633423,-0.0038747191429138184,-0.0008853469043970108,-0.0060521820560097694,0.0016214221250265837,-0.7360536456108093,-0.7343199849128723,0.005483077839016914,-0.014888702891767025,0.5993425846099854,0.6034917235374451,-0.0005942583084106445,-0.00768887996673584,0.005483077839016914,-0.014888702891767025,0.5993425846099854,0.6034917235374451,-0.0005942583084106445,-0.00768887996673584
237,4.76,-0.04494144022464752,0.0003520103346090764,0.0013490431010723114,-0.0013306865002959967,0.007836543023586273,0.00012350559700280428,-0.03063996508717537,-2.575259713921696e-06,-0.9995304346084595,0.0,0.0,0.0,0.27000001072883606,0.0,0.27080217003822327,2.576468432380352e-06,0.18062031269073486,0.17911553382873535,0.061830878257751465,0.06150007247924805,1.696349859237671,2.225425958633423,-0.0038747191429138184,-0.0060521820560097694,-0.0008853469043970108,0.0016214221250265837,-0.7360536456108093,-0.7343199849128723,0.11269129812717438,0.09738168120384216,0.1103161871433258,0.0976211354136467,-0.09205972403287888,-0.09225095063447952,0.11264549195766449,0.09740456938743591,0.11025254428386688,0.09762206673622131,-0.09192956238985062,-0.09215585142374039,-0.20961621403694153,-0.000543831498362124,0.27080196142196655,2.0332654457888566e-05,-0.015245715156197548,0.0012708184076473117,0.9998829960823059,-0.04488273337483406,0.0002702523779589683,0.0013491770951077342,-0.0010216864757239819,0.0077127376571297646,0.00010526287951506674,1.0805257558822632,-1.8381613492965698,1.0790114402770996,-1.8384933471679688,1.6816437244415283,2.2107601165771484,-0.004057623445987701,-0.0005302280187606812,-0.005796500016003847,0.0013976965565234423,-0.7351706027984619,-0.7335131764411926,0.005004121921956539,-0.014382229186594486,0.6006883978843689,0.6024484038352966,-0.0006237030029296875,-0.007508039474487305,0.005004121921956539,-0.014382229186594486,0.6006883978843689,0.6024484038352966,-0.0006237030029296875,-0.007508039474487305
238,4.78,-0.04488273337483406,0.0002702523779589683,0.0013491770951077342,-0.0010216864757239819,0.0077127376571297646,0.00010526287951506674,-0.030487915500998497,-1.911477738758549e-06,-0.9995352029800415,0.0,0.0,0.0,0.27000001072883606,0.0,0.27080196142196655,1.912367224576883e-06,0.1805257797241211,0.17901146411895752,0.061838626861572266,0.06150662899017334,1.6816437244415283,2.2107601165771484,-0.004057623445987701,-0.005796500016003847,-0.0005302280187606812,0.0013976965565234423,-0.7351706027984619,-0.7335131764411926,0.11264549195766449,0.09740456938743591,0.11025254428386688,0.09762206673622131,-0.09192956238985062,-0.09215585142374039,0.11259311437606812,0.09740710258483887,0.11019988358020782,0.0976257473230362,-0.09184820204973221,-0.09206957370042801,-0.21051272749900818,-0.0005458872765302658,0.27080172300338745,1.9837598301819526e-05,-0.015169528312981129,0.0012706770794466138,0.9998840689659119,-0.04481479153037071,0.00023382582003250718,0.001327977515757084,-0.0008367421105504036,0.007861364632844925,0.0006547847297042608,1.0804325342178345,-1.8381537199020386,1.0789086818695068,-1.8384863138198853,1.666954517364502,2.1961045265197754,-0.004247381817549467,-0.000664269202388823,-0.005420849658548832,0.0014152602525427938,-0.7340953946113586,-0.7331981658935547,0.003929526545107365,-0.013273967429995537,0.5994248986244202,0.6034186482429504,-0.0009665489196777344,-0.007029891014099121,0.003929526545107365,-0.013273967429995537,0.5994248986244202,0.6034186482429504,-0.0009665489196777344,-0.007029891014099121
239,4.8,-0.04481479153037071,0.00023382582003250718,0.001327977515757084,-0.0008367421105504036,0.007861364632844925,0.0006547847297042608,-0.03033559024333954,-1.1194533726666123e-06,-0.9995394945144653,0.0,0.0,0.0,0.27000001072883606,0.0,0.27080172300338745,1.1199676919204649e-06,0.18043255805969238,0.17890870571136475,0.061846256256103516,0.061513662338256836,1.666954517364502,2.1961045265197754,-0.004247381817549467,-0.005420849658548832,-0.000664269202388823,0.0014152602525427938,-0.7340953946113586,-0.7331981658935547,0.11259311437606812,0.09740710258483887,0.11019988358020782,0.0976257473230362,-0.09184820204973221,-0.09206957370042801,0.11254119873046875,0.0974310040473938,0.11013659834861755,0.09764505922794342,-0.09171713143587112,-0.09195027500391006,-0.21140770614147186,-0.0005483814748004079,0.2708014249801636,2.020827741944231e-05,-0.015091945417225361,0.0012710194569081068,0.9998852014541626,-0.04475364089012146,8.22822330519557e-05,0.0013423461932688951,-0.0003262076643295586,0.007869704626500607,-5.642064206767827e-05,1.080338478088379,-1.8381438255310059,1.0788077116012573,-1.8384807109832764,1.652280569076538,2.1814703941345215,-0.004380364436656237,0.00017310588737018406,-0.005268818698823452,0.0005273279384709895,-0.7336750030517578,-0.7317357659339905,0.004137289710342884,-0.013334843330085278,0.6017464995384216,0.60109943151474,-0.0006837844848632812,-0.006991982460021973,0.004137289710342884,-0.013334843330085278,0.6017464995384216,0.60109943151474,-0.0006837844848632812,-0.006991982460021973
240,4.82,-0.04475364089012146,8.22822330519557e-05,0.0013423461932688951,-0.0003262076643295586,0.007869704626500607,-5.642064206767827e-05,-0.03018047846853733,-2.047603629762307e-06,-0.9995440244674683,0.0,0.0,0.0,0.27000001072883606,0.0,0.2708014249801636,2.048535407084273e-06,0.18033850193023682,0.17880773544311523,0.06185615062713623,0.06151926517486572,1.652280569076538,2.1814703941345215,-0.004380364436656237,-0.005268818698823452,0.00017310588737018406,0.0005273279384709895,-0.7336750030517578,-0.7317357659339905,0.11254119873046875,0.0974310040473938,0.11013659834861755,0.09764505922794342,-0.09171713143587112,-0.09195027500391006,0.11248186230659485,0.09742584824562073,0.11008073389530182,0.09765295684337616,-0.0915985032916069,-0.09179884940385818,-0.2123018205165863,-0.000550696742720902,0.2708011865615845,2.0101255358895287e-05,-0.01501588337123394,0.001270977663807571,0.9998863935470581,-0.044697243720293045,0.00030502298614010215,0.0013158922083675861,-0.0011533255456015468,0.007746934425085783,0.00010917628242168576,1.080246090888977,-1.838135004043579,1.0787056684494019,-1.8384736776351929,1.6376255750656128,2.166858434677124,-0.003848853288218379,-0.000685512088239193,-0.00579612934961915,0.0014747731620445848,-0.7325925230979919,-0.7307805418968201,0.005334646441042423,-0.014528634957969189,0.5999715924263,0.6029092669487,-0.0003458261489868164,-0.007238268852233887,0.005334646441042423,-0.014528634957969189,0.5999715924263,0.6029092669487,-0.0003458261489868164,-0.007238268852233887
241,4.84,-0.044697243720293045,0.00030502298614010215,0.0013158922083675861,-0.0011533255456015468,0.007746934425085783,0.00010917628242168576,-0.03002840466797352,-2.0282386685721576e-06,-0.9995487928390503,0.0,0.0,0.0,0.27000001072883606,0.0,0.2708011865615845,2.0291522560000885e-06,0.18024611473083496,0.17870569229125977,0.06186497211456299,0.06152629852294922,1.6376255750656128,2.166858434677124,-0.003848853288218379,-0.00579612934961915,-0.000685512088239193,0.0014747731620445848,-0.7325925230979919,-0.7307805418968201,0.11248186230659485,0.09742584824562073,0.11008073389530182,0.09765295684337616,-0.0915985032916069,-0.09179884940385818,0.11244504153728485,0.0974547266960144,0.11002078652381897,0.09764804691076279,-0.09148595482110977,-0.09172535687685013,-0.21319471299648285,-0.0005526249879039824,0.27080094814300537,1.9439421521383338e-05,-0.01494044903665781,0.001270896173082292,0.9998875856399536,-0.04463159292936325,0.0002728874096646905,0.0013084923848509789,-0.001205831184051931,0.007726618088781834,-0.0013555948389694095,1.0801548957824707,-1.838127851486206,1.0786051750183105,-1.8384661674499512,1.6229891777038574,2.1522576808929443,-0.002919795224443078,-0.0006716391071677208,-0.006579858250916004,0.0015776775544509292,-0.7314628958702087,-0.7305295467376709,0.0036438126116991043,-0.012943089008331299,0.5992887616157532,0.6041608452796936,0.00028014183044433594,-0.007973790168762207,0.0036438126116991043,-0.012943089008331299,0.5992887616157532,0.6041608452796936,0.00028014183044433594,-0.007973790168762207
242,4.86,-0.04463159292936325,0.0002728874096646905,0.0013084923848509789,-0.001205831184051931,0.007726618088781834,-0.0013555948389694095,-0.029877590015530586,-8.989554771687835e-07,-0.9995535612106323,0.0,0.0,0.0,0.27000001072883606,0.0,0.27080094814300537,8.993556548375636e-07,0.1801549196243286,0.17860519886016846,0.061872124671936035,0.06153380870819092,1.6229891777038574,2.1522576808929443,-0.002919795224443078,-0.006579858250916004,-0.0006716391071677208,0.0015776775544509292,-0.7314628958702087,-0.7305295467376709,0.11244504153728485,0.0974547266960144,0.11002078652381897,0.09764804691076279,-0.09148595482110977,-0.09172535687685013,0.11239421367645264,0.09745873510837555,0.10997729748487473,0.0976569801568985,-0.09141399711370468,-0.09163758903741837,-0.21408610045909882,-0.0005555361276492476,0.2708006203174591,2.051665069302544e-05,-0.014863300137221813,0.0012711433228105307,0.9998886585235596,-0.044560715556144714,0.000228411634452641,0.0012901212321594357,-0.0008538552792742848,0.007887883111834526,0.00017590234347153455,1.080063819885254,-1.8381167650222778,1.0785083770751953,-1.838461995124817,1.6083638668060303,2.13767147064209,-0.0038977705407887697,-0.00043012306559830904,-0.005396541208028793,0.0011858944781124592,-0.7312432527542114,-0.7294884324073792,0.004501784220337868,-0.013671514578163624,0.6012502312660217,0.6019120216369629,-0.00034821033477783203,-0.006994724273681641,0.004501784220337868,-0.013671514578163624,0.6012502312660217,0.6019120216369629,-0.00034821033477783203,-0.006994724273681641
243,4.88,-0.044560715556144714,0.000228411634452641,0.0012901212321594357,-0.0008538552792742848,0.007887883111834526,0.00017590234347153455,-0.02972334250807762,-3.2419629860669374e-06,-0.9995578527450562,0.0,0.0,0.0,0.27000001072883606,0.0,0.2708006203174591,3.2433968044642825e-06,0.18006384372711182,0.17850840091705322,0.06188321113586426,0.061537981033325195,1.6083638668060303,2.13767147064209,-0.0038977705407887697,-0.005396541208028793,-0.00043012306559830904,0.0011858944781124592,-0.7312432527542114,-0.7294884324073792,0.11239421367645264,0.09745873510837555,0.10997729748487473,0.0976569801568985,-0.09141399711370468,-0.09163758903741837,0.11234551668167114,0.09749030321836472,0.1099097952246666,0.09767740964889526,-0.09126899391412735,-0.09151584655046463,-0.2149762064218521,-0.00055765884462744,0.27080029249191284,2.022177432081662e-05,-0.014786521904170513,0.001271091983653605,0.9998897910118103,-0.04450169578194618,0.00022190890740603209,0.0012942212633788586,-0.0008285465883091092,0.007766068447381258,0.00019046833040192723,1.07997465133667,-1.8381084203720093,1.0784094333648682,-1.8384543657302856,1.5937577486038208,2.1231038570404053,-0.003956726286560297,-0.00031335162930190563,-0.005364834330976009,0.001270358799956739,-0.7301733493804932,-0.7285304665565491,0.005427326075732708,-0.014470292255282402,0.6005662679672241,0.6026933193206787,-4.470348358154297e-05,-0.00699925422668457,0.005427326075732708,-0.014470292255282402,0.6005662679672241,0.6026933193206787,-4.470348358154297e-05,-0.00699925422668457
244,4.9,-0.04450169578194618,0.00022190890740603209,0.0012942212633788586,-0.0008285465883091092,0.007766068447381258,0.00019046833040192723,-0.02956983633339405,-2.8490321710705757e-06,-0.9995623826980591,0.0,0.0,0.0,0.27000001072883606,0.0,0.27080029249191284,2.8502777240646537e-06,0.17997467517852783,0.17840945720672607,0.06189155578613281,0.061545610427856445,1.5937577486038208,2.1231038570404053,-0.003956726286560297,-0.005364834330976009,-0.00031335162930190563,0.001270358799956739,-0.7301733493804932,-0.7285304665565491,0.11234551668167114,0.09749030321836472,0.1099097952246666,0.09767740964889526,-0.09126899391412735,-0.09151584655046463,0.11229598522186279,0.09750085324048996,0.10985558480024338,0.09768104553222656,-0.0911552682518959,-0.09140957146883011,-0.2158650904893875,-0.0005596739938482642,0.27080005407333374,1.9703686120919883e-05,-0.014710820280015469,0.0012718286598101258,0.999890923500061,-0.044436898082494736,0.00022767219343222678,0.0012847096659243107,-0.0011100159026682377,0.007753313053399324,-0.002184346318244934,1.0798856019973755,-1.838099479675293,1.0783120393753052,-1.8384455442428589,1.5791689157485962,2.108553409576416,-0.0025186827406287193,-0.00024063789169304073,-0.006691325921565294,0.0012310093734413385,-0.7294798493385315,-0.7274839282035828,0.005253130570054054,-0.014277474954724312,0.6011863350868225,0.6020562648773193,1.1920928955078125e-06,-0.006926774978637695,0.005253130570054054,-0.014277474954724312,0.6011863350868225,0.6020562648773193,1.1920928955078125e-06,-0.006926774978637695
245,4.92,-0.044436898082494736,0.00022767219343222678,0.0012847096659243107,-0.0011100159026682377,0.007753313053399324,-0.002184346318244934,-0.02941848151385784,-1.983786205528304e-06,-0.999566912651062,0.0,0.0,0.0,0.27000001072883606,0.0,0.27080005407333374,1.9846468148898566e-06,0.1798856258392334,0.17831206321716309,0.06190049648284912,0.0615544319152832,1.5791689157485962,2.108553409576416,-0.0025186827406287193,-0.006691325921565294,-0.00024063789169304073,0.0012310093734413385,-0.7294798493385315,-0.7274839282035828,0.11229598522186279,0.09750085324048996,0.10985558480024338,0.09768104553222656,-0.0911552682518959,-0.09140957146883011,0.11224804818630219,0.09750016778707504,0.10981462150812149,0.09768396615982056,-0.09107828885316849,-0.0912991538643837,-0.21675263345241547,-0.0005620148731395602,0.27079975605010986,1.9717044779099524e-05,-0.014634044840931892,0.001271065790206194,0.9998920559883118,-0.044366154819726944,0.0002974218223243952,0.001264704391360283,-0.001139022526331246,0.007888286374509335,-3.192466465407051e-05,1.0797992944717407,-1.8380894660949707,1.0782153606414795,-1.8384385108947754,1.5645965337753296,2.094015598297119,-0.0034903394989669323,-0.000631798233371228,-0.005547565408051014,0.001473509008064866,-0.7286325693130493,-0.7269558906555176,0.004853342659771442,-0.013938424177467823,0.6007139086723328,0.6026200652122498,0.00014650821685791016,-0.007063746452331543,0.004853342659771442,-0.013938424177467823,0.6007139086723328,0.6026200652122498,0.00014650821685791016,-0.007063746452331543
246,4.94,-0.044366154819726944,0.0002974218223243952,0.001264704391360283,-0.001139022526331246,0.007888286374509335,-3.192466465407051e-05,-0.02926498092710972,-2.2281637939158827e-06,-0.9995714426040649,0.0,0.0,0.0,0.27000001072883606,0.0,0.27079975605010986,2.2291183086053934e-06,0.17979931831359863,0.1782153844833374,0.06191051006317139,0.0615614652633667,1.5645965337753296,2.094015598297119,-0.0034903394989669323,-0.005547565408051014,-0.000631798233371228,0.001473509008064866,-0.7286325693130493,-0.7269558906555176,0.11224804818630219,0.09750016778707504,0.10981462150812149,0.09768396615982056,-0.09107828885316849,-0.0912991538643837,0.11220605671405792,0.09754607826471329,0.10974477976560593,0.09770263731479645,-0.09091191738843918,-0.09118891507387161,-0.21763883531093597,-0.0005636468413285911,0.270799458026886,1.848731881182175e-05,-0.014557336457073689,0.0012712752213701606,0.9998931288719177,-0.04430599510669708,0.00019215437350794673,0.0012677960330620408,-0.0007383907213807106,0.007756270468235016,0.00012090980453649536,1.079713225364685,-1.8380820751190186,1.078118920326233,-1.8384284973144531,1.5500450134277344,2.079498767852783,-0.0037260993849486113,-0.000354051124304533,-0.005339127499610186,0.0013967937557026744,-0.7274413108825684,-0.7260608077049255,0.004735308699309826,-0.013719967566430569,0.6019847989082336,0.6017322540283203,0.00022542476654052734,-0.006872892379760742,0.004735308699309826,-0.013719967566430569,0.6019847989082336,0.6017322540283203,0.00022542476654052734,-0.006872892379760742
247,4.96,-0.04430599510669708,0.00019215437350794673,0.0012677960330620408,-0.0007383907213807106,0.007756270468235016,0.00012090980453649536,-0.029111608862876892,4.207686288282275e-08,-0.9995757341384888,0.0,0.0,0.0,0.27000001072883606,0.0,0.270799458026886,-4.209537962651666e-08,0.17971324920654297,0.17811894416809082,0.061917901039123535,0.061571478843688965,1.5500450134277344,2.079498767852783,-0.0037260993849486113,-0.005339127499610186,-0.000354051124304533,0.0013967937557026744,-0.7274413108825684,-0.7260608077049255,0.11220605671405792,0.09754607826471329,0.10974477976560593,0.09770263731479645,-0.09091191738843918,-0.09118891507387161,0.11215177178382874,0.09755303710699081,0.10969310998916626,0.097712442278862,-0.09079626947641373,-0.09106699377298355,-0.21852387487888336,-0.0005664424388669431,0.27079930901527405,1.938241439347621e-05,-0.014481776393949986,0.001271102111786604,0.9998942613601685,-0.044242896139621735,0.0001868827675934881,0.0012593755964189768,-0.0006922966567799449,0.007682593073695898,0.00039251925772987306,1.079625129699707,-1.838069200515747,1.078025460243225,-1.8384218215942383,1.5355103015899658,2.065001964569092,-0.003856900380924344,-0.00035700941225513816,-0.005161612760275602,0.001385882031172514,-0.7265419363975525,-0.7251321077346802,0.0052182599902153015,-0.01416291855275631,0.6012377142906189,0.6024562120437622,0.0003744363784790039,-0.006844520568847656,0.0052182599902153015,-0.01416291855275631,0.6012377142906189,0.6024562120437622,0.0003744363784790039,-0.006844520568847656
248,4.98,-0.044242896139621735,0.0001868827675934881,0.0012593755964189768,-0.0006922966567799449,0.007682593073695898,0.00039251925772987306,-0.028960539028048515,-1.9450963009148836e-06,-0.9995802640914917,0.0,0.0,0.0,0.27000001072883606,0.0,0.27079930901527405,1.945913709278102e-06,0.17962515354156494,0.178025484085083,0.06193077564239502,0.06157815456390381,1.5355103015899658,2.065001964569092,-0.003856900380924344,-0.005161612760275602,-0.00035700941225513816,0.001385882031172514,-0.7265419363975525,-0.7251321077346802,0.11215177178382874,0.09755303710699081,0.10969310998916626,0.097712442278862,-0.09079626947641373,-0.09106699377298355,0.1121097207069397,0.09757038950920105,0.10964027047157288,0.09771612286567688,-0.09069260209798813,-0.09097031503915787,-0.2194073349237442,-0.0005681911134161055,0.27079910039901733,1.828278982429765e-05,-0.014405452646315098,0.0012715054908767343,0.9998953342437744,-0.04416948929429054,0.00024312009918503463,0.001249148161150515,-0.000960212608333677,0.007830251939594746,-0.00013521533401217312,1.0795401334762573,-1.8380601406097412,1.0779310464859009,-1.8384102582931519,1.5209957361221313,2.050515651702881,-0.0033518262207508087,-0.0004997936193831265,-0.005533461458981037,0.0016013875138014555,-0.7257825136184692,-0.7243461012840271,0.0057160258293151855,-0.014667593874037266,0.6016473174095154,0.6018421053886414,-0.0004031658172607422,-0.00604248046875,0.0057160258293151855,-0.014667593874037266,0.6016473174095154,0.6018421053886414,-0.0004031658172607422,-0.00604248046875
249,5.0,-0.04416948929429054,0.00024312009918503463,0.001249148161150515,-0.000960212608333677,0.007830251939594746,-0.00013521533401217312,-0.02880793623626232,7.147173164412379e-08,-0.9995845556259155,0.0,0.0,0.0,0.27000001072883606,0.0,0.27079910039901733,-7.150141101419649e-08,0.17954015731811523,0.1779310703277588,0.06193983554840088,0.061589717864990234,1.5209957361221313,2.050515651702881,-0.0033518262207508087,-0.005533461458981037,-0.0004997936193831265,0.0016013875138014555,-0.7257825136184692,-0.7243461012840271,0.1121097207069397,0.09757038950920105,0.10964027047157288,0.09771612286567688,-0.09069260209798813,-0.09097031503915787,0.112062007188797,0.09759505838155746,0.10958689451217651,0.0977327823638916,-0.09054560214281082,-0.09083393961191177,-0.2202894687652588,-0.0005710321711376309,0.2707988917827606,1.922772753459867e-05,-0.014328707940876484,0.001271423534490168,0.9998965263366699,-0.04410596564412117,0.0003977956948801875,0.0012441788567230105,-0.0015061387093737721,0.007764242589473724,0.00011021400860045105,1.0794531106948853,-1.8380465507507324,1.0778392553329468,-1.838403582572937,1.5064988136291504,2.036053419113159,-0.003270563203841448,-0.0008589962380938232,-0.005561234429478645,0.0019909641705453396,-0.7245810031890869,-0.7233811020851135,0.005950959865003824,-0.014842743054032326,0.6006596088409424,0.6032730937004089,0.0007181167602539062,-0.0069158077239990234,0.005950959865003824,-0.014842743054032326,0.6006596088409424,0.6032730937004089,0.0007181167602539062,-0.0069158077239990234
250,5.0200000000000005,-0.04410596564412117,0.0003977956948801875,0.0012441788567230105,-0.0015061387093737721,0.007764242589473724,0.00011021400860045105,-0.028654498979449272,-2.015760401263833e-06,-0.9995893239974976,0.0,0.0,0.0,0.27000001072883606,0.0,0.2707988917827606,2.016589405684499e-06,0.17945313453674316,0.1778392791748047,0.06195342540740967,0.06159639358520508,1.5064988136291504,2.036053419113159,-0.003270563203841448,-0.005561234429478645,-0.0008589962380938232,0.0019909641705453396,-0.7245810031890869,-0.7233811020851135,0.112062007188797,0.09759505838155746,0.10958689451217651,0.0977327823638916,-0.09054560214281082,-0.09083393961191177,0.11202055215835571,0.09762013703584671,0.10953152179718018,0.09773293882608414,-0.09039188176393509,-0.0907224491238594,-0.2211703509092331,-0.0005738402251154184,0.27079883217811584,2.0277893781894818e-05,-0.014253081753849983,0.001271465909667313,0.9998975396156311,-0.044041045010089874,0.0003144643269479275,0.0012530245585367084,-0.0011779754422605038,0.007709116209298372,0.00012994665303267539,1.0793668031692505,-1.8380329608917236,1.077749252319336,-1.8383957147598267,1.49202561378479,2.0216102600097656,-0.0036574536934494972,-0.0003821823629550636,-0.005056492984294891,0.0013454220024868846,-0.7235655188560486,-0.7223120927810669,0.006201443262398243,-0.015035773627460003,0.6010581851005554,0.6029208898544312,0.0007567405700683594,-0.0067369937896728516,0.006201443262398243,-0.015035773627460003,0.6010581851005554,0.6029208898544312,0.0007567405700683594,-0.0067369937896728516
251,5.04,-0.044041045010089874,0.0003144643269479275,0.0012530245585367084,-0.0011779754422605038,0.007709116209298372,0.00012994665303267539,-0.02850329503417015,-4.307017661631107e-06,-0.9995933771133423,0.0,0.0,0.0,0.27000001072883606,0.0,0.27079883217811584,4.3087675294373184e-06,0.1793668270111084,0.17774927616119385,0.06196701526641846,0.06160426139831543,1.49202561378479,2.0216102600097656,-0.0036574536934494972,-0.005056492984294891,-0.0003821823629550636,0.0013454220024868846,-0.7235655188560486,-0.7223120927810669,0.11202055215835571,0.09762013703584671,0.10953152179718018,0.09773293882608414,-0.09039188176393509,-0.0907224491238594,0.11197096109390259,0.09762467443943024,0.10948309302330017,0.09773646295070648,-0.09026425331830978,-0.0905960276722908,-0.2220500260591507,-0.0005755872698500752,0.2707987427711487,1.9177103240508586e-05,-0.01417851448059082,0.0012713553151115775,0.9998986124992371,-0.043971676379442215,0.0004048420814797282,0.0012289315927773714,-0.0014881343813613057,0.007737580221146345,0.000512143422383815,1.0792831182479858,-1.83802330493927,1.0776578187942505,-1.8383833169937134,1.4775753021240234,2.007181167602539,-0.0034782185684889555,-0.0008826198172755539,-0.005176996812224388,0.002081079175695777,-0.7220675945281982,-0.7218590974807739,0.004933288786560297,-0.013815132901072502,0.6004459857940674,0.6038186550140381,0.0003657341003417969,-0.0063211917877197266,0.004933288786560297,-0.013815132901072502,0.6004459857940674,0.6038186550140381,0.0003657341003417969,-0.0063211917877197266
252,5.0600000000000005,-0.043971676379442215,0.0004048420814797282,0.0012289315927773714,-0.0014881343813613057,0.007737580221146345,0.000512143422383815,-0.028354201465845108,-2.2984568204265088e-06,-0.9995976686477661,0.0,0.0,0.0,0.27000001072883606,0.0,0.2707987427711487,2.299381776538212e-06,0.17928314208984375,0.1776578426361084,0.06197667121887207,0.06161665916442871,1.4775753021240234,2.007181167602539,-0.0034782185684889555,-0.005176996812224388,-0.0008826198172755539,0.002081079175695777,-0.7220675945281982,-0.7218590974807739,0.11197096109390259,0.09762467443943024,0.10948309302330017,0.09773646295070648,-0.09026425331830978,-0.0905960276722908,0.11192908883094788,0.09765706211328506,0.1094278022646904,0.09774874150753021,-0.09011540561914444,-0.09047544747591019,-0.22292833030223846,-0.0005776548059657216,0.27079859375953674,1.8755788914859295e-05,-0.01410276722162962,0.0012714163167402148,0.999899685382843,-0.04390421882271767,0.000307659269310534,0.0012330542085692286,-0.0011909320019185543,0.007752444129437208,-0.00011560064012883231,1.0791993141174316,-1.838012456893921,1.0775682926177979,-1.8383724689483643,1.4631445407867432,1.9927760362625122,-0.0033482250291854143,-0.0005073388456366956,-0.005232446361333132,0.0015170893166214228,-0.7214170098304749,-0.7204583287239075,0.005576033145189285,-0.014359606429934502,0.6021068096160889,0.6020442843437195,0.000910639762878418,-0.0066062211990356445,0.005576033145189285,-0.014359606429934502,0.6021068096160889,0.6020442843437195,0.000910639762878418,-0.0066062211990356445
253,5.08,-0.04390421882271767,0.000307659269310534,0.0012330542085692286,-0.0011909320019185543,0.007752444129437208,-0.00011560064012883231,-0.028202753514051437,-1.6468402463942766e-06,-0.9996019601821899,0.0,0.0,0.0,0.27000001072883606,0.0,0.27079859375953674,1.6474944004585268e-06,0.17919933795928955,0.17756831645965576,0.06198751926422119,0.06162750720977783,1.4631445407867432,1.9927760362625122,-0.0033482250291854143,-0.005232446361333132,-0.0005073388456366956,0.0015170893166214228,-0.7214170098304749,-0.7204583287239075,0.11192908883094788,0.09765706211328506,0.1094278022646904,0.09774874150753021,-0.09011540561914444,-0.09047544747591019,0.11187677085399628,0.09766284376382828,0.10937927663326263,0.09775906801223755,-0.08998214453458786,-0.09031937271356583,-0.2238052934408188,-0.000579959771130234,0.2707984745502472,1.8916989574790932e-05,-0.014028295874595642,0.0012716419296339154,0.999900758266449,-0.043841391801834106,0.00020258789299987257,0.0012086578644812107,-0.0007560309604741633,0.00761149637401104,0.0003454852558206767,1.0791159868240356,-1.8380002975463867,1.0774792432785034,-1.8383623361587524,1.4487340450286865,1.9783943891525269,-0.003612533677369356,-0.0003718693333212286,-0.004952502902597189,0.0014906481374055147,-0.7203423976898193,-0.7193407416343689,0.005603119730949402,-0.014318610541522503,0.6018204689025879,0.6023497581481934,0.0009677410125732422,-0.006422877311706543,0.005603119730949402,-0.014318610541522503,0.6018204689025879,0.6023497581481934,0.0009677410125732422,-0.006422877311706543
254,5.1000000000000005,-0.043841391801834106,0.00020258789299987257,0.0012086578644812107,-0.0007560309604741633,0.00761149637401104,0.0003454852558206767,-0.028053855523467064,-2.152286469936371e-06,-0.9996062517166138,0.0,0.0,0.0,0.27000001072883606,0.0,0.2707984745502472,2.1531336642510723e-06,0.17911601066589355,0.17747926712036133,0.06199967861175537,0.06163763999938965,1.4487340450286865,1.9783943891525269,-0.003612533677369356,-0.004952502902597189,-0.0003718693333212286,0.0014906481374055147,-0.7203423976898193,-0.7193407416343689,0.11187677085399628,0.09766284376382828,0.10937927663326263,0.09775906801223755,-0.08998214453458786,-0.09031937271356583,0.11183507740497589,0.09767823666334152,0.10932761430740356,0.09776542335748672,-0.08988337963819504,-0.09020275622606277,-0.2246808260679245,-0.0005818110657855868,0.27079829573631287,1.81030118255876e-05,-0.013953778892755508,0.0012715758057311177,0.9999018311500549,-0.043768785893917084,0.00023747987870592624,0.0011972851352766156,-0.0010760262375697494,0.007659412920475006,-0.0014214308466762304,1.0790350437164307,-1.8379900455474854,1.0773897171020508,-1.8383512496948242,1.434340476989746,1.9640291929244995,-0.0025072998832911253,-0.00043449437362141907,-0.005966060794889927,0.0015669421991333365,-0.719334065914154,-0.7187038064002991,0.003485250286757946,-0.01224773470312357,0.6012448668479919,0.6029698848724365,0.001532435417175293,-0.007012486457824707,0.003485250286757946,-0.01224773470312357,0.6012448668479919,0.6029698848724365,0.001532435417175293,-0.007012486457824707
255,5.12,-0.043768785893917084,0.00023747987870592624,0.0011972851352766156,-0.0010760262375697494,0.007659412920475006,-0.0014214308466762304,-0.02790486440062523,-7.158923835959285e-07,-0.9996105432510376,0.0,0.0,0.0,0.27000001072883606,0.0,0.27079829573631287,7.161712574088597e-07,0.17903506755828857,0.1773897409439087,0.06200993061065674,0.06164872646331787,1.434340476989746,1.9640291929244995,-0.0025072998832911253,-0.005966060794889927,-0.00043449437362141907,0.0015669421991333365,-0.719334065914154,-0.7187038064002991,0.11183507740497589,0.09767823666334152,0.10932761430740356,0.09776542335748672,-0.08988337963819504,-0.09020275622606277,0.11179336905479431,0.09769070148468018,0.10928751528263092,0.09777356684207916,-0.08978504687547684,-0.09008894115686417,-0.22555488348007202,-0.0005844603292644024,0.2707981467247009,1.870134292403236e-05,-0.013877938501536846,0.001271646237000823,0.9999028444290161,-0.043693602085113525,0.00016479194164276123,0.0011850501177832484,-0.0006207305705174804,0.007748790085315704,0.0002482888812664896,1.0789538621902466,-1.837976336479187,1.077303171157837,-1.8383430242538452,1.4199624061584473,1.949681282043457,-0.0034850144293159246,-0.0002285053487867117,-0.004816859029233456,0.001334879663772881,-0.7188495397567749,-0.7175692319869995,0.005373253021389246,-0.014034496620297432,0.6019725799560547,0.6022775173187256,0.001082777976989746,-0.006231427192687988,0.005373253021389246,-0.014034496620297432,0.6019725799560547,0.6022775173187256,0.001082777976989746,-0.006231427192687988
256,5.14,-0.043693602085113525,0.00016479194164276123,0.0011850501177832484,-0.0006207305705174804,0.007748790085315704,0.0002482888812664896,-0.027753228321671486,-2.1033956727478653e-06,-0.9996145963668823,0.0,0.0,0.0,0.27000001072883606,0.0,0.2707981467247009,2.1042067146481713e-06,0.1789538860321045,0.17730319499969482,0.06202363967895508,0.061656951904296875,1.4199624061584473,1.949681282043457,-0.0034850144293159246,-0.004816859029233456,-0.0002285053487867117,0.001334879663772881,-0.7188495397567749,-0.7175692319869995,0.11179336905479431,0.09769070148468018,0.10928751528263092,0.09777356684207916,-0.08978504687547684,-0.09008894115686417,0.11174988746643066,0.09772587567567825,0.10922704637050629,0.09779452532529831,-0.089634470641613,-0.08995521813631058,-0.2264275997877121,-0.0005866915453225374,0.270797997713089,1.867327773652505e-05,-0.013802767731249332,0.0012717207428067923,0.9999038577079773,-0.04362615942955017,0.0003030760562978685,0.001186905661597848,-0.0011418764479458332,0.0076795462518930435,0.0001475136523367837,1.078873634338379,-1.837964415550232,1.0772160291671753,-1.8383324146270752,1.405604362487793,1.935355305671692,-0.0032893235329538584,-0.0004614783392753452,-0.005040598101913929,0.0017165632452815771,-0.7177094221115112,-0.7165428400039673,0.005902763456106186,-0.01450406014919281,0.6019060015678406,0.6026507616043091,0.0013445615768432617,-0.006290912628173828,0.005902763456106186,-0.01450406014919281,0.6019060015678406,0.6026507616043091,0.0013445615768432617,-0.006290912628173828
257,5.16,-0.04362615942955017,0.0003030760562978685,0.001186905661597848,-0.0011418764479458332,0.0076795462518930435,0.0001475136523367837,-0.02760292775928974,-2.236432919744402e-06,-0.999618649482727,0.0,0.0,0.0,0.27000001072883606,0.0,0.270797997713089,2.237285343653639e-06,0.17887365818023682,0.1772160530090332,0.062035560607910156,0.061667561531066895,1.405604362487793,1.935355305671692,-0.0032893235329538584,-0.005040598101913929,-0.0004614783392753452,0.0017165632452815771,-0.7177094221115112,-0.7165428400039673,0.11174988746643066,0.09772587567567825,0.10922704637050629,0.09779452532529831,-0.089634470641613,-0.08995521813631058,0.11170965433120728,0.09774988144636154,0.10917894542217255,0.09779669344425201,-0.08949216455221176,-0.08984620124101639,-0.2272990643978119,-0.0005883198464289308,0.2707979381084442,1.7568336261319928e-05,-0.013728597201406956,0.0012724852422252297,0.9999049305915833,-0.043555211275815964,0.0002748844271991402,0.0011779131600633264,-0.0012945164926350117,0.007627357263118029,-0.00210022646933794,1.0787936449050903,-1.8379534482955933,1.0771297216415405,-1.8383188247680664,1.3912678956985474,1.9210470914840698,-0.001848542015068233,-0.00044847140088677406,-0.006352866534143686,0.0017670078668743372,-0.7168124318122864,-0.7154643535614014,0.006299878470599651,-0.014876822009682655,0.602245032787323,0.6023446321487427,0.0014297962188720703,-0.006224989891052246,0.006299878470599651,-0.014876822009682655,0.602245032787323,0.6023446321487427,0.0014297962188720703,-0.006224989891052246
258,5.18,-0.043555211275815964,0.0002748844271991402,0.0011779131600633264,-0.0012945164926350117,0.007627357263118029,-0.00210022646933794,-0.02745462954044342,-1.9445724319666624e-07,-0.9996229410171509,0.0,0.0,0.0,0.27000001072883606,0.0,0.2707979381084442,1.9452981803169678e-07,0.17879366874694824,0.17712974548339844,0.06204652786254883,0.061681151390075684,1.3912678956985474,1.9210470914840698,-0.001848542015068233,-0.006352866534143686,-0.00044847140088677406,0.0017670078668743372,-0.7168124318122864,-0.7154643535614014,0.11170965433120728,0.09774988144636154,0.10917894542217255,0.09779669344425201,-0.08949216455221176,-0.08984620124101639,0.11166529357433319,0.0977521538734436,0.10914626717567444,0.0978027731180191,-0.08940958231687546,-0.08972615748643875,-0.228168785572052,-0.0005914884968660772,0.2707977294921875,1.9193452317267656e-05,-0.013652948662638664,0.0012721248203888535,0.9999059438705444,-0.04347604513168335,0.00022357286070473492,0.0011609416687861085,-0.0008447087020613253,0.00778631865978241,8.990595233626664e-05,1.0787150859832764,-1.837937593460083,1.0770463943481445,-1.838310956954956,1.3769481182098389,1.9067540168762207,-0.0032831626012921333,-0.00020691746613010764,-0.004741012584418058,0.0013902238570153713,-0.7160242199897766,-0.7147305607795715,0.0051147895865142345,-0.013685504905879498,0.6026046276092529,0.6019125580787659,0.0014148950576782227,-0.006072878837585449,0.0051147895865142345,-0.013685504905879498,0.6026046276092529,0.6019125580787659,0.0014148950576782227,-0.006072878837585449
259,5.2,-0.04347604513168335,0.00022357286070473492,0.0011609416687861085,-0.0008447087020613253,0.00778631865978241,8.990595233626664e-05,-0.02730337716639042,-3.646786353783682e-06,-0.9996269941329956,0.0,0.0,0.0,0.27000001072883606,0.0,0.2707977294921875,3.6481449114944553e-06,0.17871510982513428,0.17704641819000244,0.06206238269805908,0.061689019203186035,1.3769481182098389,1.9067540168762207,-0.0032831626012921333,-0.004741012584418058,-0.00020691746613010764,0.0013902238570153713,-0.7160242199897766,-0.7147305607795715,0.11166529357433319,0.0977521538734436,0.10914626717567444,0.0978027731180191,-0.08940958231687546,-0.08972615748643875,0.11162492632865906,0.09779392927885056,0.10908398032188416,0.09782490879297256,-0.08924023061990738,-0.08959371596574783,-0.22903700172901154,-0.0005937794921919703,0.27079764008522034,1.9258679458289407e-05,-0.013577227480709553,0.0012721125967800617,0.9999069571495056,-0.043406423181295395,0.00026353413704782724,0.0011793124722316861,-0.0010036585154011846,0.007750128861516714,-6.29542555543594e-05,1.0786362886428833,-1.8379236459732056,1.0769624710083008,-1.8382995128631592,1.3626497983932495,1.8924839496612549,-0.0033390072640031576,-7.45863071642816e-05,-0.0047073676250875,0.0012753322953358293,-0.7148630619049072,-0.7135552167892456,0.005829615518450737,-0.01429940015077591,0.602973222732544,0.6018390655517578,0.0014078617095947266,-0.005783438682556152,0.005829615518450737,-0.01429940015077591,0.602973222732544,0.6018390655517578,0.0014078617095947266,-0.005783438682556152
260,5.22,-0.043406423181295395,0.00026353413704782724,0.0011793124722316861,-0.0010036585154011846,0.007750128861516714,-6.29542555543594e-05,-0.02715197764337063,-3.9702499634586275e-06,-0.9996310472488403,0.0,0.0,0.0,0.27000001072883606,0.0,0.27079764008522034,3.971713795181131e-06,0.1786363124847412,0.1769624948501587,0.06207633018493652,0.06170046329498291,1.3626497983932495,1.8924839496612549,-0.0033390072640031576,-0.0047073676250875,-7.45863071642816e-05,0.0012753322953358293,-0.7148630619049072,-0.7135552167892456,0.11162492632865906,0.09779392927885056,0.10908398032188416,0.09782490879297256,-0.08924023061990738,-0.08959371596574783,0.11157910525798798,0.09780967235565186,0.1090373694896698,0.09782986342906952,-0.08908135443925858,-0.08945349603891373,-0.22990408539772034,-0.0005956064560450613,0.2707976698875427,1.8441311112837866e-05,-0.013503395020961761,0.001272145425900817,0.9999080300331116,-0.043338973075151443,0.0003395660896785557,0.0011553883086889982,-0.0012872138759121299,0.007588102016597986,9.307681466452777e-05,1.078559160232544,-1.8379113674163818,1.0768777132034302,-1.8382855653762817,1.348375916481018,1.8782352209091187,-0.0030377437360584736,-0.0005535664968192577,-0.004980424419045448,0.00190089107491076,-0.713566780090332,-0.712588906288147,0.006536515429615974,-0.014992822892963886,0.6023115515708923,0.6024922728538513,0.0016564130783081055,-0.005888938903808594,0.006536515429615974,-0.014992822892963886,0.6023115515708923,0.6024922728538513,0.0016564130783081055,-0.005888938903808594
261,5.24,-0.043338973075151443,0.0003395660896785557,0.0011553883086889982,-0.0012872138759121299,0.007588102016597986,9.307681466452777e-05,-0.02700435370206833,-2.522665454307571e-06,-0.9996353387832642,0.0,0.0,0.0,0.27000001072883606,0.0,0.2707976698875427,2.5235840439563617e-06,0.17855918407440186,0.17687773704528809,0.062088608741760254,0.06171441078186035,1.348375916481018,1.8782352209091187,-0.0030377437360584736,-0.004980424419045448,-0.0005535664968192577,0.00190089107491076,-0.713566780090332,-0.712588906288147,0.11157910525798798,0.09780967235565186,0.1090373694896698,0.09782986342906952,-0.08908135443925858,-0.08945349603891373,0.11154346168041229,0.09783551096916199,0.10899405181407928,0.0978330671787262,-0.08897203952074051,-0.08936242014169693,-0.23076921701431274,-0.0005975156091153622,0.27079758048057556,1.7847816707217135e-05,-0.013427908532321453,0.001272475579753518,0.999908983707428,-0.043254610151052475,0.000304584187688306,0.0011571486247703433,-0.0011890080058947206,0.007809934206306934,-0.00020572103676386178,1.0784822702407837,-1.8378982543945312,1.076796054840088,-1.838271975517273,1.3341227769851685,1.863998293876648,-0.0029390219133347273,-0.0003845187893602997,-0.004903439898043871,0.0016152714379131794,-0.7127499580383301,-0.7118417620658875,0.006229473277926445,-0.014739807695150375,0.6032919883728027,0.6015214323997498,0.001042008399963379,-0.005299210548400879,0.006229473277926445,-0.014739807695150375,0.6032919883728027,0.6015214323997498,0.001042008399963379,-0.005299210548400879
262,5.26,-0.043254610151052475,0.000304584187688306,0.0011571486247703433,-0.0011890080058947206,0.007809934206306934,-0.00020572103676386178,-0.026853417977690697,-1.519012585049495e-06,-0.9996391534805298,0.0,0.0,0.0,0.27000001072883606,0.0,0.27079758048057556,1.5195604419204756e-06,0.1784822940826416,0.1767960786819458,0.06210172176361084,0.06172800064086914,1.3341227769851685,1.863998293876648,-0.0029390219133347273,-0.004903439898043871,-0.0003845187893602997,0.0016152714379131794,-0.7127499580383301,-0.7118417620658875,0.11154346168041229,0.09783551096916199,0.10899405181407928,0.0978330671787262,-0.08897203952074051,-0.08936242014169693,0.11149609088897705,0.09786084294319153,0.10894693434238434,0.09785646945238113,-0.08881030231714249,-0.08920285850763321,-0.23163311183452606,-0.0005998287815600634,0.27079761028289795,1.788436929928139e-05,-0.013352802954614162,0.0012723203981295228,0.9999099969863892,-0.043184034526348114,0.0002898109960369766,0.0011547167086973786,-0.0011140567949041724,0.007726774550974369,-3.400669083930552e-05,1.0784052610397339,-1.8378827571868896,1.0767145156860352,-1.8382594585418701,1.3198902606964111,1.849788784980774,-0.0030749719589948654,-0.0002940038393717259,-0.0047606355510652065,0.0015987864462658763,-0.7115241289138794,-0.7106035351753235,0.005942158401012421,-0.014323992654681206,0.6031708717346191,0.6018388271331787,0.0018274784088134766,-0.0057032108306884766,0.005942158401012421,-0.014323992654681206,0.6031708717346191,0.6018388271331787,0.0018274784088134766,-0.0057032108306884766
263,5.28,-0.043184034526348114,0.0002898109960369766,0.0011547167086973786,-0.0011140567949041724,0.007726774550974369,-3.400669083930552e-05,-0.0267032478004694,-1.787433575373143e-06,-0.9996432065963745,0.0,0.0,0.0,0.27000001072883606,0.0,0.27079761028289795,1.7880715859064367e-06,0.1784052848815918,0.17671453952789307,0.06211721897125244,0.06174051761627197,1.3198902606964111,1.849788784980774,-0.0030749719589948654,-0.0047606355510652065,-0.0002940038393717259,0.0015987864462658763,-0.7115241289138794,-0.7106035351753235,0.11149609088897705,0.09786084294319153,0.10894693434238434,0.09785646945238113,-0.08881030231714249,-0.08920285850763321,0.11145426332950592,0.09787947684526443,0.10889927297830582,0.09786269068717957,-0.08866363018751144,-0.08906016498804092,-0.23249556124210358,-0.000602590967901051,0.27079764008522034,1.890026032924652e-05,-0.013278105296194553,0.0012724753469228745,0.9999109506607056,-0.043110404163599014,0.00037594808964058757,0.0011468784650787711,-0.0014185322215780616,0.007672910578548908,6.46321932435967e-05,1.0783276557922363,-1.837865948677063,1.0766346454620361,-1.838247299194336,1.3056801557540894,1.835601806640625,-0.0030412133783102036,-0.00045224500354379416,-0.0047376579605042934,0.0017286052461713552,-0.7103933095932007,-0.7095038890838623,0.006498461589217186,-0.014843440614640713,0.6026092767715454,0.602446436882019,0.0020819902420043945,-0.00577545166015625,0.006498461589217186,-0.014843440614640713,0.6026092767715454,0.602446436882019,0.0020819902420043945,-0.00577545166015625
264,5.3,-0.043110404163599014,0.00037594808964058757,0.0011468784650787711,-0.0014185322215780616,0.007672910578548908,6.46321932435967e-05,-0.026553893461823463,-4.005032678833231e-06,-0.9996470212936401,0.0,0.0,0.0,0.27000001072883606,0.0,0.27079764008522034,4.006444669357734e-06,0.17832767963409424,0.17663466930389404,0.0621340274810791,0.06175267696380615,1.3056801557540894,1.835601806640625,-0.0030412133783102036,-0.0047376579605042934,-0.00045224500354379416,0.0017286052461713552,-0.7103933095932007,-0.7095038890838623,0.11145426332950592,0.09787947684526443,0.10889927297830582,0.09786269068717957,-0.08866363018751144,-0.08906016498804092,0.11141803860664368,0.09790453314781189,0.10885469615459442,0.09786555171012878,-0.08852479606866837,-0.08894527703523636,-0.23335641622543335,-0.0006046579801477492,0.2707976996898651,1.8533555703470483e-05,-0.013203725218772888,0.0012720662634819746,0.9999119639396667,-0.04302981495857239,0.00034610339207574725,0.0011227892246097326,-0.0012580768670886755,0.007705865893512964,0.0005767677794210613,1.0782524347305298,-1.8378511667251587,1.0765544176101685,-1.8382328748703003,1.291494369506836,1.8214285373687744,-0.003201955696567893,-0.0005263072089292109,-0.0044509032741189,0.0020386690739542246,-0.7088891863822937,-0.7090321779251099,0.004869908560067415,-0.01314183697104454,0.6026833653450012,0.6022103428840637,0.0016132593154907227,-0.005074143409729004,0.004869908560067415,-0.01314183697104454,0.6026833653450012,0.6022103428840637,0.0016132593154907227,-0.005074143409729004
265,5.32,-0.04302981495857239,0.00034610339207574725,0.0011227892246097326,-0.0012580768670886755,0.007705865893512964,0.0005767677794210613,-0.026405172422528267,-3.471821401035413e-06,-0.9996510744094849,0.0,0.0,0.0,0.27000001072883606,0.0,0.2707976996898651,3.473032393230824e-06,0.1782524585723877,0.17655444145202637,0.0621488094329834,0.0617671012878418,1.291494369506836,1.8214285373687744,-0.003201955696567893,-0.0044509032741189,-0.0005263072089292109,0.0020386690739542246,-0.7088891863822937,-0.7090321779251099,0.11141803860664368,0.09790453314781189,0.10885469615459442,0.09786555171012878,-0.08852479606866837,-0.08894527703523636,0.1113758236169815,0.09793467819690704,0.10880804806947708,0.0978848934173584,-0.0883784219622612,-0.0888136699795723,-0.2342156320810318,-0.000606581277679652,0.2707976996898651,1.799928941181861e-05,-0.013128263875842094,0.0012722263345494866,0.9999129176139832,-0.042951326817274094,0.0003179922641720623,0.0011153495870530605,-0.0012157036690041423,0.007724239956587553,-1.9716364477062598e-05,1.0781773328781128,-1.8378368616104126,1.0764752626419067,-1.838217854499817,1.277327060699463,1.8072794675827026,-0.002886843867599964,-0.00037830608198419213,-0.004757652524858713,0.0019184979610145092,-0.7082220315933228,-0.7076361179351807,0.006604363210499287,-0.014878593385219574,0.6031101942062378,0.6021654009819031,0.0021669864654541016,-0.005502820014953613,0.006604363210499287,-0.014878593385219574,0.6031101942062378,0.6021654009819031,0.0021669864654541016,-0.005502820014953613
266,5.34,-0.042951326817274094,0.0003179922641720623,0.0011153495870530605,-0.0012157036690041423,0.007724239956587553,-1.9716364477062598e-05,-0.026254286989569664,-2.5911976990755647e-06,-0.9996548891067505,0.0,0.0,0.0,0.27000001072883606,0.0,0.2707976996898651,2.592092414488434e-06,0.1781773567199707,0.17647528648376465,0.06216311454772949,0.061782121658325195,1.277327060699463,1.8072794675827026,-0.002886843867599964,-0.004757652524858713,-0.00037830608198419213,0.0019184979610145092,-0.7082220315933228,-0.7076361179351807,0.1113758236169815,0.09793467819690704,0.10880804806947708,0.0978848934173584,-0.0883784219622612,-0.0888136699795723,0.1113319993019104,0.09795378893613815,0.10876528173685074,0.09789861738681793,-0.08824143558740616,-0.08866343647241592,-0.23507344722747803,-0.0006084569613449275,0.2707977592945099,1.7261008906643838e-05,-0.01305354479700327,0.0012720836093649268,0.9999139904975891,-0.04287436604499817,0.00024109877995215356,0.0011067125014960766,-0.000911534414626658,0.0076599991880357265,0.00026118068490177393,1.0781036615371704,-1.8378225564956665,1.0763956308364868,-1.8382021188735962,1.2631816864013672,1.793153166770935,-0.003042547730728984,-0.0002981774741783738,-0.0045592328533530235,0.0018527726642787457,-0.7071192264556885,-0.7065603137016296,0.007008819375187159,-0.015238658525049686,0.6024169325828552,0.6029563546180725,0.002447366714477539,-0.005586981773376465,0.007008819375187159,-0.015238658525049686,0.6024169325828552,0.6029563546180725,0.002447366714477539,-0.005586981773376465
267,5.36,-0.04287436604499817,0.00024109877995215356,0.0011067125014960766,-0.000911534414626658,0.0076599991880357265,0.00026118068490177393,-0.026104887947440147,-1.3086500985082239e-06,-0.9996591806411743,0.0,0.0,0.0,0.27000001072883606,0.0,0.2707977592945099,1.309095637225255e-06,0.17810368537902832,0.17639565467834473,0.062177419662475586,0.0617978572845459,1.2631816864013672,1.793153166770935,-0.003042547730728984,-0.0045592328533530235,-0.0002981774741783738,0.0018527726642787457,-0.7071192264556885,-0.7065603137016296,0.1113319993019104,0.09795378893613815,0.10876528173685074,0.09789861738681793,-0.08824143558740616,-0.08866343647241592,0.11129255592823029,0.0979754626750946,0.1087205559015274,0.09791015088558197,-0.08811832219362259,-0.08852986246347427,-0.235929474234581,-0.0006112949922680855,0.2707977592945099,1.8340606402489357e-05,-0.012978361919522285,0.0012723254039883614,0.9999148845672607,-0.042790479958057404,0.00018569990061223507,0.0010984219843521714,-0.00084790273103863,0.007725447881966829,-0.00130215915851295,1.0780284404754639,-1.8378043174743652,1.0763195753097534,-1.8381900787353516,1.2490553855895996,1.779046893119812,-0.002438813680782914,0.00015452044317498803,-0.005077914334833622,0.0014273637207224965,-0.7060052156448364,-0.7056752443313599,0.0035657428670674562,-0.011800705455243587,0.6034980416297913,0.6018489003181458,0.0027354955673217773,-0.005787253379821777,0.0035657428670674562,-0.011800705455243587,0.6034980416297913,0.6018489003181458,0.0027354955673217773,-0.005787253379821777
268,5.38,-0.042790479958057404,0.00018569990061223507,0.0010984219843521714,-0.00084790273103863,0.007725447881966829,-0.00130215915851295,-0.025954561308026314,-3.652690793387592e-06,-0.9996627569198608,0.0,0.0,0.0,0.27000001072883606,0.0,0.2707977592945099,3.653921112345415e-06,0.17802846431732178,0.17631959915161133,0.062195658683776855,0.06180989742279053,1.2490553855895996,1.779046893119812,-0.002438813680782914,-0.005077914334833622,0.00015452044317498803,0.0014273637207224965,-0.7060052156448364,-0.7056752443313599,0.11129255592823029,0.0979754626750946,0.1087205559015274,0.09791015088558197,-0.08811832219362259,-0.08852986246347427,0.11125023663043976,0.09798476845026016,0.10868386924266815,0.09792108833789825,-0.08799076825380325,-0.08837831765413284,-0.23678378760814667,-0.0006125422660261393,0.2707976698875427,1.6568241335335188e-05,-0.012901784852147102,0.0012724085245281458,0.9999159574508667,-0.0427057147026062,0.0003820148704107851,0.0010819073067978024,-0.0014669429510831833,0.007818288169801235,6.443668098654598e-05,1.0779584646224976,-1.8377923965454102,1.0762397050857544,-1.838172435760498,1.234950304031372,1.7649617195129395,-0.0024813234340399504,-0.0008017114596441388,-0.004955058451741934,0.002332012401893735,-0.705102264881134,-0.7044761180877686,0.006453881971538067,-0.014645653776824474,0.6030210256576538,0.6024612188339233,0.0024924278259277344,-0.005326628684997559,0.006453881971538067,-0.014645653776824474,0.6030210256576538,0.6024612188339233,0.0024924278259277344,-0.005326628684997559
269,5.4,-0.0427057147026062,0.0003820148704107851,0.0010819073067978024,-0.0014669429510831833,0.007818288169801235,6.443668098654598e-05,-0.025801444426178932,-3.010136424563825e-07,-0.9996670484542847,0.0,0.0,0.0,0.27000001072883606,0.0,0.2707976698875427,3.011157048149471e-07,0.17795848846435547,0.1762397289276123,0.062207579612731934,0.06182754039764404,1.234950304031372,1.7649617195129395,-0.0024813234340399504,-0.004955058451741934,-0.0008017114596441388,0.002332012401893735,-0.705102264881134,-0.7044761180877686,0.11125023663043976,0.09798476845026016,0.10868386924266815,0.09792108833789825,-0.08799076825380325,-0.08837831765413284,0.11121606826782227,0.0980433002114296,0.10862715542316437,0.09794068336486816,-0.08779718726873398,-0.08823893219232559,-0.23763637244701385,-0.0006152166752144694,0.2707977592945099,1.7326598026556894e-05,-0.012826045975089073,0.0012724264524877071,0.9999169111251831,-0.04262612387537956,0.00028869937523268163,0.0010918249608948827,-0.0010907402029260993,0.007702727802097797,0.00010930543066933751,1.0778840780258179,-1.8377742767333984,1.0761638879776,-1.8381584882736206,1.2208706140518188,1.7509011030197144,-0.0029422082006931305,-0.00014949560863897204,-0.004493589513003826,0.0019480816554278135,-0.7037544250488281,-0.7032595872879028,0.006225685589015484,-0.014280346222221851,0.6039953827857971,0.6015564203262329,0.0027414560317993164,-0.005229353904724121,0.006225685589015484,-0.014280346222221851,0.6039953827857971,0.6015564203262329,0.0027414560317993164,-0.005229353904724121
270,5.42,-0.04262612387537956,0.00028869937523268163,0.0010918249608948827,-0.0010907402029260993,0.007702727802097797,0.00010930543066933751,-0.025650005787611008,-2.0099178072996438e-06,-0.9996708631515503,0.0,0.0,0.0,0.27000001072883606,0.0,0.2707977592945099,2.01057764570578e-06,0.17788410186767578,0.176163911819458,0.06222569942474365,0.061841487884521484,1.2208706140518188,1.7509011030197144,-0.0029422082006931305,-0.004493589513003826,-0.00014949560863897204,0.0019480816554278135,-0.7037544250488281,-0.7032595872879028,0.11121606826782227,0.0980433002114296,0.10862715542316437,0.09794068336486816,-0.08779718726873398,-0.08823893219232559,0.11116862297058105,0.09805269539356232,0.10858548432588577,0.0979485809803009,-0.08764184266328812,-0.08808393031358719,-0.23848752677440643,-0.0006170588894747198,0.2707979679107666,1.680171953921672e-05,-0.012751156464219093,0.00127335824072361,0.9999178647994995,-0.04254261404275894,8.228214574046433e-05,0.00107872998341918,-0.0005376326153054833,0.0077082435600459576,-0.0019080729689449072,1.0778106451034546,-1.83775794506073,1.0760880708694458,-1.8381410837173462,1.2068161964416504,1.7368645668029785,-0.00208481727167964,0.0004538366920314729,-0.005304462742060423,0.001309773768298328,-0.7027789354324341,-0.7017766237258911,0.006204824894666672,-0.014223247766494751,0.6041755676269531,0.6012946367263794,0.002691507339477539,-0.004979729652404785,0.006204824894666672,-0.014223247766494751,0.6041755676269531,0.6012946367263794,0.002691507339477539,-0.004979729652404785
271,5.44,-0.04254261404275894,8.228214574046433e-05,0.00107872998341918,-0.0005376326153054833,0.0077082435600459576,-0.0019080729689449072,-0.025500260293483734,-1.127096766140312e-06,-0.9996746778488159,0.0,0.0,0.0,0.27000001072883606,0.0,0.2707979679107666,1.127464656747179e-06,0.1778106689453125,0.1760880947113037,0.06224203109741211,0.0618588924407959,1.2068161964416504,1.7368645668029785,-0.00208481727167964,-0.005304462742060423,0.0004538366920314729,0.001309773768298328,-0.7027789354324341,-0.7017766237258911,0.11116862297058105,0.09805269539356232,0.10858548432588577,0.0979485809803009,-0.08764184266328812,-0.08808393031358719,0.11112071573734283,0.09804970026016235,0.1085512563586235,0.09796129167079926,-0.08752533048391342,-0.0878971591591835,-0.23933668434619904,-0.0006196983158588409,0.27079787850379944,1.7398946511093527e-05,-0.012674489989876747,0.001272480352781713,0.9999188184738159,-0.042452238500118256,0.00017793881124816835,0.0010725816246122122,-0.000691703287884593,0.007925244979560375,-6.971729453653097e-05,1.0777392387390137,-1.8377399444580078,1.0760111808776855,-1.8381282091140747,1.1927833557128906,1.7228529453277588,-0.0030519224237650633,0.00016783567843958735,-0.00426423829048872,0.0012369600590318441,-0.7016891241073608,-0.7005363702774048,0.005582832731306553,-0.013651169836521149,0.6040307879447937,0.6016363501548767,0.002752065658569336,-0.004994750022888184,0.005582832731306553,-0.013651169836521149,0.6040307879447937,0.6016363501548767,0.002752065658569336,-0.004994750022888184
272,5.46,-0.042452238500118256,0.00017793881124816835,0.0010725816246122122,-0.000691703287884593,0.007925244979560375,-6.971729453653097e-05,-0.025346966460347176,-2.5389890652149916e-06,-0.9996784925460815,0.0,0.0,0.0,0.27000001072883606,0.0,0.27079787850379944,2.539806928325561e-06,0.17773926258087158,0.17601120471954346,0.06226003170013428,0.06187176704406738,1.1927833557128906,1.7228529453277588,-0.0030519224237650633,-0.00426423829048872,0.00016783567843958735,0.0012369600590318441,-0.7016891241073608,-0.7005363702774048,0.11112071573734283,0.09804970026016235,0.1085512563586235,0.09796129167079926,-0.08752533048391342,-0.0878971591591835,0.11108221113681793,0.0981021523475647,0.10848671197891235,0.09798081964254379,-0.08728668838739395,-0.08771008998155594,-0.24018429219722748,-0.0006219035713002086,0.2707980275154114,1.7409543943358585e-05,-0.012598322704434395,0.0012725782580673695,0.9999198317527771,-0.042374387383461,0.00021098701108712703,0.0010800528107210994,-0.0007879442418925464,0.007769344840198755,0.00021788243611808866,1.07766592502594,-1.837722659111023,1.075934648513794,-1.8381125926971436,1.1787832975387573,1.7088725566864014,-0.0032278685830533504,0.00014652576646767557,-0.004199926275759935,0.0014850475126877427,-0.69985431432724,-0.6990876197814941,0.006644032895565033,-0.01456388644874096,0.6036877632141113,0.6021059155464172,0.002967357635498047,-0.004850268363952637,0.006644032895565033,-0.01456388644874096,0.6036877632141113,0.6021059155464172,0.002967357635498047,-0.004850268363952637
273,5.48,-0.042374387383461,0.00021098701108712703,0.0010800528107210994,-0.0007879442418925464,0.007769344840198755,0.00021788243611808866,-0.025194671005010605,-2.7515961846802384e-06,-0.9996825456619263,0.0,0.0,0.0,0.27000001072883606,0.0,0.2707980275154114,2.7524688448465895e-06,0.17766594886779785,0.17593467235565186,0.06227731704711914,0.061887383460998535,1.1787832975387573,1.7088725566864014,-0.0032278685830533504,-0.004199926275759935,0.00014652576646767557,0.0014850475126877427,-0.69985431432724,-0.6990876197814941,0.11108221113681793,0.0981021523475647,0.10848671197891235,0.09798081964254379,-0.08728668838739395,-0.08771008998155594,0.11103519797325134,0.09812147915363312,0.10843907296657562,0.09798501431941986,-0.08708661049604416,-0.0875319316983223,-0.24103042483329773,-0.0006236971239559352,0.2707982361316681,1.6758980564191006e-05,-0.012523535639047623,0.001272671390324831,0.9999207258224487,-0.042292576283216476,0.0004243041330482811,0.0010540162911638618,-0.0016142737586051226,0.0076519702561199665,4.234632069710642e-05,1.077593207359314,-1.8377065658569336,1.0758562088012695,-1.838094711303711,1.164813756942749,1.6949212551116943,-0.002584975678473711,-0.0006742681725881994,-0.004887155257165432,0.0024020099081099033,-0.6982536911964417,-0.6977944374084473,0.006584507878869772,-0.014549349434673786,0.6043888926506042,0.6015600562095642,0.0030611753463745117,-0.004896998405456543,0.006584507878869772,-0.014549349434673786,0.6043888926506042,0.6015600562095642,0.0030611753463745117,-0.004896998405456543
274,5.5,-0.042292576283216476,0.0004243041330482811,0.0010540162911638618,-0.0016142737586051226,0.0076519702561199665,4.234632069710642e-05,-0.025045128539204597,-1.6386147763114423e-06,-0.9996861219406128,0.0,0.0,0.0,0.27000001072883606,0.0,0.2707982361316681,1.6391276176364045e-06,0.17759323120117188,0.17585623264312744,0.062293410301208496,0.06190526485443115,1.164813756942749,1.6949212551116943,-0.002584975678473711,-0.004887155257165432,-0.0006742681725881994,0.0024020099081099033,-0.6982536911964417,-0.6977944374084473,0.11103519797325134,0.09812147915363312,0.10843907296657562,0.09798501431941986,-0.08708661049604416,-0.0875319316983223,0.11100003123283386,0.09815630316734314,0.10839609056711197,0.09798681735992432,-0.08691509813070297,-0.08740139752626419,-0.24187472462654114,-0.0006254417821764946,0.27079838514328003,1.591922773513943e-05,-0.012448366731405258,0.0012729362351819873,0.9999216198921204,-0.04219730570912361,0.00027631205739453435,0.0010424208594486117,-0.0010713512310758233,0.007776835933327675,4.311168595449999e-07,1.077520728111267,-1.8376905918121338,1.0757800340652466,-1.8380773067474365,1.1508748531341553,1.680987000465393,-0.0027303819078952074,-0.0003144682268612087,-0.004633787088096142,0.0020855888724327087,-0.6969391703605652,-0.6967702507972717,0.006808255799114704,-0.014802977442741394,0.6047713756561279,0.6012343764305115,0.0025436878204345703,-0.004340052604675293,0.006808255799114704,-0.014802977442741394,0.6047713756561279,0.6012343764305115,0.0025436878204345703,-0.004340052604675293
275,5.5200000000000005,-0.04219730570912361,0.00027631205739453435,0.0010424208594486117,-0.0010713512310758233,0.007776835933327675,4.311168595449999e-07,-0.024894822388887405,-1.4400575309991837e-07,-0.9996896982192993,0.0,0.0,0.0,0.27000001072883606,0.0,0.27079838514328003,1.440505599248354e-07,0.177520751953125,0.1757800579071045,0.0623093843460083,0.061922669410705566,1.1508748531341553,1.680987000465393,-0.0027303819078952074,-0.004633787088096142,-0.0003144682268612087,0.0020855888724327087,-0.6969391703605652,-0.6967702507972717,0.11100003123283386,0.09815630316734314,0.10839609056711197,0.09798681735992432,-0.08691509813070297,-0.08740139752626419,0.11094744503498077,0.09817742556333542,0.10834957659244537,0.09801286458969116,-0.0867280438542366,-0.08720064908266068,-0.24271707236766815,-0.0006280537927523255,0.2707985043525696,1.664336559770163e-05,-0.012372665107250214,0.0012727092253044248,0.9999225735664368,-0.04211021587252617,0.00039128141361288726,0.001038524555042386,-0.0014915307983756065,0.007758036721497774,9.557223165757023e-06,1.077446460723877,-1.8376715183258057,1.0757050514221191,-1.8380624055862427,1.136960506439209,1.6670875549316406,-0.0026545280124992132,-0.000514908111654222,-0.004784881602972746,0.0023299565073102713,-0.6954668760299683,-0.6952468156814575,0.00649702362716198,-0.014384436421096325,0.6045196056365967,0.6016861200332642,0.0033435821533203125,-0.004806041717529297,0.00649702362716198,-0.014384436421096325,0.6045196056365967,0.6016861200332642,0.0033435821533203125,-0.004806041717529297
276,5.54,-0.04211021587252617,0.00039128141361288726,0.001038524555042386,-0.0014915307983756065,0.007758036721497774,9.557223165757023e-06,-0.0247434563934803,-1.7905440472532064e-06,-0.9996935129165649,0.0,0.0,0.0,0.27000001072883606,0.0,0.2707985043525696,1.7910908809426473e-06,0.17744648456573486,0.17570507526397705,0.062328457832336426,0.061937570571899414,1.136960506439209,1.6670875549316406,-0.0026545280124992132,-0.004784881602972746,-0.000514908111654222,0.0023299565073102713,-0.6954668760299683,-0.6952468156814575,0.11094744503498077,0.09817742556333542,0.10834957659244537,0.09801286458969116,-0.0867280438542366,-0.08720064908266068,0.11090721189975739,0.09820714592933655,0.10829964280128479,0.09801821410655975,-0.08652236312627792,-0.08701954036951065,-0.24355797469615936,-0.0006298896623775363,0.2707987427711487,1.606065961823333e-05,-0.012297963723540306,0.0012728181900456548,0.9999234676361084,-0.04202338308095932,0.00033066942705772817,0.001031047897413373,-0.0012514074333012104,0.007655984256416559,0.00026990316109731793,1.0773732662200928,-1.8376550674438477,1.075628399848938,-1.838044285774231,1.123078465461731,1.653215765953064,-0.002814776962623,-0.0004978016950190067,-0.004628411494195461,0.0023166793398559093,-0.693847119808197,-0.6938908100128174,0.0070910402573645115,-0.014928855933248997,0.6040831208229065,0.6022136807441711,0.0036031007766723633,-0.004857897758483887,0.0070910402573645115,-0.014928855933248997,0.6040831208229065,0.6022136807441711,0.0036031007766723633,-0.004857897758483887
277,5.5600000000000005,-0.04202338308095932,0.00033066942705772817,0.001031047897413373,-0.0012514074333012104,0.007655984256416559,0.00026990316109731793,-0.024594085291028023,-8.127171895466745e-07,-0.9996970891952515,0.0,0.0,0.0,0.27000001072883606,0.0,0.2707987427711487,8.12964060514787e-07,0.17737329006195068,0.1756284236907959,0.062344908714294434,0.06195569038391113,1.123078465461731,1.653215765953064,-0.002814776962623,-0.004628411494195461,-0.0004978016950190067,0.0023166793398559093,-0.693847119808197,-0.6938908100128174,0.11090721189975739,0.09820714592933655,0.10829964280128479,0.09801821410655975,-0.08652236312627792,-0.08701954036951065,0.11086197197437286,0.09822668880224228,0.10825426876544952,0.09802745282649994,-0.08634967356920242,-0.08684495836496353,-0.24439673125743866,-0.0006328531308099627,0.2707988917827606,1.7365395251545124e-05,-0.012222674675285816,0.0012726011918857694,0.9999244213104248,-0.04192652180790901,0.0002899112878367305,0.001021006959490478,-0.001037689158692956,0.007787671871483326,0.0006365331937558949,1.0772978067398071,-1.8376350402832031,1.0755548477172852,-1.838030219078064,1.1092252731323242,1.6393686532974243,-0.0032986917067319155,-0.0001788369263522327,-0.004093453753739595,0.00199362775310874,-0.6922094225883484,-0.6927382349967957,0.004850056953728199,-0.01265025231987238,0.6048533320426941,0.6014203429222107,0.0030099153518676758,-0.004067063331604004,0.004850056953728199,-0.01265025231987238,0.6048533320426941,0.6014203429222107,0.0030099153518676758,-0.004067063331604004
278,5.58,-0.04192652180790901,0.0002899112878367305,0.001021006959490478,-0.001037689158692956,0.007787671871483326,0.0006365331937558949,-0.024443546310067177,-3.618984919739887e-06,-0.9997009038925171,0.0,0.0,0.0,0.27000001072883606,0.0,0.2707988917827606,3.620068355303374e-06,0.17729783058166504,0.17555487155914307,0.062364935874938965,0.061969757080078125,1.1092252731323242,1.6393686532974243,-0.0032986917067319155,-0.004093453753739595,-0.0001788369263522327,0.00199362775310874,-0.6922094225883484,-0.6927382349967957,0.11086197197437286,0.09822668880224228,0.10825426876544952,0.09802745282649994,-0.08634967356920242,-0.08684495836496353,0.11081390082836151,0.09825331717729568,0.10820154845714569,0.09804469347000122,-0.08612782508134842,-0.08663458377122879,-0.24523378908634186,-0.0006345984293147922,0.27079907059669495,1.651716411288362e-05,-0.012147089466452599,0.001272536930628121,0.9999253749847412,-0.04183739423751831,0.0004141446843277663,0.00101480761077255,-0.0015857910038903356,0.007754185236990452,-5.9839276218554005e-05,1.0772243738174438,-1.8376189470291138,1.0754776000976562,-1.8380118608474731,1.0954039096832275,1.6255567073822021,-0.002617352642118931,-0.0005843627732247114,-0.0048891655169427395,0.0024290240835398436,-0.6908393502235413,-0.6908273696899414,0.007178119849413633,-0.014941349625587463,0.6045075058937073,0.6019685864448547,0.0036486387252807617,-0.004541516304016113,0.007178119849413633,-0.014941349625587463,0.6045075058937073,0.6019685864448547,0.0036486387252807617,-0.004541516304016113
279,5.6000000000000005,-0.04183739423751831,0.0004141446843277663,0.00101480761077255,-0.0015857910038903356,0.007754185236990452,-5.9839276218554005e-05,-0.024292409420013428,-2.1166233636904508e-06,-0.9997047185897827,0.0,0.0,0.0,0.27000001072883606,0.0,0.27079907059669495,2.1172495507926214e-06,0.17722439765930176,0.17547762393951416,0.06238102912902832,0.061988115310668945,1.0954039096832275,1.6255567073822021,-0.002617352642118931,-0.0048891655169427395,-0.0005843627732247114,0.0024290240835398436,-0.6908393502235413,-0.6908273696899414,0.11081390082836151,0.09825331717729568,0.10820154845714569,0.09804469347000122,-0.08612782508134842,-0.08663458377122879,0.110769122838974,0.09827978163957596,0.10815399885177612,0.09805095195770264,-0.0859147384762764,-0.0864332988858223,-0.24606914818286896,-0.0006367698661051691,0.27079930901527405,1.643221730773803e-05,-0.01207230519503355,0.0012725138803943992,0.9999262690544128,-0.041746094822883606,0.0002107698528561741,0.0010221760021522641,-0.0007966623525135219,0.0077142175287008286,0.00012848488404415548,1.0771487951278687,-1.8376010656356812,1.0754016637802124,-1.8379955291748047,1.0816150903701782,1.6117764711380005,-0.0032792219426482916,0.0001430413976777345,-0.004206663928925991,0.0015101415337994695,-0.6893081068992615,-0.6891053915023804,0.006387993227690458,-0.014068183489143848,0.6056807637214661,0.6008421778678894,0.00365602970123291,-0.004279136657714844,0.006387993227690458,-0.014068183489143848,0.6056807637214661,0.6008421778678894,0.00365602970123291,-0.004279136657714844
280,5.62,-0.041746094822883606,0.0002107698528561741,0.0010221760021522641,-0.0007966623525135219,0.0077142175287008286,0.00012848488404415548,-0.02414287067949772,-2.137658157153055e-06,-0.9997082948684692,0.0,0.0,0.0,0.27000001072883606,0.0,0.27079930901527405,2.1382811610237695e-06,0.17714881896972656,0.1754016876220703,0.06239891052246094,0.0620044469833374,1.0816150903701782,1.6117764711380005,-0.0032792219426482916,-0.004206663928925991,0.0001430413976777345,0.0015101415337994695,-0.6893081068992615,-0.6891053915023804,0.110769122838974,0.09827978163957596,0.10815399885177612,0.09805095195770264,-0.0859147384762764,-0.0864332988858223,0.11071604490280151,0.09828554838895798,0.1081051155924797,0.09806044399738312,-0.08571965247392654,-0.086211659014225,-0.24690264463424683,-0.0006387870525941253,0.27079951763153076,1.6327934645232745e-05,-0.011998513713479042,0.0012735939817503095,0.9999271631240845,-0.041652534157037735,0.00034491007681936026,0.0010085939429700375,-0.0015489383367821574,0.00772447744384408,-0.0021446046885102987,1.0770728588104248,-1.8375842571258545,1.0753254890441895,-1.8379783630371094,1.0678566694259644,1.5980303287506104,-0.0016390178352594376,-0.0002897022932302207,-0.005900980439037085,0.0019035865552723408,-0.6878586411476135,-0.6872583627700806,0.007172428537160158,-0.014850986190140247,0.6047852039337158,0.601798415184021,0.003901839256286621,-0.004405975341796875,0.007172428537160158,-0.014850986190140247,0.6047852039337158,0.601798415184021,0.003901839256286621,-0.004405975341796875
281,5.64,-0.041652534157037735,0.00034491007681936026,0.0010085939429700375,-0.0015489383367821574,0.00772447744384408,-0.0021446046885102987,-0.02399532124400139,-2.0910192688461393e-06,-0.9997118711471558,0.0,0.0,0.0,0.27000001072883606,0.0,0.27079951763153076,2.0916222638334148e-06,0.17707288265228271,0.17532551288604736,0.0624157190322876,0.062021613121032715,1.0678566694259644,1.5980303287506104,-0.0016390178352594376,-0.005900980439037085,-0.0002897022932302207,0.0019035865552723408,-0.6878586411476135,-0.6872583627700806,0.11071604490280151,0.09828554838895798,0.1081051155924797,0.09806044399738312,-0.08571965247392654,-0.086211659014225,0.11067482829093933,0.09830256551504135,0.10806474089622498,0.09806205332279205,-0.08553382009267807,-0.0860089436173439,-0.24773390591144562,-0.0006410069181583822,0.2707996666431427,1.6395675629610196e-05,-0.011922720819711685,0.0012731571914628148,0.9999280571937561,-0.041553646326065063,0.0002879893290810287,0.0009811223717406392,-0.00108998897485435,0.007769020274281502,8.23364534880966e-05,1.0769985914230347,-1.837566614151001,1.0752482414245605,-1.8379625082015991,1.0541318655014038,1.5843119621276855,-0.002978044329211116,-0.0002083122089970857,-0.004511353559792042,0.0018857867689803243,-0.6862117052078247,-0.6859637498855591,0.006291515193879604,-0.013902430422604084,0.6051538586616516,0.6012476682662964,0.003990650177001953,-0.004289865493774414,0.006291515193879604,-0.013902430422604084,0.6051538586616516,0.6012476682662964,0.003990650177001953,-0.004289865493774414
282,5.66,-0.041553646326065063,0.0002879893290810287,0.0009811223717406392,-0.00108998897485435,0.007769020274281502,8.23364534880966e-05,-0.02384376712143421,-2.429998858133331e-06,-0.9997154474258423,0.0,0.0,0.0,0.27000001072883606,0.0,0.2707996666431427,2.430688255117275e-06,0.17699861526489258,0.17524826526641846,0.06243336200714111,0.06203746795654297,1.0541318655014038,1.5843119621276855,-0.002978044329211116,-0.004511353559792042,-0.0002083122089970857,0.0018857867689803243,-0.6862117052078247,-0.6859637498855591,0.11067482829093933,0.09830256551504135,0.10806474089622498,0.09806205332279205,-0.08553382009267807,-0.0860089436173439,0.11062802374362946,0.09834596514701843,0.10800180584192276,0.0980835109949112,-0.08530055731534958,-0.08580697327852249,-0.24856340885162354,-0.000642740516923368,0.27079981565475464,1.548532054584939e-05,-0.011847573332488537,0.0012728379806503654,0.9999289512634277,-0.04146042838692665,0.00014144655142445117,0.0009799422696232796,-0.0005397641216404736,0.007700449321419001,0.000178334244992584,1.0769238471984863,-1.837551236152649,1.0751696825027466,-1.8379449844360352,1.0404384136199951,1.5706286430358887,-0.0033096529077738523,0.00017454137559980154,-0.004328877665102482,0.001612843363545835,-0.6845247745513916,-0.6842872500419617,0.006522916257381439,-0.014075583778321743,0.6059830784797668,0.6008783578872681,0.003954291343688965,-0.004011273384094238,0.006522916257381439,-0.014075583778321743,0.6059830784797668,0.6008783578872681,0.003954291343688965,-0.004011273384094238
283,5.68,-0.04146042838692665,0.00014144655142445117,0.0009799422696232796,-0.0005397641216404736,0.007700449321419001,0.000178334244992584,-0.023693501949310303,-8.083570719463751e-07,-0.9997190237045288,0.0,0.0,0.0,0.27000001072883606,0.0,0.27079981565475464,8.085846161520749e-07,0.17692387104034424,0.1751697063446045,0.062448740005493164,0.062054991722106934,1.0404384136199951,1.5706286430358887,-0.0033096529077738523,-0.004328877665102482,0.00017454137559980154,0.001612843363545835,-0.6845247745513916,-0.6842872500419617,0.11062802374362946,0.09834596514701843,0.10800180584192276,0.0980835109949112,-0.08530055731534958,-0.08580697327852249,0.11057288944721222,0.09835965186357498,0.10795155167579651,0.09809760749340057,-0.08509854227304459,-0.08558643609285355,-0.24939104914665222,-0.0006453304085880518,0.27080005407333374,1.6354988474631682e-05,-0.0117726381868124,0.0012730981688946486,0.9999297857284546,-0.04136371985077858,0.00019941566279157996,0.0009875999530777335,-0.0007418825989589095,0.0077138300985097885,0.0002470760082360357,1.0768462419509888,-1.8375325202941895,1.07509183883667,-1.8379300832748413,1.0267759561538696,1.5569803714752197,-0.003458419581875205,0.0001593446359038353,-0.004243489820510149,0.0014321724884212017,-0.6829569339752197,-0.6825286746025085,0.006762225646525621,-0.014276916161179543,0.6055560111999512,0.601332426071167,0.004112958908081055,-0.003992915153503418,0.006762225646525621,-0.014276916161179543,0.6055560111999512,0.601332426071167,0.004112958908081055,-0.003992915153503418
284,5.7,-0.04136371985077858,0.00019941566279157996,0.0009875999530777335,-0.0007418825989589095,0.0077138300985097885,0.0002470760082360357,-0.023543663322925568,-2.7322330424794927e-06,-0.9997223615646362,0.0,0.0,0.0,0.27000001072883606,0.0,0.27080005407333374,2.732989287324017e-06,0.17684626579284668,0.17509186267852783,0.06246745586395264,0.06206989288330078,1.0267759561538696,1.5569803714752197,-0.003458419581875205,-0.004243489820510149,0.0001593446359038353,0.0014321724884212017,-0.6829569339752197,-0.6825286746025085,0.11057288944721222,0.09835965186357498,0.10795155167579651,0.09809760749340057,-0.08509854227304459,-0.08558643609285355,0.11052802205085754,0.09838492423295975,0.10789935290813446,0.09810173511505127,-0.08487579971551895,-0.08538148552179337,-0.2502167820930481,-0.0006467730854637921,0.27080032229423523,1.5093825822987128e-05,-0.011698395013809204,0.0012725851265713573,0.999930739402771,-0.04126354306936264,0.00032346954685635865,0.0009640343487262726,-0.0011934427311643958,0.007719526533037424,0.0005292447749525309,1.0767710208892822,-1.8375167846679688,1.0750105381011963,-1.8379111289978027,1.0131523609161377,1.5433590412139893,-0.0031654248014092445,-0.000482548784930259,-0.004545158706605434,0.0023088983725756407,-0.6807109117507935,-0.6814207434654236,0.0053023179061710835,-0.012762313708662987,0.6054682731628418,0.6012399196624756,0.0037058591842651367,-0.003407120704650879,0.0053023179061710835,-0.012762313708662987,0.6054682731628418,0.6012399196624756,0.0037058591842651367,-0.003407120704650879
285,5.72,-0.04126354306936264,0.00032346954685635865,0.0009640343487262726,-0.0011934427311643958,0.007719526533037424,0.0005292447749525309,-0.02339520864188671,-4.1115526983048767e-07,-0.9997261762619019,0.0,0.0,0.0,0.27000001072883606,0.0,0.27080032229423523,4.1126705241367745e-07,0.17677104473114014,0.1750105619430542,0.06248319149017334,0.062088847160339355,1.0131523609161377,1.5433590412139893,-0.0031654248014092445,-0.004545158706605434,-0.000482548784930259,0.0023088983725756407,-0.6807109117507935,-0.6814207434654236,0.11052802205085754,0.09838492423295975,0.10789935290813446,0.09810173511505127,-0.08487579971551895,-0.08538148552179337,0.11048203706741333,0.09842406958341599,0.10784685611724854,0.09811554849147797,-0.08464115113019943,-0.08518493920564651,-0.25104042887687683,-0.0006490956293419003,0.2708006501197815,1.53953478729818e-05,-0.011623334139585495,0.0012727932771667838,0.9999316334724426,-0.04116392508149147,0.0003132036654278636,0.0009630231652408838,-0.0011892225593328476,0.007688665762543678,0.00021937364363111556,1.0766924619674683,-1.8374983072280884,1.074932336807251,-1.8378944396972656,0.9995611310005188,1.529773473739624,-0.003033600514754653,-0.00037494400748983026,-0.004759928677231073,0.0023255101405084133,-0.6792629957199097,-0.6796170473098755,0.007769329007714987,-0.01526274997740984,0.6047999858856201,0.6026464700698853,0.004589200019836426,-0.004218578338623047,0.007769329007714987,-0.01526274997740984,0.6047999858856201,0.6026464700698853,0.004589200019836426,-0.004218578338623047
286,5.74,-0.04116392508149147,0.0003132036654278636,0.0009630231652408838,-0.0011892225593328476,0.007688665762543678,0.00021937364363111556,-0.02324511855840683,-1.200385668198578e-06,-0.9997297525405884,0.0,0.0,0.0,0.27000001072883606,0.0,0.2708006501197815,1.2007114946754882e-06,0.17669248580932617,0.1749323606491089,0.06250166893005371,0.062105536460876465,0.9995611310005188,1.529773473739624,-0.003033600514754653,-0.004759928677231073,-0.00037494400748983026,0.0023255101405084133,-0.6792629957199097,-0.6796170473098755,0.11048203706741333,0.09842406958341599,0.10784685611724854,0.09811554849147797,-0.08464115113019943,-0.08518493920564651,0.11043086647987366,0.09844466298818588,0.10779834538698196,0.09812605381011963,-0.08442731946706772,-0.08497221022844315,-0.251862108707428,-0.0006510110688395798,0.2708008885383606,1.5062853890412953e-05,-0.011548606678843498,0.0012729442678391933,0.9999324083328247,-0.04106428846716881,0.00034583982778713107,0.0009492002427577972,-0.0013185604475438595,0.007660060189664364,0.00017595609824638814,1.0766141414642334,-1.837480902671814,1.074853539466858,-1.8378766775131226,0.9860029816627502,1.5162218809127808,-0.0029311450198292732,-0.0005495184450410306,-0.004874165635555983,0.0023845115210860968,-0.6776254177093506,-0.6779069304466248,0.007522597908973694,-0.014940611086785793,0.6054621934890747,0.6016941070556641,0.004573464393615723,-0.0039653778076171875,0.007522597908973694,-0.014940611086785793,0.6054621934890747,0.6016941070556641,0.004573464393615723,-0.0039653778076171875
287,5.76,-0.04106428846716881,0.00034583982778713107,0.0009492002427577972,-0.0013185604475438595,0.007660060189664364,0.00017595609824638814,-0.023095691576600075,-7.222060958156362e-07,-0.9997328519821167,0.0,0.0,0.0,0.27000001072883606,0.0,0.2708008885383606,7.223979991977103e-07,0.1766141653060913,0.17485356330871582,0.06251907348632812,0.06212329864501953,0.9860029816627502,1.5162218809127808,-0.0029311450198292732,-0.004874165635555983,-0.0005495184450410306,0.0023845115210860968,-0.6776254177093506,-0.6779069304466248,0.11043086647987366,0.09844466298818588,0.10779834538698196,0.09812605381011963,-0.08442731946706772,-0.08497221022844315,0.11038477718830109,0.09847038984298706,0.10774877667427063,0.09813359379768372,-0.08421920984983444,-0.08477170020341873,-0.2526818811893463,-0.0006531295948661864,0.27080127596855164,1.5085547602211591e-05,-0.011474552564322948,0.0012739932863041759,0.9999333620071411,-0.04096042364835739,0.0002917858073487878,0.0009416206157766283,-0.0013301436556503177,0.0076550068333745,-0.0018881552387028933,1.076534628868103,-1.8374632596969604,1.0747758150100708,-1.8378593921661377,0.9724774956703186,1.5027005672454834,-0.0018614528235048056,-0.00026183167938143015,-0.005915198475122452,0.0021399687975645065,-0.6761736273765564,-0.6761164665222168,0.007687449920922518,-0.015055879950523376,0.6054727435112,0.6017303466796875,0.004760265350341797,-0.003947257995605469,0.007687449920922518,-0.015055879950523376,0.6054727435112,0.6017303466796875,0.004760265350341797,-0.003947257995605469
288,5.78,-0.04096042364835739,0.0002917858073487878,0.0009416206157766283,-0.0013301436556503177,0.0076550068333745,-0.0018881552387028933,-0.022947615012526512,-9.320792742073536e-07,-0.9997366666793823,0.0,0.0,0.0,0.27000001072883606,0.0,0.27080127596855164,9.323242124992248e-07,0.17653465270996094,0.1747758388519287,0.06253671646118164,0.062140583992004395,0.9724774956703186,1.5027005672454834,-0.0018614528235048056,-0.005915198475122452,-0.00026183167938143015,0.0021399687975645065,-0.6761736273765564,-0.6761164665222168,0.11038477718830109,0.09847038984298706,0.10774877667427063,0.09813359379768372,-0.08421920984983444,-0.08477170020341873,0.1103350818157196,0.09847520291805267,0.1077098399400711,0.09814046323299408,-0.0840410366654396,-0.08455462008714676,-0.25349926948547363,-0.0006554225692525506,0.2708014249801636,1.5201059795799665e-05,-0.011398892849683762,0.0012727167923003435,0.999934196472168,-0.040851693600416183,0.00016231340123340487,0.0009226194233633578,-0.0006307970033958554,0.007802088279277086,6.07713263889309e-05,1.0764586925506592,-1.8374457359313965,1.0746954679489136,-1.837843894958496,0.9589833617210388,1.4892098903656006,-0.0032511260360479355,6.024359026923776e-05,-0.004482157528400421,0.001639863010495901,-0.674685001373291,-0.6745639443397522,0.00662635825574398,-0.01398452464491129,0.6060400009155273,0.6011805534362793,0.0047664642333984375,-0.003825545310974121,0.00662635825574398,-0.01398452464491129,0.6060400009155273,0.6011805534362793,0.0047664642333984375,-0.003825545310974121
289,5.8,-0.040851693600416183,0.00016231340123340487,0.0009226194233633578,-0.0006307970033958554,0.007802088279277086,6.07713263889309e-05,-0.022796325385570526,-1.384994902764447e-06,-0.9997400045394897,0.0,0.0,0.0,0.27000001072883606,0.0,0.2708014249801636,1.3853552900400246e-06,0.1764587163925171,0.17469549179077148,0.0625542402267456,0.062156081199645996,0.9589833617210388,1.4892098903656006,-0.0032511260360479355,-0.004482157528400421,6.024359026923776e-05,0.001639863010495901,-0.674685001373291,-0.6745639443397522,0.1103350818157196,0.09847520291805267,0.1077098399400711,0.09814046323299408,-0.0840410366654396,-0.08455462008714676,0.11028319597244263,0.09851506352424622,0.10764392465353012,0.09816530346870422,-0.08379275351762772,-0.08432117849588394,-0.2543145418167114,-0.0006576868472620845,0.2708016633987427,1.5466841432498768e-05,-0.011323072947561741,0.0012730908347293735,0.9999350905418396,-0.04075174406170845,0.00016037373279687017,0.0009265259141102433,-0.0005985089228488505,0.0077282339334487915,0.0003128084645140916,1.0763789415359497,-1.8374274969100952,1.0746163129806519,-1.8378276824951172,0.9455240368843079,1.4757579565048218,-0.003493586089462042,0.0001420047483406961,-0.004426304250955582,0.0017381159123033285,-0.6727707982063293,-0.6727451682090759,0.006749962456524372,-0.013939536176621914,0.6067332625389099,0.6005663871765137,0.0046274662017822266,-0.003291606903076172,0.006749962456524372,-0.013939536176621914,0.6067332625389099,0.6005663871765137,0.0046274662017822266,-0.003291606903076172
290,5.82,-0.04075174406170845,0.00016037373279687017,0.0009265259141102433,-0.0005985089228488505,0.0077282339334487915,0.0003128084645140916,-0.022644715383648872,-2.101074642268941e-06,-0.9997435808181763,0.0,0.0,0.0,0.27000001072883606,0.0,0.2708016633987427,2.1016137452534167e-06,0.17637896537780762,0.17461633682250977,0.06257247924804688,0.0621722936630249,0.9455240368843079,1.4757579565048218,-0.003493586089462042,-0.004426304250955582,0.0001420047483406961,0.0017381159123033285,-0.6727707982063293,-0.6727451682090759,0.11028319597244263,0.09851506352424622,0.10764392465353012,0.09816530346870422,-0.08379275351762772,-0.08432117849588394,0.1102314293384552,0.09853825718164444,0.10758933424949646,0.09817317128181458,-0.08355949074029922,-0.08409581333398819,-0.2551279067993164,-0.0006592177087441087,0.27080196142196655,1.445678572054021e-05,-0.011248026974499226,0.0012730718590319157,0.9999359250068665,-0.04064881056547165,0.000371540489140898,0.0009226422989740968,-0.001413606689311564,0.007661713287234306,0.00020639733702410012,1.0762999057769775,-1.8374119997024536,1.0745340585708618,-1.8378088474273682,0.9321003556251526,1.46234130859375,-0.0029966228175908327,-0.0005861688987351954,-0.005027796141803265,0.0025347922928631306,-0.6708503365516663,-0.6711495518684387,0.007557595614343882,-0.014828198589384556,0.6061240434646606,0.6017490029335022,0.004971146583557129,-0.0036585330963134766,0.007557595614343882,-0.014828198589384556,0.6061240434646606,0.6017490029335022,0.004971146583557129,-0.0036585330963134766
291,5.84,-0.04064881056547165,0.000371540489140898,0.0009226422989740968,-0.001413606689311564,0.007661713287234306,0.00020639733702410012,-0.02249464951455593,-2.726264938246459e-07,-0.9997469186782837,0.0,0.0,0.0,0.27000001072883606,0.0,0.27080196142196655,2.726945922404411e-07,0.17629992961883545,0.17453408241271973,0.06258797645568848,0.062191128730773926,0.9321003556251526,1.46234130859375,-0.0029966228175908327,-0.005027796141803265,-0.0005861688987351954,0.0025347922928631306,-0.6708503365516663,-0.6711495518684387,0.1102314293384552,0.09853825718164444,0.10758933424949646,0.09817317128181458,-0.08355949074029922,-0.08409581333398819,0.11018931865692139,0.09857548773288727,0.10753972828388214,0.0981762483716011,-0.08333725482225418,-0.0839141383767128,-0.2559390664100647,-0.0006620551575906575,0.2708022892475128,1.5826477465452626e-05,-0.011172904632985592,0.0012733688345178962,0.9999366998672485,-0.0405358225107193,0.0002961355494335294,0.0009107328951358795,-0.0010636573424562812,0.007780907675623894,0.0006211003055796027,1.0762180089950562,-1.8373918533325195,1.0744553804397583,-1.8377937078475952,0.918714702129364,1.4489513635635376,-0.00358308432623744,-0.00016448646783828735,-0.004311505705118179,0.0020750202238559723,-0.6688501238822937,-0.6698530912399292,0.006018413230776787,-0.013220617547631264,0.606126606464386,0.6014263033866882,0.004572391510009766,-0.003035902976989746,0.006018413230776787,-0.013220617547631264,0.606126606464386,0.6014263033866882,0.004572391510009766,-0.003035902976989746
292,5.86,-0.0405358225107193,0.0002961355494335294,0.0009107328951358795,-0.0010636573424562812,0.007780907675623894,0.0006211003055796027,-0.0223444364964962,-3.1964937079465017e-06,-0.999750018119812,0.0,0.0,0.0,0.27000001072883606,0.0,0.2708022892475128,3.1972929264156846e-06,0.17621803283691406,0.1744554042816162,0.06260812282562256,0.062206268310546875,0.918714702129364,1.4489513635635376,-0.00358308432623744,-0.004311505705118179,-0.00016448646783828735,0.0020750202238559723,-0.6688501238822937,-0.6698530912399292,0.11018931865692139,0.09857548773288727,0.10753972828388214,0.0981762483716011,-0.08333725482225418,-0.0839141383767128,0.11013315618038177,0.09859870374202728,0.10748586058616638,0.0981939285993576,-0.08308910578489304,-0.08368108421564102,-0.2567480206489563,-0.0006639760104008019,0.27080273628234863,1.538723699923139e-05,-0.011097325012087822,0.0012733881594613194,0.9999375939369202,-0.04043005034327507,0.00040481716860085726,0.0009089725208468735,-0.0015355951618403196,0.007761446293443441,7.997075590537861e-05,1.076136589050293,-1.8373730182647705,1.074374794960022,-1.8377747535705566,0.9053642749786377,1.4356002807617188,-0.003054650267586112,-0.00047877157339826226,-0.004993513226509094,0.002501579001545906,-0.6672442555427551,-0.6678138971328735,0.008174795657396317,-0.015371110290288925,0.6058818697929382,0.6020786762237549,0.0051735639572143555,-0.0035104751586914062,0.008174795657396317,-0.015371110290288925,0.6058818697929382,0.6020786762237549,0.0051735639572143555,-0.0035104751586914062
293,5.88,-0.04043005034327507,0.00040481716860085726,0.0009089725208468735,-0.0015355951618403196,0.007761446293443441,7.997075590537861e-05,-0.02219330333173275,-2.510148988221772e-06,-0.9997535943984985,0.0,0.0,0.0,0.27000001072883606,0.0,0.27080273628234863,2.510767671992653e-06,0.17613661289215088,0.17437481880187988,0.06262695789337158,0.06222522258758545,0.9053642749786377,1.4356002807617188,-0.003054650267586112,-0.004993513226509094,-0.00047877157339826226,0.002501579001545906,-0.6672442555427551,-0.6678138971328735,0.11013315618038177,0.09859870374202728,0.10748586058616638,0.0981939285993576,-0.08308910578489304,-0.08368108421564102,0.11008475720882416,0.09862662851810455,0.10743503272533417,0.09820036590099335,-0.08285357803106308,-0.08345694094896317,-0.25755491852760315,-0.0006654290482401848,0.2708031237125397,1.4233730325940996e-05,-0.011022278107702732,0.001273424713872373,0.9999383687973022,-0.040323179215192795,0.00020787995890714228,0.0008962458232417703,-0.000792267790529877,0.007701060269027948,0.00018483582243788987,1.0760565996170044,-1.8373571634292603,1.0742928981781006,-1.8377541303634644,0.8920508027076721,1.42228364944458,-0.0034351854119449854,-1.299253199249506e-05,-0.004603607580065727,0.001941950642503798,-0.6654717326164246,-0.6659938097000122,0.006893547717481852,-0.013931374996900558,0.6077175736427307,0.5998384952545166,0.005072474479675293,-0.003046870231628418,0.006893547717481852,-0.013931374996900558,0.6077175736427307,0.5998384952545166,0.005072474479675293,-0.003046870231628418
294,5.9,-0.040323179215192795,0.00020787995890714228,0.0008962458232417703,-0.000792267790529877,0.007701060269027948,0.00018483582243788987,-0.02204323373734951,-3.9362203096970916e-07,-0.9997566938400269,0.0,0.0,0.0,0.27000001072883606,0.0,0.2708031237125397,3.937185510949348e-07,0.1760566234588623,0.1742929220199585,0.06264281272888184,0.062245845794677734,0.8920508027076721,1.42228364944458,-0.0034351854119449854,-0.004603607580065727,-1.299253199249506e-05,0.001941950642503798,-0.6654717326164246,-0.6659938097000122,0.11008475720882416,0.09862662851810455,0.10743503272533417,0.09820036590099335,-0.08285357803106308,-0.08345694094896317,0.11002932488918304,0.09863734990358353,0.10738429427146912,0.09821237623691559,-0.08265236765146255,-0.08322460204362869,-0.25835952162742615,-0.0006680656806565821,0.2708035409450531,1.5276486010407098e-05,-0.010947172529995441,0.0012744094710797071,0.9999392032623291,-0.04021036997437477,0.00022732320940122008,0.0008839735528454185,-0.0010747516062110662,0.007774847559630871,-0.001961993519216776,1.075972080230713,-1.8373371362686157,1.0742145776748657,-1.8377388715744019,0.8787684440612793,1.40900456905365,-0.0022981788497418165,0.000158631126396358,-0.005762963555753231,0.001714486861601472,-0.6640728116035461,-0.6639319658279419,0.007481726352125406,-0.014543593861162663,0.6069081425666809,0.6008549332618713,0.005335807800292969,-0.003222823143005371,0.007481726352125406,-0.014543593861162663,0.6069081425666809,0.6008549332618713,0.005335807800292969,-0.003222823143005371
295,5.92,-0.04021036997437477,0.00022732320940122008,0.0008839735528454185,-0.0010747516062110662,0.007774847559630871,-0.001961993519216776,-0.021893052384257317,-2.648752342793159e-06,-0.9997600317001343,0.0,0.0,0.0,0.27000001072883606,0.0,0.2708035409450531,2.6493889890844002e-06,0.1759721040725708,0.17421460151672363,0.06266283988952637,0.062261104583740234,0.8787684440612793,1.40900456905365,-0.0022981788497418165,-0.005762963555753231,0.000158631126396358,0.001714486861601472,-0.6640728116035461,-0.6639319658279419,0.11002932488918304,0.09863734990358353,0.10738429427146912,0.09821237623691559,-0.08265236765146255,-0.08322460204362869,0.1099812239408493,0.09864869713783264,0.10733987390995026,0.09821751713752747,-0.08244966715574265,-0.0829886868596077,-0.2591618001461029,-0.0006696393247693777,0.27080366015434265,1.4283365089795552e-05,-0.010870500467717648,0.0012735181953758001,0.999940037727356,-0.04009509086608887,0.00028657549410127103,0.0008646173519082367,-0.001088427030481398,0.007882758043706417,0.00020626280456781387,1.0758934020996094,-1.8373218774795532,1.0741311311721802,-1.8377207517623901,0.8655224442481995,1.3957574367523193,-0.00320509378798306,-0.00038216731627471745,-0.004831873346120119,0.002116024261340499,-0.6621922254562378,-0.6624603271484375,0.0070471311919391155,-0.014094638638198376,0.6068340539932251,0.6010249853134155,0.005441188812255859,-0.0032074451446533203,0.0070471311919391155,-0.014094638638198376,0.6068340539932251,0.6010249853134155,0.005441188812255859,-0.0032074451446533203
296,5.94,-0.04009509086608887,0.00028657549410127103,0.0008646173519082367,-0.001088427030481398,0.007882758043706417,0.00020626280456781387,-0.021739734336733818,-8.774568414082751e-07,-0.9997633695602417,0.0,0.0,0.0,0.27000001072883606,0.0,0.27080366015434265,8.776648314778868e-07,0.17589342594146729,0.17413115501403809,0.06267809867858887,0.06227922439575195,0.8655224442481995,1.3957574367523193,-0.00320509378798306,-0.004831873346120119,-0.00038216731627471745,0.002116024261340499,-0.6621922254562378,-0.6624603271484375,0.1099812239408493,0.09864869713783264,0.10733987390995026,0.09821751713752747,-0.08244966715574265,-0.0829886868596077,0.1099332869052887,0.09870512783527374,0.1072721779346466,0.09823955595493317,-0.08218476921319962,-0.08276889473199844,-0.25996190309524536,-0.0006719686207361519,0.27080392837524414,1.4679308151244186e-05,-0.010794238187372684,0.0012738805962726474,0.9999408721923828,-0.039984963834285736,0.00020614074310287833,0.0008704368374310434,-0.000766531506087631,0.007811156567186117,0.0003721009998116642,1.075810432434082,-1.8373034000396729,1.074049949645996,-1.8377046585083008,0.8523125648498535,1.3825498819351196,-0.0035778561141341925,4.8044894356280565e-06,-0.004593582823872566,0.0019454366993159056,-0.6602661609649658,-0.6606056690216064,0.007015770301222801,-0.013953254558146,0.6081066131591797,0.6000192761421204,0.005396008491516113,-0.002858757972717285,0.007015770301222801,-0.013953254558146,0.6081066131591797,0.6000192761421204,0.005396008491516113,-0.002858757972717285
297,5.96,-0.039984963834285736,0.00020614074310287833,0.0008704368374310434,-0.000766531506087631,0.007811156567186117,0.0003721009998116642,-0.02158723771572113,-1.855740265455097e-06,-0.9997667074203491,0.0,0.0,0.0,0.27000001072883606,0.0,0.27080392837524414,1.856172275438439e-06,0.17581045627593994,0.174049973487854,0.06269657611846924,0.06229531764984131,0.8523125648498535,1.3825498819351196,-0.0035778561141341925,-0.004593582823872566,4.8044894356280565e-06,0.0019454366993159056,-0.6602661609649658,-0.6606056690216064,0.1099332869052887,0.09870512783527374,0.1072721779346466,0.09823955595493317,-0.08218476921319962,-0.08276889473199844,0.10987596213817596,0.09872176498174667,0.1072189211845398,0.09824968874454498,-0.0819539800286293,-0.08253584057092667,-0.26075977087020874,-0.0006739165401086211,0.27080434560775757,1.4399763131223153e-05,-0.010718234814703465,0.0012736401986330748,0.9999417066574097,-0.03987199440598488,0.0001597073278389871,0.0008616463164798915,-0.0005877421936020255,0.007795168552547693,0.0004079152422491461,1.0757277011871338,-1.8372852802276611,1.0739666223526,-1.8376858234405518,0.8391386866569519,1.369378685951233,-0.0037550898268818855,0.000152047403389588,-0.004491399507969618,0.0017634246032685041,-0.6584763526916504,-0.6587733626365662,0.0075511205941438675,-0.014460824429988861,0.6073743104934692,0.6007334589958191,0.005607962608337402,-0.00291287899017334,0.0075511205941438675,-0.014460824429988861,0.6073743104934692,0.6007334589958191,0.005607962608337402,-0.00291287899017334
298,5.98,-0.03987199440598488,0.0001597073278389871,0.0008616463164798915,-0.0005877421936020255,0.007795168552547693,0.0004079152422491461,-0.02143525704741478,-1.4954985090298578e-06,-0.9997700452804565,0.0,0.0,0.0,0.27000001072883606,0.0,0.27080434560775757,1.495842298027128e-06,0.1757277250289917,0.173966646194458,0.06271469593048096,0.06231415271759033,0.8391386866569519,1.369378685951233,-0.0037550898268818855,-0.004491399507969618,0.000152047403389588,0.0017634246032685041,-0.6584763526916504,-0.6587733626365662,0.10987596213817596,0.09872176498174667,0.1072189211845398,0.09824968874454498,-0.0819539800286293,-0.08253584057092667,0.10982473194599152,0.09874312579631805,0.10716643929481506,0.09825822710990906,-0.08173566311597824,-0.08231363445520401,-0.2615552246570587,-0.000675870047416538,0.270804762840271,1.4152555195323657e-05,-0.010641892440617085,0.00127357617020607,0.9999424815177917,-0.03975094109773636,0.00039366589044220746,0.0008495504735037684,-0.0014412914169952273,0.007929894141852856,0.0007189387688413262,1.075644612312317,-1.8372676372528076,1.073883295059204,-1.8376678228378296,0.8260027170181274,1.3562382459640503,-0.003416137769818306,-0.0006965394131839275,-0.004822266288101673,0.002634695265442133,-0.6562426090240479,-0.6575164794921875,0.006853101775050163,-0.013768537901341915,0.6061812043190002,0.6019927263259888,0.005404114723205566,-0.002631068229675293,0.006853101775050163,-0.013768537901341915,0.6061812043190002,0.6019927263259888,0.005404114723205566,-0.002631068229675293
299,6.0,-0.03975094109773636,0.00039366589044220746,0.0008495504735037684,-0.0014412914169952273,0.007929894141852856,0.0007189387688413262,-0.02128259651362896,-1.1969605111517012e-06,-0.9997731447219849,0.0,0.0,0.0,0.27000001072883606,0.0,0.270804762840271,1.1972315405728295e-06,0.1756446361541748,0.173883318901062,0.06273233890533447,0.0623321533203125,0.8260027170181274,1.3562382459640503,-0.003416137769818306,-0.004822266288101673,-0.0006965394131839275,0.002634695265442133,-0.6562426090240479,-0.6575164794921875,0.10982473194599152,0.09874312579631805,0.10716643929481506,0.09825822710990906,-0.08173566311597824,-0.08231363445520401,0.1097787469625473,0.09879332780838013,0.1071091890335083,0.09827204793691635,-0.08146672695875168,-0.08209920674562454,-0.26234838366508484,-0.0006777417147532105,0.27080509066581726,1.3790019693260547e-05,-0.010564655065536499,0.0012739154044538736,0.9999433159828186,-0.03963422775268555,0.00029300758615136147,0.0008481236291117966,-0.001115065417252481,0.00789679680019617,0.00019022400374524295,1.075560450553894,-1.8372496366500854,1.0738002061843872,-1.8376481533050537,0.8129043579101562,1.3431352376937866,-0.0033660465851426125,-0.000260489119682461,-0.004914489574730396,0.0023134672082960606,-0.6546285152435303,-0.6554176807403564,0.0076592061668634415,-0.01450363639742136,0.6079351305961609,0.6004227995872498,0.005907177925109863,-0.0029113292694091797,0.0076592061668634415,-0.01450363639742136,0.6079351305961609,0.6004227995872498,0.005907177925109863,-0.0029113292694091797
300,6.0200000000000005,-0.03963422775268555,0.00029300758615136147,0.0008481236291117966,-0.001115065417252481,0.00789679680019617,0.00019022400374524295,-0.021128147840499878,-6.615227903239429e-07,-0.9997764825820923,0.0,0.0,0.0,0.27000001072883606,0.0,0.27080509066581726,6.616696168748604e-07,0.17556047439575195,0.17380023002624512,0.06275033950805664,0.06235182285308838,0.8129043579101562,1.3431352376937866,-0.0033660465851426125,-0.004914489574730396,-0.000260489119682461,0.0023134672082960606,-0.6546285152435303,-0.6554176807403564,0.1097787469625473,0.09879332780838013,0.1071091890335083,0.09827204793691635,-0.08146672695875168,-0.08209920674562454,0.10971927642822266,0.09880483150482178,0.10705950856208801,0.09828352928161621,-0.08123765140771866,-0.08185229450464249,-0.26313909888267517,-0.0006806752062402666,0.27080559730529785,1.5374424037872814e-05,-0.01048778835684061,0.0012741279788315296,0.9999440908432007,-0.039515744894742966,0.0002874401689041406,0.0008382965461350977,-0.0010601221583783627,0.00791365560144186,0.0003721163666341454,1.0754733085632324,-1.837227463722229,1.0737192630767822,-1.837632656097412,0.7998416423797607,1.3300703763961792,-0.003646276658400893,-8.311227429658175e-05,-0.004671893548220396,0.002067295601591468,-0.6528803110122681,-0.6534168720245361,0.007586505729705095,-0.01436940673738718,0.6080126166343689,0.6002492308616638,0.0058432817459106445,-0.0026144981384277344,0.007586505729705095,-0.01436940673738718,0.6080126166343689,0.6002492308616638,0.0058432817459106445,-0.0026144981384277344
301,6.04,-0.039515744894742966,0.0002874401689041406,0.0008382965461350977,-0.0010601221583783627,0.00791365560144186,0.0003721163666341454,-0.02097444236278534,-4.0215581975644454e-06,-0.9997795820236206,0.0,0.0,0.0,0.27000001072883606,0.0,0.27080559730529785,4.022444954898674e-06,0.17547333240509033,0.17371928691864014,0.06277251243591309,0.06236732006072998,0.7998416423797607,1.3300703763961792,-0.003646276658400893,-0.004671893548220396,-8.311227429658175e-05,0.002067295601591468,-0.6528803110122681,-0.6534168720245361,0.10971927642822266,0.09880483150482178,0.10705950856208801,0.09828352928161621,-0.08123765140771866,-0.08185229450464249,0.10966944694519043,0.0988294780254364,0.10700362175703049,0.09828957915306091,-0.0810021236538887,-0.08161941915750504,-0.2639274299144745,-0.0006817288813181221,0.2708060145378113,1.3638656128023285e-05,-0.010410741902887821,0.0012749371817335486,0.9999449849128723,-0.039393965154886246,0.00028232671320438385,0.0008308024844154716,-0.0012834657682105899,0.007923802360892296,-0.0018103107577189803,1.0753897428512573,-1.837212324142456,1.073634386062622,-1.8376107215881348,0.7868163585662842,1.3170411586761475,-0.0022684335708618164,-0.00014274810382630676,-0.006092092953622341,0.0022189272567629814,-0.6511661410331726,-0.6514804363250732,0.007985158823430538,-0.014782247133553028,0.6080219745635986,0.6007728576660156,0.006110668182373047,-0.0027997493743896484,0.007985158823430538,-0.014782247133553028,0.6080219745635986,0.6007728576660156,0.006110668182373047,-0.0027997493743896484
302,6.0600000000000005,-0.039393965154886246,0.00028232671320438385,0.0008308024844154716,-0.0012834657682105899,0.007923802360892296,-0.0018103107577189803,-0.0208203736692667,-7.297276169992983e-07,-0.9997832179069519,0.0,0.0,0.0,0.27000001072883606,0.0,0.2708060145378113,7.298858690774068e-07,0.17538976669311523,0.17363440990447998,0.06278765201568604,0.062389254570007324,0.7868163585662842,1.3170411586761475,-0.0022684335708618164,-0.006092092953622341,-0.00014274810382630676,0.0022189272567629814,-0.6511661410331726,-0.6514804363250732,0.10966944694519043,0.0988294780254364,0.10700362175703049,0.09828957915306091,-0.0810021236538887,-0.08161941915750504,0.10961657762527466,0.09884053468704224,0.1069607138633728,0.09829843044281006,-0.08079665154218674,-0.08137694746255875,-0.26471319794654846,-0.0006843511946499348,0.27080628275871277,1.4533176909026224e-05,-0.010332546196877956,0.00127403496298939,0.9999457597732544,-0.03926509991288185,0.00019991991575807333,0.0008245381759479642,-0.0007504572276957333,0.008142988197505474,0.00016560529184062034,1.0753051042556763,-1.8371914625167847,1.0735514163970947,-1.8375954627990723,0.7738264799118042,1.3040478229522705,-0.0037581489887088537,0.0001969773438759148,-0.004507214762270451,0.001493434188887477,-0.6494465470314026,-0.6496580243110657,0.007056960836052895,-0.013791976496577263,0.6082870960235596,0.6001405119895935,0.006080985069274902,-0.002556443214416504,0.007056960836052895,-0.013791976496577263,0.6082870960235596,0.6001405119895935,0.006080985069274902,-0.002556443214416504
303,6.08,-0.03926509991288185,0.00019991991575807333,0.0008245381759479642,-0.0007504572276957333,0.008142988197505474,0.00016560529184062034,-0.02066400833427906,-2.736725946306251e-06,-0.9997862577438354,0.0,0.0,0.0,0.27000001072883606,0.0,0.27080628275871277,2.737310751399491e-06,0.17530512809753418,0.17355144023895264,0.06280851364135742,0.062404513359069824,0.7738264799118042,1.3040478229522705,-0.0037581489887088537,-0.004507214762270451,0.0001969773438759148,0.001493434188887477,-0.6494465470314026,-0.6496580243110657,0.10961657762527466,0.09884053468704224,0.1069607138633728,0.09829843044281006,-0.08079665154218674,-0.08137694746255875,0.10955981910228729,0.09888073056936264,0.10689009726047516,0.09831959009170532,-0.08050350099802017,-0.0811077430844307,-0.2654965817928314,-0.000686116109136492,0.2708066999912262,1.4063461094337981e-05,-0.010254326276481152,0.0012742277467623353,0.9999465942382812,-0.03914748504757881,0.0004354764532763511,0.0008175229304470122,-0.0016428253147751093,0.00802110880613327,0.0001735216355882585,1.075219750404358,-1.8371739387512207,1.073466181755066,-1.8375754356384277,0.7608792185783386,1.29109787940979,-0.0032767332158982754,-0.0005448830779641867,-0.005243995226919651,0.0026680934242904186,-0.6470571160316467,-0.6477434635162354,0.00807950645685196,-0.014736275188624859,0.6080313324928284,0.6008009314537048,0.0062329769134521484,-0.0024918317794799805,0.00807950645685196,-0.014736275188624859,0.6080313324928284,0.6008009314537048,0.0062329769134521484,-0.0024918317794799805
304,6.1000000000000005,-0.03914748504757881,0.0004354764532763511,0.0008175229304470122,-0.0016428253147751093,0.00802110880613327,0.0001735216355882585,-0.02050759270787239,-1.9927247194573283e-06,-0.9997895956039429,0.0,0.0,0.0,0.27000001072883606,0.0,0.2708066999912262,1.993144223888521e-06,0.17521977424621582,0.17346620559692383,0.06282603740692139,0.062424540519714355,0.7608792185783386,1.29109787940979,-0.0032767332158982754,-0.005243995226919651,-0.0005448830779641867,0.0026680934242904186,-0.6470571160316467,-0.6477434635162354,0.10955981910228729,0.09888073056936264,0.10689009726047516,0.09831959009170532,-0.08050350099802017,-0.0811077430844307,0.10951121151447296,0.09891912341117859,0.10683470219373703,0.09832169115543365,-0.08024055510759354,-0.08088672906160355,-0.266277551651001,-0.0006876336992718279,0.270807147026062,1.3130303159414325e-05,-0.010176517069339752,0.0012741951504722238,0.9999473690986633,-0.03902247175574303,0.00029702557367272675,0.0008047624723985791,-0.0011257429141551256,0.007981588132679462,0.0002482786658219993,1.0751338005065918,-1.8371566534042358,1.0733801126480103,-1.8375545740127563,0.7479721903800964,1.2781842947006226,-0.003503412939608097,-0.00028053729329258204,-0.004989871755242348,0.002330516232177615,-0.6450936794281006,-0.6458966135978699,0.0077050067484378815,-0.014272170141339302,0.6091389060020447,0.5993695259094238,0.006247282028198242,-0.0022569894790649414,0.0077050067484378815,-0.014272170141339302,0.6091389060020447,0.5993695259094238,0.006247282028198242,-0.0022569894790649414
305,6.12,-0.03902247175574303,0.00029702557367272675,0.0008047624723985791,-0.0011257429141551256,0.007981588132679462,0.0002482786658219993,-0.020351996645331383,-3.2548632589168847e-07,-0.9997926950454712,0.0,0.0,0.0,0.27000001072883606,0.0,0.270807147026062,3.2555408324697055e-07,0.1751338243484497,0.17338013648986816,0.06284332275390625,0.06244540214538574,0.7479721903800964,1.2781842947006226,-0.003503412939608097,-0.004989871755242348,-0.00028053729329258204,0.002330516232177615,-0.6450936794281006,-0.6458966135978699,0.10951121151447296,0.09891912341117859,0.10683470219373703,0.09832169115543365,-0.08024055510759354,-0.08088672906160355,0.10945218801498413,0.09893416613340378,0.10678254812955856,0.09833421558141708,-0.08001566678285599,-0.0806451216340065,-0.2670557498931885,-0.0006902836612425745,0.2708074748516083,1.416367285855813e-05,-0.010097682476043701,0.0012742684921249747,0.9999481439590454,-0.03888746723532677,0.0003567179082892835,0.0008047496085055172,-0.0012923843460157514,0.008226974867284298,0.0006814866792410612,1.0750454664230347,-1.8371355533599854,1.073296308517456,-1.8375385999679565,0.7351040840148926,1.2653049230575562,-0.0038741789758205414,-0.00033495985553599894,-0.004612032324075699,0.0021720114164054394,-0.6429056525230408,-0.6443326473236084,0.006612054072320461,-0.013212732970714569,0.6079805493354797,0.6007542610168457,0.006007552146911621,-0.0019540786743164062,0.006612054072320461,-0.013212732970714569,0.6079805493354797,0.6007542610168457,0.006007552146911621,-0.0019540786743164062
306,6.140000000000001,-0.03888746723532677,0.0003567179082892835,0.0008047496085055172,-0.0012923843460157514,0.008226974867284298,0.0006814866792410612,-0.02019435353577137,-2.591557858977467e-06,-0.9997957944869995,0.0,0.0,0.0,0.27000001072883606,0.0,0.2708074748516083,2.592087412267574e-06,0.17504549026489258,0.17329633235931396,0.06286442279815674,0.06246137619018555,0.7351040840148926,1.2653049230575562,-0.0038741789758205414,-0.004612032324075699,-0.00033495985553599894,0.0021720114164054394,-0.6429056525230408,-0.6443326473236084,0.10945218801498413,0.09893416613340378,0.10678254812955856,0.09833421558141708,-0.08001566678285599,-0.0806451216340065,0.10939565300941467,0.09897119551897049,0.1067182868719101,0.09835098683834076,-0.07971011847257614,-0.08036778122186661,-0.2678315043449402,-0.0006917429273016751,0.2708079516887665,1.3133622815075796e-05,-0.010018592700362206,0.0012741907266899943,0.9999489784240723,-0.038764018565416336,0.00028330227360129356,0.0007858959725126624,-0.001077616703696549,0.008135378360748291,0.00019601544772740453,1.074958324432373,-1.837118148803711,1.0732089281082153,-1.8375166654586792,0.7222805023193359,1.2524722814559937,-0.003598226234316826,-0.00022647125297226012,-0.005060572177171707,0.002283769426867366,-0.6409255862236023,-0.6418412923812866,0.007990901358425617,-0.014512713067233562,0.6090362071990967,0.5998674631118774,0.006421446800231934,-0.0021401643753051758,0.007990901358425617,-0.014512713067233562,0.6090362071990967,0.5998674631118774,0.006421446800231934,-0.0021401643753051758
307,6.16,-0.038764018565416336,0.00028330227360129356,0.0007858959725126624,-0.001077616703696549,0.008135378360748291,0.00019601544772740453,-0.02003619633615017,-7.347098289756104e-07,-0.9997991323471069,0.0,0.0,0.0,0.27000001072883606,0.0,0.2708079516887665,7.348577355514863e-07,0.17495834827423096,0.17320895195007324,0.06288182735443115,0.06248331069946289,0.7222805023193359,1.2524722814559937,-0.003598226234316826,-0.005060572177171707,-0.00022647125297226012,0.002283769426867366,-0.6409255862236023,-0.6418412923812866,0.10939565300941467,0.09897119551897049,0.1067182868719101,0.09835098683834076,-0.07971011847257614,-0.08036778122186661,0.10933417081832886,0.09898573905229568,0.10666152089834213,0.0983600914478302,-0.0794527605175972,-0.08008591085672379,-0.26860469579696655,-0.0006946225184947252,0.2708083689212799,1.4689932868350297e-05,-0.009939330630004406,0.00127454346511513,0.9999497532844543,-0.0386342890560627,0.00028957321774214506,0.0007749007199890912,-0.0010576341301202774,0.008160826750099659,0.00048164435429498553,1.0748671293258667,-1.8370963335037231,1.0731241703033447,-1.8375009298324585,0.7094967365264893,1.2396845817565918,-0.003920028451830149,-0.00010727060725912452,-0.004814425949007273,0.0020738227758556604,-0.6389185786247253,-0.639594316482544,0.007870818488299847,-0.014340714551508427,0.6089909076690674,0.5999550223350525,0.006558775901794434,-0.0020759105682373047,0.007870818488299847,-0.014340714551508427,0.6089909076690674,0.5999550223350525,0.006558775901794434,-0.0020759105682373047
308,6.18,-0.0386342890560627,0.00028957321774214506,0.0007749007199890912,-0.0010576341301202774,0.008160826750099659,0.00048164435429498553,-0.01987770013511181,-4.042170985485427e-06,-0.99980229139328,0.0,0.0,0.0,0.27000001072883606,0.0,0.2708083689212799,4.042970886075636e-06,0.1748671531677246,0.17312419414520264,0.06290364265441895,0.062499046325683594,0.7094967365264893,1.2396845817565918,-0.003920028451830149,-0.004814425949007273,-0.00010727060725912452,0.0020738227758556604,-0.6389185786247253,-0.639594316482544,0.10933417081832886,0.09898573905229568,0.10666152089834213,0.0983600914478302,-0.0794527605175972,-0.08008591085672379,0.10927927494049072,0.09901119768619537,0.10659906268119812,0.09836557507514954,-0.07918023318052292,-0.07981712371110916,-0.269375205039978,-0.0006955652497708797,0.27080875635147095,1.2709574548352975e-05,-0.009860273450613022,0.0012743488186970353,0.9999505877494812,-0.03850378468632698,0.00043403820018284023,0.0007637909147888422,-0.0016480989288538694,0.008119689300656319,0.0002466033329255879,1.0747803449630737,-1.8370816707611084,1.0730336904525757,-1.8374789953231812,0.6967554092407227,1.2269384860992432,-0.003320387564599514,-0.0008273886051028967,-0.005507037043571472,0.0027712315786629915,-0.6367496848106384,-0.6375584006309509,0.008630561642348766,-0.015071508474647999,0.6089332103729248,0.6001514792442322,0.006685018539428711,-0.0020682811737060547,0.008630561642348766,-0.015071508474647999,0.6089332103729248,0.6001514792442322,0.006685018539428711,-0.0020682811737060547
309,6.2,-0.03850378468632698,0.00043403820018284023,0.0007637909147888422,-0.0016480989288538694,0.008119689300656319,0.0002466033329255879,-0.019719604402780533,-2.8703652787953615e-07,-0.9998055696487427,0.0,0.0,0.0,0.27000001072883606,0.0,0.27080875635147095,2.8709325761155924e-07,0.17478036880493164,0.1730337142944336,0.06291830539703369,0.06252098083496094,0.6967554092407227,1.2269384860992432,-0.003320387564599514,-0.005507037043571472,-0.0008273886051028967,0.0027712315786629915,-0.6367496848106384,-0.6375584006309509,0.10927927494049072,0.09901119768619537,0.10659906268119812,0.09836557507514954,-0.07918023318052292,-0.07981712371110916,0.10922707617282867,0.09904547780752182,0.10654327273368835,0.09837193042039871,-0.07892350107431412,-0.07957933098077774,-0.27014294266700745,-0.0006984185893088579,0.2708090841770172,1.4263302546169143e-05,-0.009780089370906353,0.0012749101733788848,0.9999513030052185,-0.03836050629615784,0.00027946647605858743,0.000755219254642725,-0.001051714294590056,0.00831504724919796,0.00014372533769346774,1.0746877193450928,-1.8370602130889893,1.0729485750198364,-1.8374634981155396,0.6840574741363525,1.214227318763733,-0.0037855205591768026,-5.207356298342347e-05,-0.005007173400372267,0.0020383745431900024,-0.6348568201065063,-0.6355174779891968,0.008248687721788883,-0.014690226875245571,0.6100649833679199,0.5989985466003418,0.005897164344787598,-0.0012030601501464844,0.008248687721788883,-0.014690226875245571,0.6100649833679199,0.5989985466003418,0.005897164344787598,-0.0012030601501464844
310,6.22,-0.03836050629615784,0.00027946647605858743,0.000755219254642725,-0.001051714294590056,0.00831504724919796,0.00014372533769346774,-0.019559264183044434,-3.587743776733987e-06,-0.9998084902763367,0.0,0.0,0.0,0.27000001072883606,0.0,0.2708090841770172,3.588430672607501e-06,0.17468774318695068,0.17294859886169434,0.06293976306915283,0.06253647804260254,0.6840574741363525,1.214227318763733,-0.0037855205591768026,-0.005007173400372267,-5.207356298342347e-05,0.0020383745431900024,-0.6348568201065063,-0.6355174779891968,0.10922707617282867,0.09904547780752182,0.10654327273368835,0.09837193042039871,-0.07892350107431412,-0.07957933098077774,0.10915923118591309,0.09906213730573654,0.10647936910390854,0.09839250147342682,-0.07862576097249985,-0.07926354557275772,-0.27090802788734436,-0.0006995896110311151,0.27080950140953064,1.276296370633645e-05,-0.009699352085590363,0.0012744893319904804,0.9999520778656006,-0.038228798657655716,0.00024760872474871576,0.0007484571542590857,-0.000935155781917274,0.00828911829739809,0.0002624756598379463,1.0745985507965088,-1.837044358253479,1.0728563070297241,-1.837442398071289,0.6714036464691162,1.2015663385391235,-0.0038741175085306168,-0.00012111690011806786,-0.005118677392601967,0.002128724940121174,-0.6324247717857361,-0.633185088634491,0.007826287299394608,-0.014109769836068153,0.6097114086151123,0.5993384718894958,0.00674891471862793,-0.0016803741455078125,0.007826287299394608,-0.014109769836068153,0.6097114086151123,0.5993384718894958,0.00674891471862793,-0.0016803741455078125
311,6.24,-0.038228798657655716,0.00024760872474871576,0.0007484571542590857,-0.000935155781917274,0.00828911829739809,0.0002624756598379463,-0.019397806376218796,-8.012630132725462e-07,-0.999811589717865,0.0,0.0,0.0,0.27000001072883606,0.0,0.27080950140953064,8.014129093680822e-07,0.1745985746383667,0.17285633087158203,0.06295561790466309,0.06255757808685303,0.6714036464691162,1.2015663385391235,-0.0038741175085306168,-0.005118677392601967,-0.00012111690011806786,0.002128724940121174,-0.6324247717857361,-0.633185088634491,0.10915923118591309,0.09906213730573654,0.10647936910390854,0.09839250147342682,-0.07862576097249985,-0.07926354557275772,0.10909682512283325,0.09908431768417358,0.10641317069530487,0.09840092062950134,-0.07832909375429153,-0.07895923405885696,-0.27167049050331116,-0.0007015567971393466,0.2708098888397217,1.2680812687904108e-05,-0.009619093500077724,0.0012742619728669524,0.9999529123306274,-0.03809401020407677,0.0003932974941562861,0.0007381605682894588,-0.0014850019942969084,0.008267035707831383,0.00032205693423748016,1.0745060443878174,-1.8370258808135986,1.0727649927139282,-1.8374236822128296,0.6587955951690674,1.188955307006836,-0.003609582083299756,-0.0006735961069352925,-0.00551639636978507,0.002631654031574726,-0.6300404071807861,-0.6308487057685852,0.008854842744767666,-0.015160061419010162,0.6087146997451782,0.6005573868751526,0.007093071937561035,-0.0019643306732177734,0.008854842744767666,-0.015160061419010162,0.6087146997451782,0.6005573868751526,0.007093071937561035,-0.0019643306732177734
