policy_step,sim_time,obs_0,obs_1,obs_2,obs_3,obs_4,obs_5,obs_6,obs_7,obs_8,obs_9,obs_10,obs_11,obs_12,obs_13,obs_14,obs_15,obs_16,obs_17,obs_18,obs_19,obs_20,obs_21,obs_22,obs_23,obs_24,obs_25,obs_26,obs_27,obs_28,obs_29,obs_30,obs_31,obs_32,obs_33,raw_action_0,raw_action_1,raw_action_2,raw_action_3,raw_action_4,raw_action_5,leg_target_servo2,leg_target_servo1,leg_target_servo4,leg_target_servo3,wheel_velocity_target_wheel1,wheel_velocity_target_wheel2,applied_ctrl_servo2,applied_ctrl_servo1,applied_ctrl_servo4,applied_ctrl_servo3,applied_ctrl_wheel1,applied_ctrl_wheel2,actuator_force_servo2,actuator_force_servo1,actuator_force_servo4,actuator_force_servo3,actuator_force_wheel1,actuator_force_wheel2
0,0.0,0.0,0.0,0.0,0.0,0.0,0.0,0.0,0.0,-1.0,0.0,0.0,0.0,0.27000001072883606,0.0,0.27000001072883606,0.0,0.0,0.0,0.0,0.0,0.0,0.0,0.0,0.0,0.0,0.0,0.0,0.0,0.0,0.0,0.0,0.0,0.0,0.0,0.8849973082542419,0.3462833762168884,0.8217599987983704,0.32411935925483704,-0.04242663085460663,-0.08369332551956177,1.5700000524520874,-1.4671456813812256,1.5700000524520874,-1.494850754737854,-0.339413046836853,-0.6695466041564941,0.0,0.0,0.0,0.0,0.0,0.0,-2.0,2.0,-2.0,2.0,0.0,0.0
1,0.02,6.439777258195794e-18,6.812204989240138e-18,-0.14714999496936798,-6.392455744276738e-17,3.552713599391162e-17,-2.702360349158074e-17,0.0,-7.989123872032757e-19,-1.0,0.0,0.0,0.0,0.27000001072883606,0.0,0.2685284912586212,7.989123872032757e-19,0.0,0.0,0.0,0.0,-1.0547118911782819e-19,-2.7200464425916774e-19,-1.776356799695581e-17,1.0658140798173486e-16,-1.5099033293720807e-16,2.4868995857482625e-16,-4.440891999238953e-18,-1.4432898790731443e-17,0.8849973082542419,0.3462833762168884,0.8217599987983704,0.32411935925483704,-0.04242663085460663,-0.08369332551956177,1.1628472805023193,0.31228572130203247,1.0911002159118652,0.30026933550834656,0.09186095744371414,0.03245590627193451,1.5700000524520874,-1.5096428394317627,1.5700000524520874,-1.5246633291244507,0.7348876595497131,0.2596472501754761,0.8999999761581421,-1.899999976158142,0.8999999761581421,-1.899999976158142,0.0,0.0,0.0,0.0,0.0,0.0,9.99200722162641e-18,2.886579864025407e-17
2,0.04,-0.02001834101974964,-0.000898134196177125,-0.07631979137659073,0.0021457138936966658,-2.492642641067505,0.009756329469382763,-0.025938846170902252,5.291307024890557e-05,-0.9996635317802429,0.0,0.0,0.0,0.27000001072883606,0.0,0.2650632858276367,-5.293087815516628e-05,0.040251314640045166,0.01714634895324707,0.04122591018676758,0.017363667488098145,-0.007311983499675989,-0.013387025333940983,3.0643184185028076,0.7484671473503113,3.133340835571289,0.7444888949394226,-0.3425627052783966,-0.642833411693573,1.1628472805023193,0.31228572130203247,1.0911002159118652,0.30026933550834656,0.09186095744371414,0.03245590627193451,1.2275422811508179,0.14945806562900543,1.1855899095535278,0.14414316415786743,-0.2974475026130676,-0.211492657661438,1.5700000524520874,-1.7131774425506592,1.5700000524520874,-1.7198209762573242,-2.379580020904541,-1.691941261291504,1.5700000524520874,-1.4671456813812256,1.5700000524520874,-1.494850754737854,-0.339413046836853,-0.6695466041564941,1.4636923815482277,2.0,1.3222902730704753,2.0,-0.045193530756322486,-0.0972687282728888
3,0.05999999999999999,-0.07427281141281128,0.00013913842849433422,0.17713439464569092,-0.001127973198890686,-3.7630538940429688,-0.013619796372950077,-0.09553295373916626,6.792655767640099e-05,-0.9954262375831604,0.0,0.0,0.0,0.27000001072883606,0.0,0.26716798543930054,-6.8238667154219e-05,0.09897977113723755,0.040611863136291504,0.10190796852111816,0.040689945220947266,0.00554528646171093,-0.008823428303003311,2.8598854541778564,1.379626750946045,2.96219801902771,1.3689998388290405,0.7317817211151123,0.290169894695282,1.2275422811508179,0.14945806562900543,1.1855899095535278,0.14414316415786743,-0.2974475026130676,-0.211492657661438,0.8633453249931335,0.020428575575351715,0.9373790621757507,0.12727302312850952,-0.3517276346683502,-0.16561999917030334,1.5700000524520874,-1.8744642734527588,1.5700000524520874,-1.7409087419509888,-2.8138210773468018,-1.3249599933624268,1.5700000524520874,-1.5096428394317627,1.5700000524520874,-1.5246633291244507,0.7348876595497131,0.2596472501754761,0.01948917484329904,0.9806932559990713,-0.21183219543921794,0.847573777320143,0.04121431830081601,-0.03288751567893855
4,0.08,-0.04582115262746811,-0.0016377870924770832,0.09513375163078308,0.003196782199665904,-2.63227915763855,-0.034658968448638916,-0.1585792452096939,-7.5168072726228274e-06,-0.9873462319374084,0.0,0.0,0.0,0.27000001072883606,0.0,0.26957082748413086,7.613142315676669e-06,0.15547490119934082,0.05430638790130615,0.15830469131469727,0.05403244495391846,-0.016700776293873787,-0.032661691308021545,2.7625539302825928,0.5285959243774414,2.608991861343384,0.5035305023193359,-2.1538074016571045,-1.6410496234893799,0.8633453249931335,0.020428575575351715,0.9373790621757507,0.12727302312850952,-0.3517276346683502,-0.16561999917030334,0.9360809326171875,0.11168833076953888,1.025377869606018,0.11294680833816528,-0.6579927206039429,-0.5753644704818726,1.5700000524520874,-1.7603895664215088,1.5700000524520874,-1.7588164806365967,-5.263941764831543,-4.6029157638549805,1.5700000524520874,-1.7131774425506592,1.5700000524520874,-1.7198209762573242,-2.379580020904541,-1.691941261291504,-0.29523364599268653,0.1561136108503085,-0.2800329684848659,0.12802505102109407,-1.7154866348798707,-0.299032956397538
5,0.10000000000000002,-0.05738012492656708,0.015336156822741032,0.017131969332695007,-0.04280663654208183,-1.912502408027649,0.12847431004047394,-0.20031307637691498,0.0005594930844381452,-0.9797317981719971,0.0,0.0,0.0,0.27000001072883606,0.0,0.2701655924320221,-0.0005710675613954663,0.20881640911102295,0.05349898338317871,0.20499300956726074,0.05642068386077881,-0.07015088945627213,-0.05967763438820839,2.544084072113037,-0.16706989705562592,2.23952317237854,0.05773478373885155,-2.725111484527588,-1.3435570001602173,0.9360809326171875,0.11168833076953888,1.025377869606018,0.11294680833816528,-0.6579927206039429,-0.5753644704818726,1.0773754119873047,0.16406986117362976,1.1795865297317505,0.08901022374629974,-0.8146147727966309,-0.8901348114013672,1.5700000524520874,-1.6949126720428467,1.5700000524520874,-1.788737177848816,-6.516918182373047,-7.1210784912109375,1.5700000524520874,-1.8744642734527588,1.5700000524520874,-1.7409087419509888,-2.8138210773468018,-1.3249599933624268,-0.5058110898183461,-0.05072213886091603,0.17255544114558852,0.882900270358089,-0.20847344966532955,0.036776396680352264
6,0.12000000000000004,-0.03378427401185036,-0.0014157627010717988,0.03610379248857498,0.030180731788277626,-1.2644959688186646,0.1278832107782364,-0.23133781552314758,0.0012465995969250798,-0.9728726744651794,0.0,0.0,0.0,0.27000001072883606,0.0,0.2704412639141083,-0.0012813587673008442,0.2561962604522705,0.05720853805541992,0.24925243854522705,0.06060671806335449,-0.1598617285490036,-0.12599965929985046,2.2137935161590576,0.22568942606449127,2.178504705429077,0.20751869678497314,-5.175478935241699,-4.408228874206543,1.0773754119873047,0.16406986117362976,1.1795865297317505,0.08901022374629974,-0.8146147727966309,-0.8901348114013672,1.1055282354354858,0.19351810216903687,1.296617865562439,0.0892983078956604,-1.0432080030441284,-1.187589168548584,1.5700000524520874,-1.6581023931503296,1.5700000524520874,-1.788377046585083,-8.345664024353027,-9.500713348388672,1.5700000524520874,-1.7603895664215088,1.5700000524520874,-1.7588164806365967,-5.263941764831543,-4.6029157638549805,-0.46537205329252096,0.35169727604126777,-0.06341483495767442,0.35938885563213674,-0.5030516746416573,-1.7149714218603158
7,0.14000000000000004,-0.011612613685429096,-0.013969908468425274,0.03282865136861801,0.06174280121922493,-0.4673908054828644,0.03061763383448124,-0.24613548815250397,0.0005291848792694509,-0.9692353010177612,0.0,0.0,0.0,0.27000001072883606,0.0,0.27099186182022095,-0.0005459818057715893,0.2963372468948364,0.06427991390228271,0.2916659116744995,0.06471741199493408,-0.2865947484970093,-0.2500647306442261,1.8521994352340698,0.3314793109893799,2.0767481327056885,0.1750115156173706,-6.512862682342529,-6.983503341674805,1.1055282354354858,0.19351810216903687,1.296617865562439,0.0892983078956604,-1.0432080030441284,-1.187589168548584,1.0824345350265503,0.22424648702144623,1.369615077972412,0.08857367932796478,-1.034830927848816,-1.286312222480774,1.5700000524520874,-1.6196918487548828,1.5700000524520874,-1.7892829179763794,-8.278647422790527,-10.290497779846191,1.5700000524520874,-1.6949126720428467,1.5700000524520874,-1.788737177848816,-6.516918182373047,-7.1210784912109375,-0.03774828777755346,0.7009820968741458,-0.38480573907578197,0.06246208583706192,-0.062491256971219045,-0.8419255945750272
8,0.16000000000000006,0.011446109041571617,-0.022082749754190445,0.02621402218937874,0.05844227597117424,0.2544500529766083,-0.11485762894153595,-0.24714763462543488,-0.001006989972665906,-0.9689773321151733,0.0,0.0,0.0,0.27000001072883606,0.0,0.2715676724910736,0.0010392293334007263,0.33163177967071533,0.07359921932220459,0.33103954792022705,0.06924951076507568,-0.447314977645874,-0.4245608448982239,1.6590149402618408,0.43513205647468567,1.8790690898895264,0.20213985443115234,-8.353569984436035,-9.3990478515625,1.0824345350265503,0.22424648702144623,1.369615077972412,0.08857367932796478,-1.034830927848816,-1.286312222480774,1.0767250061035156,0.2304166853427887,1.4182430505752563,0.10515271127223969,-0.9231810569763184,-1.222540259361267,1.5700000524520874,-1.6119791269302368,1.5700000524520874,-1.7685590982437134,-7.385448455810547,-9.780322074890137,1.5700000524520874,-1.6581023931503296,1.5700000524520874,-1.788377046585083,-8.345664024353027,-9.500713348388672,0.055885612902526915,0.7504334718644792,-0.4760346108616975,-0.04944767958253138,-0.06946250346372906,-0.4951973366025868
9,0.18000000000000008,0.0007556541822850704,-0.04343327507376671,-0.0005513656651601195,0.05759360268712044,0.4664615988731384,-0.4520302414894104,-0.23878416419029236,-0.003146770177409053,-0.9710675477981567,0.0,0.0,0.0,0.27000001072883606,0.0,0.2718620002269745,0.0032405152451246977,0.36314237117767334,0.08319592475891113,0.36558616161346436,0.0742267370223999,-0.6137961745262146,-0.6283059120178223,1.552366852760315,0.4830619990825653,1.629541277885437,0.16548952460289001,-8.312291145324707,-10.225907325744629,1.0767250061035156,0.2304166853427887,1.4182430505752563,0.10515271127223969,-0.9231810569763184,-1.222540259361267,1.0862555503845215,0.21723593771457672,1.4632641077041626,0.10186668485403061,-0.8118276596069336,-1.1679619550704956,1.5700000524520874,-1.6284550428390503,1.5700000524520874,-1.772666573524475,-6.494621276855469,-9.343695640563965,1.5700000524520874,-1.6196918487548828,1.5700000524520874,-1.7892829179763794,-8.278647422790527,-10.290497779846191,-0.047005724047934905,1.0646089129658236,-0.14321158777423548,-0.3042075072365442,0.06107542781493791,-0.042901047445472074
10,0.2000000000000001,-0.018895870074629784,-0.03895973786711693,0.00300023565068841,-0.04557480290532112,0.3737720847129822,-0.6631232500076294,-0.2304428368806839,-0.005798310972750187,-0.9730685949325562,0.0,0.0,0.0,0.27000001072883606,0.0,0.2718345820903778,0.005958719179034233,0.39171135425567627,0.09336686134338379,0.3960585594177246,0.0773230791091919,-0.7633015513420105,-0.8237990736961365,1.4228291511535645,0.5367339849472046,1.4424748420715332,0.16924788057804108,-7.41766881942749,-9.756375312805176,1.0862555503845215,0.21723593771457672,1.4632641077041626,0.10186668485403061,-0.8118276596069336,-1.1679619550704956,1.0882651805877686,0.21106085181236267,1.505944848060608,0.09023077040910721,-0.729773223400116,-1.1336365938186646,1.5700000524520874,-1.636173963546753,1.5700000524520874,-1.787211537361145,-5.838185787200928,-9.069092750549316,1.5700000524520874,-1.6119791269302368,1.5700000524520874,-1.7685590982437134,-7.385448455810547,-9.780322074890137,-0.012293610473795624,0.9191394791304326,-0.18405633395186527,0.21815008977945638,0.09353202835514018,-0.05482304374193703
11,0.2200000000000001,-0.03635707497596741,-0.03604251518845558,-0.00971392821520567,-0.10717474669218063,0.307137131690979,-0.7776055335998535,-0.22392086684703827,-0.007474836893379688,-0.9745786786079407,0.0,0.0,0.0,0.27000001072883606,0.0,0.27159950137138367,0.007669663056731224,0.41815710067749023,0.10182249546051025,0.4231144189834595,0.079933762550354,-0.8947730660438538,-1.0107825994491577,1.3142459392547607,0.4226027727127075,1.282575249671936,0.13268359005451202,-6.522930145263672,-9.330421447753906,1.0882651805877686,0.21106085181236267,1.505944848060608,0.09023077040910721,-0.729773223400116,-1.1336365938186646,1.0927752256393433,0.2067771703004837,1.5449960231781006,0.08318895101547241,-0.6454312801361084,-1.0952316522598267,1.5700000524520874,-1.6415284872055054,1.5700000524520874,-1.7960138320922852,-5.163450241088867,-8.761853218078613,1.5700000524520874,-1.6284550428390503,1.5700000524520874,-1.772666573524475,-6.494621276855469,-9.343695640563965,-0.07048108662816155,0.8730283556482483,-0.1260317800468993,0.21032937571159493,0.07745608662120418,-0.030243483865131537
12,0.24000000000000013,-0.04557794705033302,-0.04132523015141487,-0.0235504899173975,-0.135154128074646,0.3192330598831177,-0.8845348954200745,-0.2176567167043686,-0.008756110444664955,-0.975986123085022,0.0,0.0,0.0,0.27000001072883606,0.0,0.2710447907447815,0.008971312083303928,0.4425417184829712,0.10854291915893555,0.44730353355407715,0.08121812343597412,-1.0129060745239258,-1.192183017730713,1.2033644914627075,0.3404427170753479,1.1487940549850464,0.053888820111751556,-5.870621204376221,-9.060447692871094,1.0927752256393433,0.2067771703004837,1.5449960231781006,0.08318895101547241,-0.6454312801361084,-1.0952316522598267,1.1026159524917603,0.2009769082069397,1.5793522596359253,0.0811392217874527,-0.5468761324882507,-1.0418065786361694,1.5700000524520874,-1.6487789154052734,1.5700000524520874,-1.7985759973526,-4.375009059906006,-8.334452629089355,1.5700000524520874,-1.636173963546753,1.5700000524520874,-1.787211537361145,-5.838185787200928,-9.069092750549316,-0.1028312305707395,0.895460807519477,-0.09420270173762724,0.19631003965297467,0.07992039052110123,-0.02287845810615252
13,0.2600000000000001,-0.04990186542272568,-0.04802963510155678,-0.03330741077661514,-0.1546267867088318,0.3238297998905182,-0.9758362174034119,-0.21115922927856445,-0.009925848804414272,-0.9774012565612793,0.0,0.0,0.0,0.27000001072883606,0.0,0.270245224237442,0.010154997929930687,0.4647562503814697,0.11397278308868408,0.46901071071624756,0.08130478858947754,-1.1176772117614746,-1.3676029443740845,1.097133994102478,0.2833724617958069,1.0320020914077759,-0.00018729068688116968,-5.201854705810547,-8.758440971374512,1.1026159524917603,0.2009769082069397,1.5793522596359253,0.0811392217874527,-0.5468761324882507,-1.0418065786361694,1.113464593887329,0.19394811987876892,1.6096091270446777,0.08148008584976196,-0.4385314881801605,-0.9739921689033508,1.5700000524520874,-1.6575648784637451,1.5700000524520874,-1.798149824142456,-3.508251905441284,-7.791937351226807,1.5700000524520874,-1.6415284872055054,1.5700000524520874,-1.7960138320922852,-5.163450241088867,-8.761853218078613,-0.11454764586885169,0.906028464339407,-0.0748567355124532,0.21818171204887804,0.09201426165498461,-0.01050810553810777
14,0.28000000000000014,-0.051331210881471634,-0.052445076406002045,-0.039009418338537216,-0.1756325662136078,0.29326334595680237,-1.0428799390792847,-0.2049415111541748,-0.010902049019932747,-0.9787135124206543,0.0,0.0,0.0,0.27000001072883606,0.0,0.2692950963973999,0.011138701811432838,0.4849165678024292,0.1181800365447998,0.48850035667419434,0.08072030544281006,-1.2068990468978882,-1.5347518920898438,0.9998960494995117,0.22732295095920563,0.9274406433105469,-0.02322641760110855,-4.4186224937438965,-8.336738586425781,1.113464593887329,0.19394811987876892,1.6096091270446777,0.08148008584976196,-0.4385314881801605,-0.9739921689033508,1.1242905855178833,0.1855442076921463,1.6388359069824219,0.08239702880382538,-0.3217831552028656,-0.8931450843811035,1.5700000524520874,-1.6680697202682495,1.5700000524520874,-1.7970037460327148,-2.574265241622925,-7.145160675048828,1.5700000524520874,-1.6487789154052734,1.5700000524520874,-1.7985759973526,-4.375009059906006,-8.334452629089355,-0.12109874819642918,0.9052830187671539,-0.058898187612305364,0.2528596534787937,0.1040950640861471,0.0044133026420993815
15,0.30000000000000016,-0.05005976930260658,-0.054591912776231766,-0.041426897048950195,-0.19738686084747314,0.23480138182640076,-1.0880802869796753,-0.1996258795261383,-0.011553446762263775,-0.9798040986061096,0.0,0.0,0.0,0.27000001072883606,0.0,0.26827555894851685,0.011791042052209377,0.5032529830932617,0.12115943431854248,0.505969762802124,0.07987606525421143,-1.2789421081542969,-1.691309928894043,0.9126358032226562,0.1696922332048416,0.8326373100280762,-0.02797016128897667,-3.5558230876922607,-7.799618244171143,1.1242905855178833,0.1855442076921463,1.6388359069824219,0.08239702880382538,-0.3217831552028656,-0.8931450843811035,1.1369558572769165,0.17575620114803314,1.669338583946228,0.0829760730266571,-0.19586370885372162,-0.7997651100158691,1.5700000524520874,-1.680304765701294,1.5700000524520874,-1.7962799072265625,-1.566909670829773,-6.398120880126953,1.5700000524520874,-1.6575648784637451,1.5700000524520874,-1.798149824142456,-3.508251905441284,-7.791937351226807,-0.1304174722876379,0.9033376421234998,-0.04174683719335626,0.28257734320431993,0.11290765741756736,0.01859408573395882
16,0.3200000000000002,-0.046500395983457565,-0.05512560158967972,-0.04128272086381912,-0.2176024466753006,0.15506413578987122,-1.1141750812530518,-0.1956893503665924,-0.011826390400528908,-0.9805946350097656,0.0,0.0,0.0,0.27000001072883606,0.0,0.2672504782676697,0.012059842236340046,0.5199421644210815,0.12283682823181152,0.5216212272644043,0.07895994186401367,-1.3324378728866577,-1.8351564407348633,0.8333033323287964,0.10796757787466049,0.7475638389587402,-0.025624090805649757,-2.6253249645233154,-7.157352924346924,1.1369558572769165,0.17575620114803314,1.669338583946228,0.0829760730266571,-0.19586370885372162,-0.7997651100158691,1.153073787689209,0.1645049750804901,1.7023570537567139,0.08231578022241592,-0.06017988920211792,-0.6943245530128479,1.5700000524520874,-1.6943687200546265,1.5700000524520874,-1.797105312347412,-0.48143911361694336,-5.554596424102783,1.5700000524520874,-1.6680697202682495,1.5700000524520874,-1.7970037460327148,-2.574265241622925,-7.145160675048828,-0.13957448323368027,0.9052421015932666,-0.025833689474513477,0.3044286100283422,0.12051480746066723,0.030594918574271546
17,0.3400000000000002,-0.041242536157369614,-0.05450889840722084,-0.038939379155635834,-0.2346329540014267,0.05591515079140663,-1.1226561069488525,-0.19351649284362793,-0.011731992475688457,-0.9810268878936768,0.0,0.0,0.0,0.27000001072883606,0.0,0.26627084612846375,0.011958319693803787,0.5351243019104004,0.12313055992126465,0.5356458425521851,0.07800567150115967,-1.3662090301513672,-1.9642606973648071,0.759236752986908,0.04087396338582039,0.6727600693702698,-0.02212957665324211,-1.6221436262130737,-6.413566589355469,1.153073787689209,0.1645049750804901,1.7023570537567139,0.08231578022241592,-0.06017988920211792,-0.6943245530128479,1.174698829650879,0.15211519598960876,1.7379308938980103,0.08051981776952744,0.08516073226928711,-0.5769121050834656,1.5700000524520874,-1.7098560333251953,1.5700000524520874,-1.7993502616882324,0.6812858581542969,-4.615296840667725,1.5700000524520874,-1.680304765701294,1.5700000524520874,-1.7962799072265625,-1.566909670829773,-6.398120880126953,-0.14302858325977397,0.9157149632847457,-0.014723317082912857,0.3196413936041651,0.13149517378501008,0.040182196570730966
18,0.3600000000000002,-0.03492555022239685,-0.05322648584842682,-0.034598879516124725,-0.24886246025562286,-0.06403058022260666,-1.119928240776062,-0.19351325929164886,-0.011318188160657883,-0.9810323715209961,0.0,0.0,0.0,0.27000001072883606,0.0,0.2653803825378418,0.01153650600463152,0.5489026308059692,0.12194156646728516,0.5482368469238281,0.07694423198699951,-1.3788225650787354,-2.0766589641571045,0.6899600028991699,-0.03121771477162838,0.6072690486907959,-0.022967353463172913,-0.5412998795509338,-5.57192850112915,1.174698829650879,0.15211519598960876,1.7379308938980103,0.08051981776952744,0.08516073226928711,-0.5769121050834656,1.2014367580413818,0.13969600200653076,1.7724666595458984,0.078653983771801,0.23271812498569489,-0.4535169005393982,1.5700000524520874,-1.7253799438476562,1.5700000524520874,-1.801682472229004,1.861744999885559,-3.6281352043151855,1.5700000524520874,-1.6943687200546265,1.5700000524520874,-1.797105312347412,-0.48143911361694336,-5.554596424102783,-0.14114359573225244,0.9339863482980952,-0.008561926609090165,0.3279947773056442,0.1445187867620954,0.046764744768701405
19,0.3800000000000002,-0.028118746355175972,-0.051544640213251114,-0.028139935806393623,-0.2616230547428131,-0.2088865339756012,-1.111769199371338,-0.19614781439304352,-0.010649586096405983,-0.9805164933204651,0.0,0.0,0.0,0.27000001072883606,0.0,0.2646206319332123,0.010860772803425789,0.5613753795623779,0.11923491954803467,0.559561014175415,0.07568883895874023,-1.3687305450439453,-2.170412540435791,0.625766396522522,-0.10424617677927017,0.5495138764381409,-0.028426354750990868,0.6171568632125854,-4.633542537689209,1.2014367580413818,0.13969600200653076,1.7724666595458984,0.078653983771801,0.23271812498569489,-0.4535169005393982,1.2287026643753052,0.12737160921096802,1.8001563549041748,0.07624965161085129,0.37308675050735474,-0.33048516511917114,1.5700000524520874,-1.7407854795455933,1.5700000524520874,-1.8046878576278687,2.984694004058838,-2.643881320953369,1.5700000524520874,-1.7098560333251953,1.5700000524520874,-1.7993502616882324,0.6812858581542969,-4.615296840667725,-0.13607158690206766,0.9560065678689718,-0.005491051671931757,0.33269206465175927,0.1571772741133386,0.05121284191518605
20,0.40000000000000024,-0.02060767449438572,-0.04959865286946297,-0.01985141821205616,-0.2757362723350525,-0.37286603450775146,-1.1055923700332642,-0.20186825096607208,-0.009782717563211918,-0.9793638586997986,0.0,0.0,0.0,0.27000001072883606,0.0,0.26403313875198364,0.009988516569137573,0.5726701021194458,0.11518514156341553,0.5697613954544067,0.07428908348083496,-1.335201382637024,-2.244520425796509,0.568442702293396,-0.16764673590660095,0.4968653619289398,-0.03341230750083923,1.7957507371902466,-3.6468822956085205,1.2287026643753052,0.12737160921096802,1.8001563549041748,0.07624965161085129,0.37308675050735474,-0.33048516511917114,1.2515705823898315,0.11631851643323898,1.8189421892166138,0.0716925784945488,0.4980543553829193,-0.2168794572353363,1.5700000524520874,-1.7546018362045288,1.5700000524520874,-1.8103842735290527,3.9844348430633545,-1.7350356578826904,1.5700000524520874,-1.7253799438476562,1.5700000524520874,-1.801682472229004,1.861744999885559,-3.6281352043151855,-0.1346005883593797,0.9702477950856228,-0.00107703733668707,0.33531568902535014,0.16258336348872815,0.05387534801183591
21,0.42000000000000026,-0.012389326468110085,-0.047485221177339554,-0.011322354897856712,-0.29242783784866333,-0.540293276309967,-1.1043249368667603,-0.21088558435440063,-0.008765927515923977,-0.9774714708328247,0.0,0.0,0.0,0.27000001072883606,0.0,0.2636389136314392,0.008967721834778786,0.582945704460144,0.11005127429962158,0.5789381265640259,0.07274019718170166,-1.2788710594177246,-2.2989301681518555,0.5188212990760803,-0.2189594805240631,0.44755256175994873,-0.041798509657382965,2.9205527305603027,-2.663076639175415,1.2515705823898315,0.11631851643323898,1.8189421892166138,0.0716925784945488,0.4980543553829193,-0.2168794572353363,1.2682756185531616,0.10580521821975708,1.8273999691009521,0.06525502353906631,0.6056100726127625,-0.1146293431520462,1.5700000524520874,-1.767743468284607,1.5700000524520874,-1.8184311389923096,4.8448805809021,-0.9170347452163696,1.5700000524520874,-1.7407854795455933,1.5700000524520874,-1.8046878576278687,2.984694004058838,-2.643881320953369,-0.1411398509066757,0.9683793327518266,0.0075816753410649085,0.33676359864942285,0.15661192208964625,0.05465850614273471
22,0.4400000000000003,-0.00342267332598567,-0.04592091217637062,-0.004461259115487337,-0.31092655658721924,-0.6909893751144409,-1.1125563383102417,-0.2230248600244522,-0.007666568271815777,-0.9747825860977173,0.0,0.0,0.0,0.27000001072883606,0.0,0.26342475414276123,0.007864738814532757,0.5923224687576294,0.10414111614227295,0.5872108936309814,0.07092607021331787,-1.201758623123169,-2.335033655166626,0.47515225410461426,-0.25537100434303284,0.40207281708717346,-0.06065003201365471,3.9246883392333984,-1.7538385391235352,1.2682756185531616,0.10580521821975708,1.8273999691009521,0.06525502353906631,0.6056100726127625,-0.1146293431520462,1.273240566253662,0.09379392117261887,1.826197862625122,0.05645254999399185,0.694747805595398,-0.029283851385116577,1.5700000524520874,-1.7827575206756592,1.5700000524520874,-1.8294342756271362,5.557982444763184,-0.23427081108093262,1.5700000524520874,-1.7546018362045288,1.5700000524520874,-1.8103842735290527,3.9844348430633545,-1.7350356578826904,-0.15275716033226594,0.957550151691926,0.01774234194228619,0.33065591695867624,0.14220970228171392,0.05164289481375972
23,0.4600000000000003,0.005671380087733269,-0.04455127939581871,-0.00048297576722688973,-0.32973435521125793,-0.8150081038475037,-1.1228522062301636,-0.23777951300144196,-0.006564456038177013,-0.9712969660758972,0.0,0.0,0.0,0.27000001072883606,0.0,0.26334619522094727,0.0067583411000669,0.6009211540222168,0.09769678115844727,0.5946446657180786,0.06862831115722656,-1.1068840026855469,-2.3546488285064697,0.43515896797180176,-0.2839870750904083,0.3610077202320099,-0.08983717113733292,4.790733337402344,-0.9353271126747131,1.273240566253662,0.09379392117261887,1.826197862625122,0.05645254999399185,0.694747805595398,-0.029283851385116577,1.2630802392959595,0.08020013570785522,1.8177958726882935,0.04672222584486008,0.7653818130493164,0.03834214806556702,1.5700000524520874,-1.7997498512268066,1.5700000524520874,-1.8415971994400024,6.123054504394531,0.30673718452453613,1.5700000524520874,-1.767743468284607,1.5700000524520874,-1.8184311389923096,4.8448805809021,-0.9170347452163696,-0.16354867469903134,0.9421064686961174,0.027525938049565823,0.32709893189217354,0.12643030198143457,0.04870590031124089
24,0.4800000000000003,0.014374609105288982,-0.042662061750888824,-0.0007383603369817138,-0.3494204878807068,-0.8997608423233032,-1.1299197673797607,-0.2544333338737488,-0.005504121072590351,-0.9670746326446533,0.0,0.0,0.0,0.27000001072883606,0.0,0.26333510875701904,0.005691454745829105,0.6088119745254517,0.09068799018859863,0.6013461351394653,0.06562674045562744,-0.9974642992019653,-2.3604209423065186,0.39699214696884155,-0.3191067576408386,0.32534193992614746,-0.13022689521312714,5.509636402130127,-0.25123700499534607,1.2630802392959595,0.08020013570785522,1.8177958726882935,0.04672222584486008,0.7653818130493164,0.03834214806556702,1.2420209646224976,0.06632397323846817,1.8058552742004395,0.03729682415723801,0.8181290626525879,0.09030495584011078,1.5700000524520874,-1.8170950412750244,1.5700000524520874,-1.8533788919448853,6.545032501220703,0.7224396467208862,1.5700000524520874,-1.7827575206756592,1.5700000524520874,-1.8294342756271362,5.557982444763184,-0.23427081108093262,-0.1695087308266423,0.9248228322213521,0.03264720780888375,0.32314573975634175,0.11152110852648711,0.04362731219698546
25,0.5000000000000003,0.022412922233343124,-0.03968137875199318,-0.0047463309019804,-0.3716217875480652,-0.9474905133247375,-1.1326652765274048,-0.2722264230251312,-0.004474221263080835,-0.9622228145599365,0.0,0.0,0.0,0.27000001072883606,0.0,0.263319194316864,0.0046498472802340984,0.6160485744476318,0.08299124240875244,0.607398509979248,0.06183731555938721,-0.8764481544494629,-2.355179786682129,0.3617856204509735,-0.36062556505203247,0.29329729080200195,-0.17340469360351562,6.0810956954956055,0.2911882698535919,1.2420209646224976,0.06632397323846817,1.8058552742004395,0.03729682415723801,0.8181290626525879,0.09030495584011078,1.214081883430481,0.05361895635724068,1.7939614057540894,0.028409846127033234,0.854785144329071,0.12661688029766083,1.5700000524520874,-1.8329763412475586,1.5700000524520874,-1.864487648010254,6.838281154632568,1.0129350423812866,1.5700000524520874,-1.7997498512268066,1.5700000524520874,-1.8415971994400024,6.123054504394531,0.30673718452453613,-0.17447980730989165,0.9067846588394772,0.03670909061250427,0.3221120329527025,0.09539562090765408,0.03844993645634143
26,0.5200000000000004,0.029681308194994926,-0.035541534423828125,-0.011199398897588253,-0.3953438699245453,-0.9663701057434082,-1.1291290521621704,-0.2905219495296478,-0.0034348112531006336,-0.9568621516227722,0.0,0.0,0.0,0.27000001072883606,0.0,0.2632454037666321,0.003589646192267537,0.6226962804794312,0.07459497451782227,0.6128501892089844,0.057326436042785645,-0.746699869632721,-2.3414595127105713,0.32974115014076233,-0.40136393904685974,0.26403501629829407,-0.21150264143943787,6.5098066329956055,0.7081385254859924,1.214081883430481,0.05361895635724068,1.7939614057540894,0.028409846127033234,0.854785144329071,0.12661688029766083,1.1819254159927368,0.042347729206085205,1.7843502759933472,0.019490323960781097,0.8768851161003113,0.14726127684116364,1.5700000524520874,-1.8470653295516968,1.5700000524520874,-1.8756370544433594,7.01508092880249,1.178090214729309,1.5700000524520874,-1.8170950412750244,1.5700000524520874,-1.8533788919448853,6.545032501220703,0.7224396467208862,-0.17998406540016276,0.8915343429377032,0.04165509702190562,0.3234361923341993,0.07876873317685806,0.03425711686863098
27,0.5400000000000004,0.03956575691699982,-0.03325336426496506,-0.015460540540516376,-0.33081454038619995,-0.8936010599136353,-0.9598860740661621,-0.3083072602748871,-0.00272538373246789,-0.9512829184532166,0.0,0.0,0.0,0.27000001072883606,0.0,0.2631208598613739,0.002864948008209467,0.6275736093521118,0.06561422348022461,0.619096040725708,0.0522310733795166,-0.610820472240448,-2.3215484619140625,0.21680612862110138,-0.43013665080070496,0.3083327114582062,-0.2313646525144577,6.778266906738281,1.0141459703445435,1.1819254159927368,0.042347729206085205,1.7843502759933472,0.019490323960781097,0.8768851161003113,0.14726127684116364,1.1329737901687622,0.03652019053697586,1.7529971599578857,0.011507563292980194,0.8900495767593384,0.1642887145280838,1.5700000524520874,-1.8543497323989868,1.5700000524520874,-1.8856154680252075,7.120396614074707,1.3143097162246704,1.5700000524520874,-1.8329763412475586,1.5700000524520874,-1.864487648010254,6.838281154632568,1.0129350423812866,0.0770126086387446,0.8660300173059667,-0.2440981429809561,0.3505046653041788,0.08112362385712757,-0.03887324386049418
28,0.5600000000000004,0.043926090002059937,-0.029091859236359596,-0.02629917301237583,-0.355506032705307,-0.8848831653594971,-0.9732036590576172,-0.325506329536438,-0.0018880573334172368,-0.9455379843711853,0.0,0.0,0.0,0.27000001072883606,0.0,0.26287856698036194,0.0019968049600720406,0.6317662000656128,0.05603921413421631,0.6249978542327881,0.046849608421325684,-0.47135457396507263,-2.2980353832244873,0.1324489861726761,-0.45640653371810913,0.36645054817199707,-0.27722305059432983,6.971533298492432,1.2104465961456299,1.1329737901687622,0.03652019053697586,1.7529971599578857,0.011507563292980194,0.8900495767593384,0.1642887145280838,1.0909045934677124,0.026181340217590332,1.7404425144195557,0.0023717060685157776,0.8925697207450867,0.1604282408952713,1.5700000524520874,-1.8672733306884766,1.5700000524520874,-1.8970353603363037,7.140557765960693,1.2834259271621704,1.5700000524520874,-1.8470653295516968,1.5700000524520874,-1.8756370544433594,7.01508092880249,1.178090214729309,-0.06504010857341846,0.930451778968358,-0.1095884932544049,0.28883397470128713,-0.0042115897750854,0.018167960423087326
29,0.5800000000000004,0.049953754991292953,-0.024737341329455376,-0.0320856049656868,-0.3359300196170807,-0.8333833813667297,-0.8840572237968445,-0.3417430520057678,-0.0011765630915760994,-0.9397926926612854,0.0,0.0,0.0,0.27000001072883606,0.0,0.26256445050239563,0.0012519382871687412,0.6349420547485352,0.04646623134613037,0.630846381187439,0.041277408599853516,-0.3299393355846405,-2.2716224193573,0.1500479131937027,-0.4635087549686432,0.27638933062553406,-0.2630799114704132,7.057464599609375,1.3288029432296753,1.0909045934677124,0.026181340217590332,1.7404425144195557,0.0023717060685157776,0.8925697207450867,0.1604282408952713,1.0545426607131958,0.02028612792491913,1.7334308624267578,-0.007555179297924042,0.8828343749046326,0.1442282348871231,1.5700000524520874,-1.8746423721313477,1.5700000524520874,-1.909443974494934,7.0626749992370605,1.1538258790969849,1.5700000524520874,-1.8543497323989868,1.5700000524520874,-1.8856154680252075,7.120396614074707,1.3143097162246704,0.1350612187806295,0.9345611238454161,-0.32770824974488555,0.2973899253438681,0.0055434869328436776,-0.04248479155193863
30,0.6000000000000004,0.05211373418569565,-0.016961559653282166,-0.042842961847782135,-0.41500920057296753,-0.8052520155906677,-0.9566157460212708,-0.3569473922252655,-0.0005409112782217562,-0.9341243505477905,0.0,0.0,0.0,0.27000001072883606,0.0,0.26215270161628723,0.0005790569703094661,0.6375070810317993,0.0366286039352417,0.636498212814331,0.03537559509277344,-0.1881067007780075,-2.245429754257202,0.16201874613761902,-0.48672524094581604,0.22205276787281036,-0.28223916888237,7.084482669830322,1.298360824584961,1.0545426607131958,0.02028612792491913,1.7334308624267578,-0.007555179297924042,0.8828343749046326,0.1442282348871231,1.0328490734100342,0.011033698916435242,1.7520508766174316,-0.016314201056957245,0.8613861799240112,0.10663767158985138,1.5700000524520874,-1.8862078189849854,1.5700000524520874,-1.9203927516937256,6.89108943939209,0.853101372718811,1.5700000524520874,-1.8672733306884766,1.5700000524520874,-1.8970353603363037,7.140557765960693,1.2834259271621704,0.08303758288020546,0.9102594419978196,-0.1856194367933508,0.24360275810698084,0.13794519583463938,-0.04348944967301316
31,0.6200000000000004,0.045796576887369156,-0.02364785224199295,-0.07961104065179825,-0.372760534286499,-0.738299548625946,-0.952096700668335,-0.3707937002182007,-0.0001579970121383667,-0.9287152290344238,0.0,0.0,0.0,0.27000001072883606,0.0,0.2614865303039551,0.00017012428725138307,0.6384469270706177,0.02823495864868164,0.6432723999023438,0.029163479804992676,-0.04717891290783882,-2.221405267715454,0.020740477368235588,-0.4821198880672455,0.3867756724357605,-0.3793933391571045,7.050949573516846,1.205275058746338,1.0328490734100342,0.011033698916435242,1.7520508766174316,-0.016314201056957245,0.8613861799240112,0.10663767158985138,0.9967599511146545,0.00211169570684433,1.7430323362350464,-0.024004139006137848,0.8295859098434448,0.0721137672662735,1.5700000524520874,-1.8973603248596191,1.5700000524520874,-1.9300051927566528,6.636687278747559,0.576910138130188,1.5700000524520874,-1.8746423721313477,1.5700000524520874,-1.909443974494934,7.0626749992370605,1.1538258790969849,0.18465116310077612,0.34350479768226094,-0.18534966906197425,0.004908013760598351,0.0924033829696782,-0.042465614046499844
32,0.6400000000000005,0.06533165276050568,-0.01598317362368107,-0.05446088686585426,-0.29365646839141846,-0.48339366912841797,-0.7092049717903137,-0.3806723356246948,-0.00023159336706157774,-0.9247099757194519,0.0,0.0,0.0,0.27000001072883606,0.0,0.26071983575820923,0.0002504497242625803,0.6372339725494385,0.017124295234680176,0.6516667604446411,0.021793246269226074,0.0894855335354805,-2.2026524543762207,-0.07464979588985443,-0.5340745449066162,0.3982229232788086,-0.33585453033447266,6.8083176612854,0.9247515797615051,0.9967599511146545,0.00211169570684433,1.7430323362350464,-0.024004139006137848,0.8295859098434448,0.0721137672662735,0.9560593366622925,0.005774274468421936,1.7261285781860352,-0.026639632880687714,0.8035669922828674,0.0353211909532547,1.5700000524520874,-1.8927820920944214,1.5700000524520874,-1.9332995414733887,6.4285359382629395,0.2825695276260376,1.5700000524520874,-1.8862078189849854,1.5700000524520874,-1.9203927516937256,6.89108943939209,0.853101372718811,0.4712501343024389,1.0531581282690397,-0.6224287722727393,0.27885309236173583,0.1548821032059582,-0.14398369509090436
33,0.6600000000000005,0.0706864595413208,-0.012850003316998482,-0.05732811242341995,-0.3372414708137512,-0.3984496295452118,-0.7655351758003235,-0.38865166902542114,-3.870532236760482e-05,-0.9213847517967224,0.0,0.0,0.0,0.27000001072883606,0.0,0.2602168917655945,4.200777402729727e-05,0.6364840269088745,0.008214354515075684,0.6583042144775391,0.01573801040649414,0.22101232409477234,-2.1894946098327637,0.038895703852176666,-0.22415436804294586,0.18236517906188965,-0.21107268333435059,6.574617385864258,0.6095415949821472,0.9560593366622925,0.005774274468421936,1.7261285781860352,-0.026639632880687714,0.8035669922828674,0.0353211909532547,0.928834080696106,0.0048488229513168335,1.7535831928253174,-0.025883622467517853,0.7871891856193542,-0.006694599986076355,1.5700000524520874,-1.8939388990402222,1.5700000524520874,-1.93235445022583,6.297513484954834,-0.05355679988861084,1.5700000524520874,-1.8973603248596191,1.5700000524520874,-1.9300051927566528,6.636687278747559,0.576910138130188,0.46418370453088187,0.9656370233850353,-0.6000147913411649,0.20109177780901888,0.15317176348152728,-0.15510462221772903
34,0.6800000000000005,0.07146560400724411,-0.011356400325894356,-0.06748175621032715,-0.34294557571411133,-0.29311424493789673,-0.7648743391036987,-0.3951534032821655,0.00016840340686030686,-0.9186151623725891,0.0,0.0,0.0,0.27000001072883606,0.0,0.2592222988605499,-0.0001833231362979859,0.6353476047515869,-0.001993894577026367,0.6654485464096069,0.008458852767944336,0.34848371148109436,-2.181981325149536,-0.08101276308298111,-0.5054214000701904,0.34580814838409424,-0.33635246753692627,6.342660903930664,0.36257490515708923,0.928834080696106,0.0048488229513168335,1.7535831928253174,-0.025883622467517853,0.7871891856193542,-0.006694599986076355,0.9189915060997009,-0.0009105503559112549,1.7598557472229004,-0.03349175304174423,0.7485048770904541,-0.05614501237869263,1.5700000524520874,-1.901138186454773,1.5700000524520874,-1.9418647289276123,5.988039016723633,-0.449160099029541,1.5700000524520874,-1.8927820920944214,1.5700000524520874,-1.9332995414733887,6.4285359382629395,0.2825695276260376,0.49912085543533813,1.1264245832992898,-0.657658230156331,0.2946553386839774,0.15684281560159263,-0.16208576402850616
35,0.7000000000000005,0.07907166332006454,-0.009261933155357838,-0.05699985846877098,-0.3936685621738434,-0.26767587661743164,-0.8455588221549988,-0.40028175711631775,0.0005638400907628238,-0.9163919687271118,0.0,0.0,0.0,0.27000001072883606,0.0,0.25874438881874084,-0.0006152826244942844,0.6343241930007935,-0.00947880744934082,0.6711694002151489,0.0035387277603149414,0.47292712330818176,-2.1812188625335693,0.03914722800254822,-0.1323723942041397,0.12697693705558777,-0.15212750434875488,6.230270862579346,-0.016532406210899353,0.9189915060997009,-0.0009105503559112549,1.7598557472229004,-0.03349175304174423,0.7485048770904541,-0.05614501237869263,0.9032832384109497,-0.003219619393348694,1.7901726961135864,-0.0336148664355278,0.7229865193367004,-0.0991247296333313,1.5700000524520874,-1.9040244817733765,1.5700000524520874,-1.9420185089111328,5.7838921546936035,-0.7929978370666504,1.5700000524520874,-1.8939388990402222,1.5700000524520874,-1.93235445022583,6.297513484954834,-0.05355679988861084,0.5084266306548724,1.0283498470337378,-0.6385228120182038,0.1735486577487002,0.17110116351291182,-0.1761883336493207
36,0.7200000000000005,0.08128602057695389,-0.0028213842306286097,-0.06481378525495529,-0.5062391757965088,0.043401725590229034,-1.0123038291931152,-0.40172651410102844,0.00133512110915035,-0.9157587289810181,0.0,0.0,0.0,0.27000001072883606,0.0,0.2579064667224884,-0.001457938808016479,0.6322537660598755,-0.018977761268615723,0.671583890914917,-0.0028334856033325195,0.5913563966751099,-2.187509775161743,-0.09604381769895554,-0.4824608564376831,-0.005642557051032782,-0.2981732189655304,5.891594409942627,-0.35174262523651123,0.9032832384109497,-0.003219619393348694,1.7901726961135864,-0.0336148664355278,0.7229865193367004,-0.0991247296333313,0.9175921678543091,0.0013547539710998535,1.8341116905212402,-0.016393132507801056,0.6998405456542969,-0.14429810643196106,1.5700000524520874,-1.8983064889907837,1.5700000524520874,-1.920491337776184,5.598724365234375,-1.1543848514556885,1.5700000524520874,-1.901138186454773,1.5700000524520874,-1.9418647289276123,5.988039016723633,-0.449160099029541,0.5978310143626437,1.1630107619816137,-0.025182272718138776,0.23873205204274228,0.1873708205105995,-0.21752547320057414
37,0.7400000000000005,0.08585236966609955,-0.022624246776103973,-0.0697803869843483,-0.573509931564331,0.1287788301706314,-1.3393592834472656,-0.4003332853317261,0.0019969367422163486,-0.9163674116134644,0.0,0.0,0.0,0.27000001072883606,0.0,0.257469117641449,-0.002179184462875128,0.6323046684265137,-0.025145411491394043,0.6712943315505981,-0.00875997543334961,0.705889105796814,-2.2009270191192627,0.06679200381040573,-0.21973071992397308,-0.01828116551041603,-0.35658547282218933,5.736518383026123,-0.7085197567939758,0.9175921678543091,0.0013547539710998535,1.8341116905212402,-0.016393132507801056,0.6998405456542969,-0.14429810643196106,0.9228529930114746,-0.003444850444793701,1.8795843124389648,-0.0030583515763282776,0.6749055981636047,-0.1794867217540741,1.5700000524520874,-1.9043060541152954,1.5700000524520874,-1.903822898864746,5.399244785308838,-1.4358937740325928,1.5700000524520874,-1.9040244817733765,1.5700000524520874,-1.9420185089111328,5.7838921546936035,-0.7929978370666504,0.3046140561866313,0.7074300145498142,0.01970116637705388,0.26890614525846246,0.11294518623706296,-0.2163084198162628
38,0.7600000000000006,0.08967044949531555,-0.044707201421260834,-0.07670710980892181,-0.5992873311042786,0.2384830266237259,-1.5856810808181763,-0.3965153098106384,0.0008140475838445127,-0.9180277585983276,0.0,0.0,0.0,0.27000001072883606,0.0,0.25680068135261536,-0.0008867350406944752,0.6337639093399048,-0.028473258018493652,0.6709738969802856,-0.015567302703857422,0.81729656457901,-2.2229154109954834,0.031116805970668793,-0.26272284984588623,-0.013464393094182014,-0.35245224833488464,5.5564446449279785,-1.170371413230896,0.9228529930114746,-0.003444850444793701,1.8795843124389648,-0.0030583515763282776,0.6749055981636047,-0.1794867217540741,0.9315624237060547,-0.005519218742847443,1.9054034948349,0.006683968007564545,0.6529344320297241,-0.21214456856250763,1.5700000524520874,-1.9068989753723145,1.5700000524520874,-1.891645073890686,5.223475456237793,-1.697156548500061,1.5700000524520874,-1.8983064889907837,1.5700000524520874,-1.920491337776184,5.598724365234375,-1.1543848514556885,0.15593267597145832,0.514309619882436,0.023235946273073793,0.6474807753806537,0.057415138518660314,-0.0870831960982561
39,0.7800000000000006,0.08961779624223709,-0.034555722028017044,-0.07494520395994186,-0.5185498595237732,0.08244823664426804,-1.3723937273025513,-0.3932494521141052,0.0001271270157303661,-0.9194318056106567,0.0,0.0,0.0,0.27000001072883606,0.0,0.2563047707080841,-0.00013826692884322256,0.6351832151412964,-0.03136932849884033,0.6707580089569092,-0.01943790912628174,0.9249598979949951,-2.250997304916382,-0.011336681433022022,-0.012877740897238255,-0.005838716868311167,-0.24948760867118835,5.362808704376221,-1.3794898986816406,0.9315624237060547,-0.005519218742847443,1.9054034948349,0.006683968007564545,0.6529344320297241,-0.21214456856250763,0.914829432964325,-0.0005745664238929749,1.897801399230957,-0.010509498417377472,0.6314690113067627,-0.2295840084552765,1.5700000524520874,-1.9007182121276855,1.5700000524520874,-1.9131368398666382,5.051752090454102,-1.836672067642212,1.5700000524520874,-1.9043060541152954,1.5700000524520874,-1.903822898864746,5.399244785308838,-1.4358937740325928,0.0506705899507498,0.8630977544694751,0.022402231372934622,0.08807874174559416,0.05062202951673811,0.0580097728354092
40,0.8000000000000006,0.10106715559959412,0.006142609752714634,-0.04975215718150139,-0.6037551760673523,0.19420434534549713,-1.1460132598876953,-0.3894910514354706,0.001799735939130187,-0.9210284948348999,0.0,0.0,0.0,0.27000001072883606,0.0,0.25587818026542664,-0.0019540477078408003,0.6348559856414795,-0.03782367706298828,0.6707789897918701,-0.02106642723083496,1.0286340713500977,-2.28371000289917,-0.009497090242803097,-0.3371892273426056,0.0009037292911671102,0.029708998277783394,5.155948162078857,-1.617838740348816,0.914829432964325,-0.0005745664238929749,1.897801399230957,-0.010509498417377472,0.6314690113067627,-0.2295840084552765,0.9102479815483093,0.008683055639266968,1.887655258178711,-0.008461423218250275,0.6274844408035278,-0.2344670444726944,1.5700000524520874,-1.8891462087631226,1.5700000524520874,-1.9105767011642456,5.019875526428223,-1.8757363557815552,1.5700000524520874,-1.9068989753723145,1.5700000524520874,-1.891645073890686,5.223475456237793,-1.697156548500061,0.38730053883893945,0.9930694839024241,-0.010554979895353256,0.4052876002303236,0.10777597324158883,-0.08977945569117907
41,0.8200000000000006,0.09994032979011536,-0.030636226758360863,-0.06692814081907272,-0.588920533657074,0.32778292894363403,-1.4746782779693604,-0.38468611240386963,0.0022870199754834175,-0.9230446219444275,0.0,0.0,0.0,0.27000001072883606,0.0,0.25560736656188965,-0.002477686619386077,0.6362272500991821,-0.04035663604736328,0.6707175970077515,-0.023749589920043945,1.1290899515151978,-2.3187999725341797,0.09084293991327286,-0.08024383336305618,-0.0051897750236094,-0.21402519941329956,5.022286891937256,-1.7861937284469604,0.9102479815483093,0.008683055639266968,1.887655258178711,-0.008461423218250275,0.6274844408035278,-0.2344670444726944,0.9132038354873657,0.005778208374977112,1.9070343971252441,0.01182662695646286,0.6176208257675171,-0.25370413064956665,1.5700000524520874,-1.8927772045135498,1.5700000524520874,-1.8852167129516602,4.940966606140137,-2.029633045196533,1.5700000524520874,-1.9007182121276855,1.5700000524520874,-1.9131368398666382,5.051752090454102,-1.836672067642212,0.1831819075211616,0.5980744718132875,0.0008588065360530805,0.43473978012466574,0.06588155637617277,-0.1322090302767438
42,0.8400000000000006,0.10247951000928879,-0.03715828061103821,-0.0598701611161232,-0.5711989998817444,0.32585108280181885,-1.4869366884231567,-0.378269761800766,0.0011332299327477813,-0.9256947040557861,0.0,0.0,0.0,0.27000001072883606,0.0,0.255151629447937,-0.0012241934891790152,0.637750506401062,-0.041453003883361816,0.6706359386444092,-0.02840864658355713,1.2288974523544312,-2.3558478355407715,0.07241979986429214,-0.034462571144104004,-0.002637991216033697,-0.20311975479125977,4.990236282348633,-1.8379182815551758,0.9132038354873657,0.005778208374977112,1.9070343971252441,0.01182662695646286,0.6176208257675171,-0.25370413064956665,0.9094327092170715,0.009141452610492706,1.9111502170562744,0.014169014990329742,0.6162307858467102,-0.2533586323261261,1.5700000524520874,-1.888573169708252,1.5700000524520874,-1.8822886943817139,4.929846286773682,-2.026869058609009,1.5700000524520874,-1.8891462087631226,1.5700000524520874,-1.9105767011642456,5.019875526428223,-1.8757363557815552,0.2564267416230521,0.8244233071090541,-0.0011689984359772865,0.666380273713699,0.07813475682902649,0.04749217985877552
43,0.8600000000000007,0.10434545576572418,-0.020548075437545776,-0.06489056348800659,-0.6685083508491516,0.28563788533210754,-1.4967132806777954,-0.3726423978805542,0.0008528628968633711,-0.9279746413230896,0.0,0.0,0.0,0.27000001072883606,0.0,0.2548592686653137,-0.00091905816225335,0.6386512517929077,-0.0418628454208374,0.6706349849700928,-0.030414700508117676,1.3271735906600952,-2.395831346511841,0.0497504398226738,-0.1309465616941452,0.000893894350156188,-0.03405371680855751,4.912297248840332,-2.00205397605896,0.9094327092170715,0.009141452610492706,1.9111502170562744,0.014169014990329742,0.6162307858467102,-0.2533586323261261,0.9131509065628052,0.011506125330924988,1.9184870719909668,0.01541747897863388,0.6236875057220459,-0.24616612493991852,1.5700000524520874,-1.8856173753738403,1.5700000524520874,-1.8807281255722046,4.989500045776367,-1.9693289995193481,1.5700000524520874,-1.8927772045135498,1.5700000524520874,-1.8852167129516602,4.940966606140137,-2.029633045196533,0.2822729496527199,0.1872434795083926,-0.008282394970899887,0.6550318750451325,0.08562932583626193,-0.10463729300502633
44,0.8800000000000007,0.11036200076341629,-0.03891389071941376,-0.05226733535528183,-0.563936173915863,0.28400784730911255,-1.5145188570022583,-0.3673490881919861,0.001015343819744885,-0.9300825595855713,0.0,0.0,0.0,0.27000001072883606,0.0,0.25466638803482056,-0.0010916701285168529,0.6396821737289429,-0.043941378593444824,0.6706324815750122,-0.030627965927124023,1.4251402616500854,-2.435821056365967,0.06363090872764587,0.004413642920553684,-0.0013062224024906754,-0.10823403298854828,4.921486854553223,-2.0323996543884277,0.9131509065628052,0.011506125330924988,1.9184870719909668,0.01541747897863388,0.6236875057220459,-0.24616612493991852,0.9069004058837891,0.011133059859275818,1.916916847229004,0.01873692125082016,0.626648485660553,-0.2384348213672638,1.5700000524520874,-1.8860836029052734,1.5700000524520874,-1.8765788078308105,5.013187885284424,-1.9074785709381104,1.5700000524520874,-1.888573169708252,1.5700000524520874,-1.8822886943817139,4.929846286773682,-2.026869058609009,0.1766778722508633,0.6171588320402535,-0.005319567078506893,0.4871389982986578,0.04931386409374916,-0.09736291232821248
45,0.9000000000000007,0.11170224845409393,-0.04032948985695839,-0.0524820052087307,-0.5491396188735962,0.2890497148036957,-1.4972995519638062,-0.36207282543182373,0.0005606313934549689,-0.9321496486663818,0.0,0.0,0.0,0.27000001072883606,0.0,0.254513144493103,-0.0006014392129145563,0.6407463550567627,-0.0430072546005249,0.670604944229126,-0.03188598155975342,1.5242867469787598,-2.474818706512451,-0.005197565536946058,0.16967952251434326,0.0014843875542283058,-0.11121400445699692,4.9546284675598145,-1.96053147315979,0.9069004058837891,0.011133059859275818,1.916916847229004,0.01873692125082016,0.626648485660553,-0.2384348213672638,0.8932839035987854,0.015498027205467224,1.9133061170578003,0.026028357446193695,0.6358920335769653,-0.22395145893096924,1.5700000524520874,-1.8806273937225342,1.5700000524520874,-1.867464542388916,5.087136268615723,-1.791611671447754,1.5700000524520874,-1.8856173753738403,1.5700000524520874,-1.8807281255722046,4.989500045776367,-1.9693289995193481,0.19958314734258664,0.7468427375357827,-0.003643231430295657,0.5272641235615723,0.09413730239643137,-0.03928580993590902
46,0.9200000000000007,0.11009331792593002,-0.030821919441223145,-0.05316097289323807,-0.48980948328971863,0.2188747525215149,-1.3033634424209595,-0.35793110728263855,0.001104163471609354,-0.9337473511695862,0.0,0.0,0.0,0.27000001072883606,0.0,0.25420910120010376,-0.0011825071414932609,0.6413522958755493,-0.04664015769958496,0.6706219911575317,-0.030170440673828125,1.6238058805465698,-2.512789249420166,-0.04500528797507286,-0.1856788545846939,0.00652226060628891,0.01970238797366619,4.958004474639893,-1.874813437461853,0.8932839035987854,0.015498027205467224,1.9133061170578003,0.026028357446193695,0.6358920335769653,-0.22395145893096924,0.8834465146064758,0.017454132437705994,1.897385835647583,0.015027932822704315,0.6602528095245361,-0.1917438507080078,1.5700000524520874,-1.878182291984558,1.5700000524520874,-1.8812150955200195,5.282022476196289,-1.5339508056640625,1.5700000524520874,-1.8860836029052734,1.5700000524520874,-1.8765788078308105,5.013187885284424,-1.9074785709381104,0.2984811506977323,1.0365734068051111,-0.010527328072697628,0.4293558138965956,0.07920496673104438,-0.043954657078525194
47,0.9400000000000007,0.11564850062131882,-0.0032536592334508896,-0.04654019698500633,-0.6058804988861084,0.1923867017030716,-1.244126796722412,-0.35447731614112854,0.002714698202908039,-0.9350606799125671,0.0,0.0,0.0,0.27000001072883606,0.0,0.25422725081443787,-0.002903223969042301,0.6412591934204102,-0.04693043231964111,0.6706902980804443,-0.028900504112243652,1.7246533632278442,-2.5478932857513428,0.012459817342460155,-0.16057883203029633,0.0014586361357942224,0.1656721532344818,5.0360565185546875,-1.743473768234253,0.8834465146064758,0.017454132437705994,1.897385835647583,0.015027932822704315,0.6602528095245361,-0.1917438507080078,0.8783697485923767,0.02205193042755127,1.8992012739181519,0.020771361887454987,0.6822153925895691,-0.16312621533870697,1.5700000524520874,-1.8724350929260254,1.5700000524520874,-1.8740357160568237,5.457723140716553,-1.3050097227096558,1.5700000524520874,-1.8806273937225342,1.5700000524520874,-1.867464542388916,5.087136268615723,-1.791611671447754,0.26175107309847157,0.8047929586972629,-0.012407517454295913,0.40819917064661837,0.07184374087389322,-0.08692119277011212
48,0.9600000000000007,0.11605865508317947,-0.04035365208983421,-0.04857109114527702,-0.5187868475914001,0.1935529112815857,-1.4580107927322388,-0.3511573374271393,0.003301476128399372,-0.9363106489181519,0.0,0.0,0.0,0.27000001072883606,0.0,0.2542247474193573,-0.0035260331351310015,0.6420477628707886,-0.047541260719299316,0.6706545352935791,-0.02800881862640381,1.8292062282562256,-2.5777668952941895,0.06528699398040771,0.07180194556713104,-0.0031661309767514467,-0.03663826733827591,5.251791477203369,-1.4936968088150024,0.8783697485923767,0.02205193042755127,1.8992012739181519,0.020771361887454987,0.6822153925895691,-0.16312621533870697,0.8685398101806641,0.018390968441963196,1.9102510213851929,0.03328291326761246,0.6926037073135376,-0.14831550419330597,1.5700000524520874,-1.8770112991333008,1.5700000524520874,-1.858396291732788,5.540829658508301,-1.1865240335464478,1.5700000524520874,-1.878182291984558,1.5700000524520874,-1.8812150955200195,5.282022476196289,-1.5339508056640625,0.17592874766625854,0.6277056430631873,-0.0019679508590044748,0.4469795108685837,0.07443812623535528,-0.10389462172204222
49,0.9800000000000008,0.11766662448644638,-0.05911885201931,-0.052509475499391556,-0.5105050802230835,0.18057997524738312,-1.610037088394165,-0.3477081060409546,0.0019660713151097298,-0.9376007914543152,0.0,0.0,0.0,0.27000001072883606,0.0,0.2540741562843323,-0.0020969142206013203,0.6434347629547119,-0.04573476314544678,0.6705734729766846,-0.029674530029296875,1.937698483467102,-2.6040849685668945,0.028909258544445038,-0.017697405070066452,-0.001441717380657792,-0.07522144168615341,5.430584907531738,-1.3479101657867432,0.8685398101806641,0.018390968441963196,1.9102510213851929,0.03328291326761246,0.6926037073135376,-0.14831550419330597,0.8642479777336121,0.015444882214069366,1.9191482067108154,0.0395723357796669,0.7104169130325317,-0.12702155113220215,1.5700000524520874,-1.8806939125061035,1.5700000524520874,-1.8505345582962036,5.683335304260254,-1.0161724090576172,1.5700000524520874,-1.8724350929260254,1.5700000524520874,-1.8740357160568237,5.457723140716553,-1.3050097227096558,0.09349293293403882,0.4383592526588629,0.0033046013061781565,0.7459478936210608,0.0383885529026724,-0.01776559915770637
50,1.0000000000000007,0.12376904487609863,-0.03957163169980049,-0.041661348193883896,-0.5218496322631836,0.09951759874820709,-1.4353411197662354,-0.34559789299964905,0.0013887480599805713,-0.9383816719055176,0.0,0.0,0.0,0.27000001072883606,0.0,0.25412124395370483,-0.001479938393458724,0.6446994543075562,-0.043511271476745605,0.6705442667007446,-0.030007243156433105,2.0481226444244385,-2.6278717517852783,0.06949865818023682,0.11891007423400879,-0.001044528209604323,0.0066679371520876884,5.5250163078308105,-1.1717727184295654,0.8642479777336121,0.015444882214069366,1.9191482067108154,0.0395723357796669,0.7104169130325317,-0.12702155113220215,0.8481029272079468,0.021897241473197937,1.9119319915771484,0.036989547312259674,0.7276641130447388,-0.0974058136343956,1.5700000524520874,-1.8726284503936768,1.5700000524520874,-1.8537631034851074,5.82131290435791,-0.7792465090751648,1.5700000524520874,-1.8770112991333008,1.5700000524520874,-1.858396291732788,5.540829658508301,-1.1865240335464478,0.15486331823800548,0.4597773948138517,-0.004063738019958407,0.819900763240291,0.011604698104289213,0.05917380280503748
51,1.0200000000000002,0.12630103528499603,-0.044951047748327255,-0.0457489900290966,-0.5104464888572693,0.07880948483943939,-1.4718518257141113,-0.34417763352394104,0.0010406182846054435,-0.9389039874076843,0.0,0.0,0.0,0.27000001072883606,0.0,0.2541765570640564,-0.0011083325371146202,0.6457087993621826,-0.042430996894836426,0.6705399751663208,-0.029093384742736816,2.1612355709075928,-2.648293972015381,0.0413440465927124,0.07767949253320694,0.0005561384605243802,-0.011906491592526436,5.678003311157227,-1.044718623161316,0.8481029272079468,0.021897241473197937,1.9119319915771484,0.036989547312259674,0.7276641130447388,-0.0974058136343956,0.8365956544876099,0.020076245069503784,1.9098714590072632,0.04100441187620163,0.7477691769599915,-0.07127375900745392,1.5700000524520874,-1.8749046325683594,1.5700000524520874,-1.848744511604309,5.982153415679932,-0.5701900720596313,1.5700000524520874,-1.8806939125061035,1.5700000524520874,-1.8505345582962036,5.683335304260254,-1.0161724090576172,0.11576304019675732,0.4132842987039318,-0.004546873090806258,0.6937514902968189,0.0341324158788332,-0.03622252759721922
52,1.0399999999999998,0.1288871020078659,-0.04554976522922516,-0.047592464834451675,-0.5047664046287537,0.05100782588124275,-1.468539834022522,-0.3432704210281372,0.000811915029771626,-0.9392362833023071,0.0,0.0,0.0,0.27000001072883606,0.0,0.2542099356651306,-0.0008644415065646172,0.6468483209609985,-0.04086911678314209,0.6705222129821777,-0.028586387634277344,2.2771432399749756,-2.6641242504119873,0.01238644402474165,-0.03694893419742584,0.0017299739411100745,0.04741733521223068,5.798518180847168,-0.8166670799255371,0.8365956544876099,0.020076245069503784,1.9098714590072632,0.04100441187620163,0.7477691769599915,-0.07127375900745392,0.8235226273536682,0.021534815430641174,1.9054534435272217,0.0430767759680748,0.7734887599945068,-0.03787288814783096,1.5700000524520874,-1.8730814456939697,1.5700000524520874,-1.846153974533081,6.187910079956055,-0.3029831051826477,1.5700000524520874,-1.8726284503936768,1.5700000524520874,-1.8537631034851074,5.82131290435791,-0.7792465090751648,0.08634674360978423,0.4267127544066973,-0.00212559458872974,0.7146370562865947,0.03281055944425049,-0.02181477850917557
53,1.0599999999999994,0.13226570188999176,-0.04304490610957146,-0.04601626843214035,-0.4980023503303528,0.005952658597379923,-1.426659107208252,-0.3432123064994812,0.0007415401050820947,-0.9392575621604919,0.0,0.0,0.0,0.27000001072883606,0.0,0.2543097734451294,-0.0007894958253018558,0.6477679014205933,-0.03913676738739014,0.6705275774002075,-0.027788281440734863,2.3962507247924805,-2.675602674484253,0.030028272420167923,0.08031810820102692,0.0010906631359830499,-0.0042017665691673756,5.974619388580322,-0.5989462733268738,0.8235226273536682,0.021534815430641174,1.9054534435272217,0.0430767759680748,0.7734887599945068,-0.03787288814783096,0.8055902123451233,0.022668689489364624,1.901457667350769,0.045960746705532074,0.7908844947814941,-0.008455038070678711,1.5700000524520874,-1.8716641664505005,1.5700000524520874,-1.8425490856170654,6.327075958251953,-0.06764030456542969,1.5700000524520874,-1.8749046325683594,1.5700000524520874,-1.848744511604309,5.982153415679932,-0.5701900720596313,0.10609048539696886,0.42022983267023406,-0.0049421390304704715,0.6990851727161349,0.036940842983785416,-0.03265170598112066
54,1.079999999999999,0.13506440818309784,-0.04033687710762024,-0.04329463467001915,-0.4919112026691437,-0.05970266833901405,-1.3853542804718018,-0.3441425561904907,0.0008036077488213778,-0.9389170408248901,0.0,0.0,0.0,0.27000001072883606,0.0,0.2544516921043396,-0.0008558876579627395,0.6483469009399414,-0.03816342353820801,0.6705423593521118,-0.02640974521636963,2.519291639328003,-2.6818017959594727,0.018910780549049377,0.07979795336723328,0.001516666729003191,0.017298420891165733,6.177619457244873,-0.32533374428749084,0.8055902123451233,0.022668689489364624,1.901457667350769,0.045960746705532074,0.7908844947814941,-0.008455038070678711,0.7854887843132019,0.022127442061901093,1.8947597742080688,0.044743798673152924,0.8127795457839966,0.02590899169445038,1.5700000524520874,-1.8723406791687012,1.5700000524520874,-1.8440701961517334,6.502236366271973,0.20727193355560303,1.5700000524520874,-1.8730814456939697,1.5700000524520874,-1.846153974533081,6.187910079956055,-0.3029831051826477,0.12717508998509786,0.4507947602901865,-0.006189021568356878,0.6574768944922198,0.04574211621351232,-0.04582531977611992
55,1.0999999999999985,0.13775083422660828,-0.04003240913152695,-0.045698560774326324,-0.49374863505363464,-0.08688586950302124,-1.3865193128585815,-0.3458038568496704,0.0008023400441743433,-0.9383065104484558,0.0,0.0,0.0,0.27000001072883606,0.0,0.25457873940467834,-0.000855093530844897,0.6492228507995605,-0.03679931163787842,0.6705276966094971,-0.025148749351501465,2.6453371047973633,-2.6833884716033936,0.00037891982356086373,-0.04917561635375023,0.0017133866203948855,0.09485653042793274,6.308605670928955,-0.10272638499736786,0.7854887843132019,0.022127442061901093,1.8947597742080688,0.044743798673152924,0.8127795457839966,0.02590899169445038,0.7689236402511597,0.02235402911901474,1.8878819942474365,0.04548897594213486,0.8375616073608398,0.058631494641304016,1.5700000524520874,-1.8720574378967285,1.5700000524520874,-1.8431386947631836,6.700492858886719,0.46905195713043213,1.5700000524520874,-1.8716641664505005,1.5700000524520874,-1.8425490856170654,6.327075958251953,-0.06764030456542969,0.08524205719061051,0.4170557206644965,-0.002031125495689068,0.7235590856257872,0.03147107855631681,-0.020680082380987633
56,1.119999999999998,0.13982532918453217,-0.03935971483588219,-0.04547965154051781,-0.4848019480705261,-0.13377708196640015,-1.353896141052246,-0.3483071029186249,0.0009437727276235819,-0.9373800158500671,0.0,0.0,0.0,0.27000001072883606,0.0,0.25475090742111206,-0.0010068194242194295,0.649925708770752,-0.03527402877807617,0.670527458190918,-0.024133920669555664,2.7748172283172607,-2.6793622970581055,0.014835411682724953,0.07211852073669434,0.0012639230117201805,0.005896968767046928,6.4942169189453125,0.1803426891565323,0.7689236402511597,0.02235402911901474,1.8878819942474365,0.04548897594213486,0.8375616073608398,0.058631494641304016,0.746346116065979,0.022570326924324036,1.8832038640975952,0.04747461527585983,0.8521674275398254,0.0873948186635971,1.5700000524520874,-1.8717870712280273,1.5700000524520874,-1.8406567573547363,6.8173394203186035,0.6991585493087769,1.5700000524520874,-1.8723406791687012,1.5700000524520874,-1.8440701961517334,6.502236366271973,0.20727193355560303,0.10464665893085012,0.4245704147026039,-0.004404991369650446,0.6970306722245851,0.038145324425128635,-0.03285077806207226
57,1.1399999999999977,0.1421767920255661,-0.035887353122234344,-0.0423724390566349,-0.4757491648197174,-0.19861666858196259,-1.2949045896530151,-0.3517000377178192,0.001035318593494594,-0.9361121654510498,0.0,0.0,0.0,0.27000001072883606,0.0,0.25493624806404114,-0.0011059766402468085,0.650313138961792,-0.03451073169708252,0.6705423593521118,-0.022887825965881348,2.9081435203552246,-2.6701254844665527,-0.001759381964802742,0.05750662460923195,0.0025099399499595165,0.02938484400510788,6.687589645385742,0.4533310532569885,0.746346116065979,0.022570326924324036,1.8832038640975952,0.04747461527585983,0.8521674275398254,0.0873948186635971,0.7226518392562866,0.02124275267124176,1.8727037906646729,0.04350670427083969,0.8704007267951965,0.119786337018013,1.5700000524520874,-1.8734465837478638,1.5700000524520874,-1.8456165790557861,6.963205814361572,0.958290696144104,1.5700000524520874,-1.8720574378967285,1.5700000524520874,-1.8431386947631836,6.700492858886719,0.46905195713043213,0.1462275495376133,0.5118565331638756,-0.0074141550823547675,0.6283534810282418,0.055750925065892076,-0.049911149659272125
58,1.1599999999999973,0.14375460147857666,-0.035459037870168686,-0.04657180234789848,-0.48535120487213135,-0.22178798913955688,-1.3134516477584839,-0.3559163510799408,0.001075674663297832,-0.9345172047615051,0.0,0.0,0.0,0.27000001072883606,0.0,0.25512388348579407,-0.0011510481126606464,0.651084303855896,-0.032805442810058594,0.6705276966094971,-0.02209150791168213,3.04409122467041,-2.6562769412994385,0.012704762630164623,0.06437405198812485,0.0005325587117113173,0.00989239476621151,6.812117576599121,0.6716561317443848,0.7226518392562866,0.02124275267124176,1.8727037906646729,0.04350670427083969,0.8704007267951965,0.119786337018013,0.7027382254600525,0.021143943071365356,1.8693920373916626,0.04544726759195328,0.8826798796653748,0.14103879034519196,1.5700000524520874,-1.8735700845718384,1.5700000524520874,-1.8431909084320068,7.061439037322998,1.1283103227615356,1.5700000524520874,-1.8717870712280273,1.5700000524520874,-1.8406567573547363,6.8173394203186035,0.6991585493087769,0.08627694487339532,0.41033881026697827,-0.0022887181806936496,0.7205337326978203,0.02917922964248021,-0.025990073295762972
59,1.1799999999999968,0.14466916024684906,-0.033211708068847656,-0.0463959239423275,-0.47502046823501587,-0.26904231309890747,-1.2639594078063965,-0.36084991693496704,0.0012237012851983309,-0.9326230883598328,0.0,0.0,0.0,0.27000001072883606,0.0,0.255329966545105,-0.0013121062656864524,0.6513768434524536,-0.032347798347473145,0.670541524887085,-0.021067023277282715,3.182762384414673,-2.6371748447418213,-0.0004676213429775089,0.04817010089755058,0.001774130156263709,0.0009960613679140806,6.954257011413574,0.9413947463035583,0.7027382254600525,0.021143943071365356,1.8693920373916626,0.04544726759195328,0.8826798796653748,0.14103879034519196,0.6795953512191772,0.019743047654628754,1.8601839542388916,0.041159503161907196,0.894773006439209,0.16662032902240753,1.5700000524520874,-1.8753211498260498,1.5700000524520874,-1.84855055809021,7.158184051513672,1.3329626321792603,1.5700000524520874,-1.8734465837478638,1.5700000524520874,-1.8456165790557861,6.963205814361572,0.958290696144104,0.11977247034100813,0.4473087832162541,-0.005723834351128332,0.6559149834108204,0.04071628379842096,-0.05024349945368911
60,1.1999999999999964,0.14578399062156677,-0.03229428827762604,-0.04977753385901451,-0.4823809266090393,-0.2845127582550049,-1.2679083347320557,-0.36622354388237,0.0012430244823917747,-0.930526077747345,0.0,0.0,0.0,0.27000001072883606,0.0,0.2554943859577179,-0.0013358290307223797,0.6520522832870483,-0.031016230583190918,0.6705267429351807,-0.020684361457824707,3.3236260414123535,-2.6146481037139893,0.006341048516333103,0.04518458992242813,0.0006573931314051151,-0.007898599840700626,7.056643486022949,1.104032039642334,0.6795953512191772,0.019743047654628754,1.8601839542388916,0.041159503161907196,0.894773006439209,0.16662032902240753,0.6601670980453491,0.018947720527648926,1.8554880619049072,0.04109541326761246,0.9008825421333313,0.181411013007164,1.5700000524520874,-1.8763153553009033,1.5700000524520874,-1.848630666732788,7.20706033706665,1.451288104057312,1.5700000524520874,-1.8735700845718384,1.5700000524520874,-1.8431909084320068,7.061439037322998,1.1283103227615356,0.08447465048152836,0.4125868515291913,-0.0022165718551221403,0.7226717008652699,0.027945555706086367,-0.02993850830191791
61,1.219999999999996,0.14611485600471497,-0.030007272958755493,-0.049778591841459274,-0.47304314374923706,-0.32249715924263,-1.2203062772750854,-0.3721758723258972,0.0013531113509088755,-0.9281612634658813,0.0,0.0,0.0,0.27000001072883606,0.0,0.25568336248397827,-0.0014578397385776043,0.6524480581283569,-0.030661344528198242,0.6705344915390015,-0.019907236099243164,3.4662318229675293,-2.5877511501312256,0.037223413586616516,0.07173477858304977,-0.00041369179962202907,0.006728443317115307,7.143529891967773,1.355715274810791,0.6601670980453491,0.018947720527648926,1.8554880619049072,0.04109541326761246,0.9008825421333313,0.181411013007164,0.635336697101593,0.01974845677614212,1.8469810485839844,0.03773976117372513,0.9045768976211548,0.19669951498508453,1.5700000524520874,-1.8753143548965454,1.5700000524520874,-1.8528252840042114,7.236615180969238,1.5735961198806763,1.5700000524520874,-1.8753211498260498,1.5700000524520874,-1.84855055809021,7.158184051513672,1.3329626321792603,0.11939188913692966,0.4457880314367131,-0.0058869027659138595,0.6546449822461149,0.038604013166972706,-0.056181503886591155
62,1.2399999999999956,0.1464892029762268,-0.027413800358772278,-0.0528431236743927,-0.4823186695575714,-0.32995906472206116,-1.2109438180923462,-0.3782478868961334,0.0012340702814981341,-0.9257035255432129,0.0,0.0,0.0,0.27000001072883606,0.0,0.25580814480781555,-0.001333115273155272,0.6527049541473389,-0.030451059341430664,0.670539379119873,-0.019832730293273926,3.6101009845733643,-2.5588808059692383,-0.027033530175685883,-0.1015714555978775,0.0024099554866552353,0.06432905793190002,7.194947719573975,1.429524540901184,0.635336697101593,0.01974845677614212,1.8469810485839844,0.03773976117372513,0.9045768976211548,0.19669951498508453,0.6214122772216797,0.015212520956993103,1.8389363288879395,0.030765943229198456,0.9115345478057861,0.2083394080400467,1.5700000524520874,-1.8809843063354492,1.5700000524520874,-1.8615425825119019,7.292276382446289,1.6667152643203735,1.5700000524520874,-1.8763153553009033,1.5700000524520874,-1.848630666732788,7.20706033706665,1.451288104057312,0.09134899897929571,0.41751674255828064,-0.0031091044526672107,0.712870513951092,0.027918681239107457,-0.040120427948960646
63,1.2599999999999951,0.14599424600601196,-0.029012057930231094,-0.055141203105449677,-0.47427600622177124,-0.33953362703323364,-1.1980630159378052,-0.3846850097179413,0.001409620395861566,-0.9230468273162842,0.0,0.0,0.0,0.27000001072883606,0.0,0.2559569478034973,-0.0015271373558789492,0.6529548168182373,-0.02982330322265625,0.6705511808395386,-0.019834160804748535,3.7544162273406982,-2.527097702026367,-0.009973653592169285,0.027559388428926468,0.001359598129056394,-0.04722326248884201,7.228939056396484,1.561422348022461,0.6214122772216797,0.015212520956993103,1.8389363288879395,0.030765943229198456,0.9115345478057861,0.2083394080400467,0.6031058430671692,0.014371700584888458,1.8376580476760864,0.030296556651592255,0.9026062488555908,0.20922257006168365,1.5700000524520874,-1.8820353746414185,1.5700000524520874,-1.8621293306350708,7.220849990844727,1.6737805604934692,1.5700000524520874,-1.8753143548965454,1.5700000524520874,-1.8528252840042114,7.236615180969238,1.5735961198806763,0.11210417331304257,0.42865424806964825,-0.004841780894711434,0.6816754540538206,0.03625838000048276,-0.05736203672914497
64,1.2799999999999947,0.1443330943584442,-0.024041874334216118,-0.05581282079219818,-0.4625553488731384,-0.34223228693008423,-1.1201425790786743,-0.3910726010799408,0.0012708272552117705,-0.9203589558601379,0.0,0.0,0.0,0.27000001072883606,0.0,0.25603365898132324,-0.0013807943323627114,0.6530191898345947,-0.03021836280822754,0.6705635786056519,-0.020509719848632812,3.899808406829834,-2.493499994277954,-0.03321714699268341,-0.03859720006585121,0.002924454165622592,-0.050523530691862106,7.275605201721191,1.6669365167617798,0.6031058430671692,0.014371700584888458,1.8376580476760864,0.030296556651592255,0.9026062488555908,0.20922257006168365,0.5851870775222778,0.01217903196811676,1.8276021480560303,0.022453002631664276,0.8965110778808594,0.21224497258663177,1.5700000524520874,-1.88477623462677,1.5700000524520874,-1.8719336986541748,7.172088623046875,1.6979597806930542,1.5700000524520874,-1.8809843063354492,1.5700000524520874,-1.8615425825119019,7.292276382446289,1.6667152643203735,0.19680685267233855,0.6762837394407875,-0.007954085639664044,0.5776255896253915,0.06296842595087071,-0.030612885107522025
65,1.2999999999999943,0.14340177178382874,-0.026011541485786438,-0.06167853623628616,-0.4833245575428009,-0.33190783858299255,-1.1859289407730103,-0.39750856161117554,0.001071588951162994,-0.9175978302955627,0.0,0.0,0.0,0.27000001072883606,0.0,0.2560921609401703,-0.0011678192531690001,0.6533857583999634,-0.029854178428649902,0.6705594062805176,-0.021545052528381348,4.0440449714660645,-2.459588050842285,-0.007025392726063728,-0.0012166004162281752,0.00023704441264271736,-0.08955008536577225,7.217466831207275,1.6624568700790405,0.5851870775222778,0.01217903196811676,1.8276021480560303,0.022453002631664276,0.8965110778808594,0.21224497258663177,0.5753689408302307,0.010787226259708405,1.835228681564331,0.021785221993923187,0.882407546043396,0.1968832165002823,1.5700000524520874,-1.8865159749984741,1.5700000524520874,-1.8727684020996094,7.059260368347168,1.5750657320022583,1.5700000524520874,-1.8820353746414185,1.5700000524520874,-1.8621293306350708,7.220849990844727,1.6737805604934692,0.09432732997218096,0.40833619415897005,-0.0025347079640045678,0.6957102678179226,0.023458611516154804,-0.05763583788993021
66,1.3199999999999938,0.1420598030090332,-0.013843760825693607,-0.05812153220176697,-0.4649936556816101,-0.34052321314811707,-1.0325210094451904,-0.403643935918808,0.0010539889335632324,-0.9149155616760254,0.0,0.0,0.0,0.27000001072883606,0.0,0.2561171054840088,-0.001152006327174604,0.6532968282699585,-0.030753374099731445,0.6705790758132935,-0.022699713706970215,4.18712043762207,-2.425128221511841,0.004211141262203455,-0.014817721210420132,0.001101575675420463,-0.05398710444569588,7.149238109588623,1.742010474205017,0.5753689408302307,0.010787226259708405,1.835228681564331,0.021785221993923187,0.882407546043396,0.1968832165002823,0.5577970743179321,0.012034118175506592,1.8246750831604004,0.011302746832370758,0.8686927556991577,0.19179482758045197,1.5700000524520874,-1.8849573135375977,1.5700000524520874,-1.8858715295791626,6.949542045593262,1.5343586206436157,1.5700000524520874,-1.88477623462677,1.5700000524520874,-1.8719336986541748,7.172088623046875,1.6979597806930542,0.23791831156847998,0.5791135026197622,-0.011179322952649784,0.6600826930618062,0.033117675260566415,-0.016215991927109208
67,1.3399999999999934,0.14031897485256195,-0.01514964085072279,-0.06440027058124542,-0.48156169056892395,-0.2888663709163666,-1.0750598907470703,-0.40928247570991516,0.0007923737866804004,-0.912407398223877,0.0,0.0,0.0,0.27000001072883606,0.0,0.2560724914073944,-0.0008684427593834698,0.6532906293869019,-0.031429409980773926,0.6705882549285889,-0.024083971977233887,4.328068733215332,-2.392976760864258,-0.037498995661735535,-0.12724366784095764,0.0019808891229331493,-0.02313525788486004,7.025040149688721,1.6009012460708618,0.5577970743179321,0.012034118175506592,1.8246750831604004,0.011302746832370758,0.8686927556991577,0.19179482758045197,0.553864061832428,0.009246036410331726,1.8275699615478516,0.007979996502399445,0.8537712693214417,0.17094750702381134,1.5700000524520874,-1.8884423971176147,1.5700000524520874,-1.890025019645691,6.830170154571533,1.3675800561904907,1.5700000524520874,-1.8865159749984741,1.5700000524520874,-1.8727684020996094,7.059260368347168,1.5750657320022583,0.1895744417990155,0.4913810496672468,-0.006479419999369185,0.75298448709691,0.008955731317209725,0.00613179379579476
68,1.359999999999993,0.13752344250679016,-0.01835627108812332,-0.06691660732030869,-0.4798125624656677,-0.2816728353500366,-1.1014982461929321,-0.41456034779548645,0.0006168702966533601,-0.9100216031074524,0.0,0.0,0.0,0.27000001072883606,0.0,0.25602486729621887,-0.0006778632523491979,0.6533534526824951,-0.03182077407836914,0.6705926656723022,-0.02614426612854004,4.466778755187988,-2.361442804336548,0.023377807810902596,0.00275049963966012,-0.0014866000274196267,-0.11459918320178986,6.931498050689697,1.5787352323532104,0.553864061832428,0.009246036410331726,1.8275699615478516,0.007979996502399445,0.8537712693214417,0.17094750702381134,0.5484486222267151,0.009117938578128815,1.8381233215332031,0.006244324147701263,0.8271358013153076,0.14498381316661835,1.5700000524520874,-1.8886024951934814,1.5700000524520874,-1.8921946287155151,6.617086410522461,1.1598705053329468,1.5700000524520874,-1.8849573135375977,1.5700000524520874,-1.8858715295791626,6.949542045593262,1.5343586206436157,0.14792088324855257,0.48848477670326673,-0.005648588548135436,0.6100375776196962,0.04159165857573299,-0.09381135285532194
69,1.3799999999999926,0.13480979204177856,-0.02303163707256317,-0.07079174369573593,-0.48050159215927124,-0.22946897149085999,-1.1268898248672485,-0.41904717683792114,0.0003400779387447983,-0.9079644083976746,0.0,0.0,0.0,0.27000001072883606,0.0,0.2559005320072174,-0.00037454982521012425,0.6526874303817749,-0.033835768699645996,0.670628547668457,-0.027767062187194824,4.603022575378418,-2.3332886695861816,-0.06511295586824417,-0.16828109323978424,0.00259108142927289,-0.07008406519889832,6.808023929595947,1.3736865520477295,0.5484486222267151,0.009117938578128815,1.8381233215332031,0.006244324147701263,0.8271358013153076,0.14498381316661835,0.5520218014717102,0.003298342227935791,1.8426270484924316,-0.0014850273728370667,0.8056644201278687,0.11909689009189606,1.5700000524520874,-1.8958770036697388,1.5700000524520874,-1.9018563032150269,6.445315361022949,0.9527751207351685,1.5700000524520874,-1.8884423971176147,1.5700000524520874,-1.890025019645691,6.830170154571533,1.3675800561904907,0.16312804356778798,0.4865642732157589,-0.006388882898246351,0.5952158977102329,0.050927788474840696,-0.11528935758008174
70,1.3999999999999921,0.13381174206733704,-0.017201393842697144,-0.06960683315992355,-0.4850410223007202,-0.19633479416370392,-1.0875099897384644,-0.4228465259075165,0.00029151138733141124,-0.9062012434005737,0.0,0.0,0.0,0.27000001072883606,0.0,0.2557961046695709,-0.000321685045491904,0.6521333456039429,-0.0350261926651001,0.6706554889678955,-0.029678821563720703,4.7349653244018555,-2.308882474899292,-0.04508819431066513,-0.13152366876602173,0.0008872998878359795,-0.05804930999875069,6.576160430908203,1.205582857131958,0.5520218014717102,0.003298342227935791,1.8426270484924316,-0.0014850273728370667,0.8056644201278687,0.11909689009189606,0.5539160966873169,0.005430184304714203,1.8491013050079346,-0.006101109087467194,0.7789259552955627,0.08879120647907257,1.5700000524520874,-1.8932121992111206,1.5700000524520874,-1.9076263904571533,6.231407642364502,0.7103296518325806,1.5700000524520874,-1.8886024951934814,1.5700000524520874,-1.8921946287155151,6.617086410522461,1.1598705053329468,0.18016510483696102,0.49237700240342264,-0.006176885194772552,0.5989696564996123,0.052111768279376136,-0.11806437621292432
71,1.4199999999999917,0.12291504442691803,-0.00388355297036469,-0.08232644945383072,-0.4157550632953644,-0.14739763736724854,-0.843618631362915,-0.42625173926353455,0.0008139059063978493,-0.9046041965484619,0.0,0.0,0.0,0.27000001072883606,0.0,0.25539374351501465,-0.0008997368277050555,0.650456428527832,-0.03880047798156738,0.6707228422164917,-0.030222177505493164,4.863411903381348,-2.28879976272583,-0.16122180223464966,-0.3156684339046478,0.008860375732183456,-0.05133097246289253,6.392251968383789,1.026126503944397,0.5539160966873169,0.005430184304714203,1.8491013050079346,-0.006101109087467194,0.7789259552955627,0.08879120647907257,0.551051914691925,0.001064583659172058,1.8283298015594482,-0.02311297506093979,0.7530736327171326,0.06953844428062439,1.5700000524520874,-1.8986692428588867,1.5700000524520874,-1.9288911819458008,6.0245890617370605,0.5563075542449951,1.5700000524520874,-1.8958770036697388,1.5700000524520874,-1.9018563032150269,6.445315361022949,0.9527751207351685,0.42794634592674363,1.0173247975456086,-0.01682659312202084,0.3705846017768266,0.051976167640118476,-0.11659416587991611
72,1.4399999999999913,0.1306760013103485,0.004634213168174028,-0.058938730508089066,-0.4659430980682373,-0.1292714774608612,-0.8447723388671875,-0.4285127818584442,0.0021265686955302954,-0.9035332202911377,0.0,0.0,0.0,0.27000001072883606,0.0,0.2553510367870331,-0.002353609772399068,0.6477967500686646,-0.0428624153137207,0.6708494424819946,-0.031229734420776367,4.986930847167969,-2.2725565433502197,-0.07868198305368423,-0.10344777256250381,0.0010863645002245903,-0.10357872396707535,6.1768364906311035,0.791198194026947,0.551051914691925,0.001064583659172058,1.8283298015594482,-0.02311297506093979,0.7530736327171326,0.06953844428062439,0.5567601919174194,0.0037791430950164795,1.8443199396133423,-0.02305995672941208,0.7209160923957825,0.030900731682777405,1.5700000524520874,-1.8952760696411133,1.5700000524520874,-1.9288249015808105,5.76732873916626,0.24720585346221924,1.5700000524520874,-1.8932121992111206,1.5700000524520874,-1.9076263904571533,6.231407642364502,0.7103296518325806,0.44647286895187044,0.7934411102866008,-0.01795535468848186,0.3778046984477079,0.13281299574193284,-0.19491956841357094
73,1.4599999999999909,0.12222972512245178,-0.02045612782239914,-0.07799654453992844,-0.4976179301738739,-0.01286979578435421,-1.1621301174163818,-0.42973747849464417,0.002102307742461562,-0.9029514193534851,0.0,0.0,0.0,0.27000001072883606,0.0,0.2551672160625458,-0.0023282580077648163,0.6480840444564819,-0.044165611267089844,0.6707454919815063,-0.0349200963973999,5.106936931610107,-2.2596371173858643,0.03944084793329239,-0.041971608996391296,-0.007455373182892799,-0.24937321245670319,5.9991888999938965,0.615436315536499,0.5567601919174194,0.0037791430950164795,1.8443199396133423,-0.02305995672941208,0.7209160923957825,0.030900731682777405,0.5739509463310242,0.006125099956989288,1.8803142309188843,-0.008978612720966339,0.6855505704879761,-0.01805076003074646,1.5700000524520874,-1.8923436403274536,1.5700000524520874,-1.911223292350769,5.484404563903809,-0.14440608024597168,1.5700000524520874,-1.8986692428588867,1.5700000524520874,-1.9288911819458008,6.0245890617370605,0.5563075542449951,0.16907230150430586,0.5733972899110356,0.005261357243162124,0.4680087509937998,0.060250036103488114,-0.14723376477626382
74,1.4799999999999904,0.12145990133285522,-0.027396593242883682,-0.07448921352624893,-0.49449560046195984,0.03049055114388466,-1.2153749465942383,-0.4292428493499756,0.0006907045608386397,-0.9031888246536255,0.0,0.0,0.0,0.27000001072883606,0.0,0.2548503577709198,-0.0007647397578693926,0.6481062173843384,-0.04517543315887451,0.6706786155700684,-0.03969013690948486,5.221978187561035,-2.253413438796997,0.039293769747018814,0.009817909449338913,-0.004626401700079441,-0.2523839473724365,5.747198581695557,0.30280300974845886,0.5739509463310242,0.006125099956989288,1.8803142309188843,-0.008978612720966339,0.6855505704879761,-0.01805076003074646,0.58929443359375,0.006717607378959656,1.8971487283706665,-0.011093147099018097,0.6512259840965271,-0.057671673595905304,1.5700000524520874,-1.8916029930114746,1.5700000524520874,-1.913866400718689,5.209807872772217,-0.46137338876724243,1.5700000524520874,-1.8952760696411133,1.5700000524520874,-1.9288249015808105,5.76732873916626,0.24720585346221924,0.18341398264134412,0.5228122538422255,5.0626071226744784e-05,0.5841782113859217,0.05022307182839825,-0.12352090604762811
75,1.49999999999999,0.10967548936605453,-0.01496549416333437,-0.09318138659000397,-0.5138559341430664,-0.11054098606109619,-1.0541245937347412,-0.4290461242198944,0.00033380536478944123,-0.9032825231552124,0.0,0.0,0.0,0.27000001072883606,0.0,0.25452905893325806,-0.00036954699316993356,0.6471728086471558,-0.04694044589996338,0.670688271522522,-0.04060769081115723,5.331361293792725,-2.2554104328155518,-0.09837071597576141,-0.17548055946826935,0.004181563854217529,-0.06743316352367401,5.469213008880615,-0.07736113667488098,0.58929443359375,0.006717607378959656,1.8971487283706665,-0.011093147099018097,0.6512259840965271,-0.057671673595905304,0.6041094660758972,-0.004909835755825043,1.8995403051376343,-0.03777105361223221,0.6255517601966858,-0.08523501455783844,1.5700000524520874,-1.906137228012085,1.5700000524520874,-1.9472137689590454,5.004414081573486,-0.6818801164627075,1.5700000524520874,-1.8923436403274536,1.5700000524520874,-1.911223292350769,5.484404563903809,-0.14440608024597168,0.1514638214783588,0.3128994786629491,0.004993951999919588,0.08712809102207686,0.08467984089303293,-0.006058599084660388
76,1.5199999999999896,0.12242711335420609,0.0015709764556959271,-0.05418466404080391,-0.46285536885261536,0.09311524033546448,-0.8058238625526428,-0.42750805616378784,0.001459681079722941,-0.9040103554725647,0.0,0.0,0.0,0.27000001072883606,0.0,0.2543366551399231,-0.0016146715497598052,0.6442055702209473,-0.051647067070007324,0.6708623170852661,-0.04083573818206787,5.434517860412598,-2.2625198364257812,-0.14532916247844696,-0.22266626358032227,0.006195220164954662,0.02608259953558445,5.132458209991455,-0.36937373876571655,0.6041094660758972,-0.004909835755825043,1.8995403051376343,-0.03777105361223221,0.6255517601966858,-0.08523501455783844,0.6050055623054504,0.007694065570831299,1.8763530254364014,-0.03253918141126633,0.6034061312675476,-0.10165856033563614,1.5700000524520874,-1.8903824090957642,1.5700000524520874,-1.9406739473342896,4.827249050140381,-0.8132684826850891,1.5700000524520874,-1.8916029930114746,1.5700000524520874,-1.913866400718689,5.209807872772217,-0.46137338876724243,0.5546044085986086,1.0654336044883053,-0.02488599762528132,0.26263318945770564,0.14622165452315095,-0.1844124316757343
77,1.5399999999999892,0.11451078206300735,-0.018986377865076065,-0.0728832557797432,-0.49745404720306396,0.22338512539863586,-1.1532412767410278,-0.42471015453338623,0.0018093587132170796,-0.905327558517456,0.0,0.0,0.0,0.27000001072883606,0.0,0.2542443573474884,-0.0019985653925687075,0.6438138484954834,-0.053382039070129395,0.670825719833374,-0.044321537017822266,5.53381872177124,-2.273818016052246,0.031231967732310295,-0.05479168891906738,-0.00639074482023716,-0.24142871797084808,4.96768045425415,-0.6007662415504456,0.6050055623054504,0.007694065570831299,1.8763530254364014,-0.03253918141126633,0.6034061312675476,-0.10165856033563614,0.6290367245674133,0.011742614209651947,1.9058700799942017,-0.013054825365543365,0.5733613967895508,-0.14315184950828552,1.5700000524520874,-1.8853217363357544,1.5700000524520874,-1.9163185358047485,4.586891174316406,-1.1452147960662842,1.5700000524520874,-1.906137228012085,1.5700000524520874,-1.9472137689590454,5.004414081573486,-0.6818801164627075,0.25009589620300154,0.6164865380781919,-0.00043786388123479014,0.3434012919259821,0.08772211464311752,-0.20503821598255612
78,1.5599999999999887,0.11210480332374573,-0.03148918226361275,-0.06819131225347519,-0.48719677329063416,0.2391698658466339,-1.2589114904403687,-0.4202333688735962,7.0319147198461e-05,-0.907416045665741,0.0,0.0,0.0,0.27000001072883606,0.0,0.2539049983024597,-7.74938307586126e-05,0.6436144113540649,-0.05441689491271973,0.6707413196563721,-0.04898381233215332,5.629782676696777,-2.289151906967163,-0.045218419283628464,-0.10972031205892563,-0.0021915980614721775,-0.22176454961299896,4.791705131530762,-0.802734375,0.6290367245674133,0.011742614209651947,1.9058700799942017,-0.013054825365543365,0.5733613967895508,-0.14315184950828552,0.6439944505691528,0.009889110922813416,1.920409917831421,-0.013815797865390778,0.5559965372085571,-0.16309741139411926,1.5700000524520874,-1.8876385688781738,1.5700000524520874,-1.9172697067260742,4.447972297668457,-1.304779291152954,1.5700000524520874,-1.8903824090957642,1.5700000524520874,-1.9406739473342896,4.827249050140381,-0.8132684826850891,0.26277015469533715,0.5772803526022372,0.0016823056725669971,0.6991626783536518,0.04012274722238729,-0.042818391167289915
79,1.5799999999999883,0.10859803110361099,-0.009124329313635826,-0.06291075050830841,-0.4558683931827545,0.2134276181459427,-0.9129942655563354,-0.4173497259616852,3.139773616567254e-05,-0.9087459444999695,0.0,0.0,0.0,0.27000001072883606,0.0,0.2534793019294739,-3.455061960266903e-05,0.6423115730285645,-0.05597984790802002,0.6707829236984253,-0.04929161071777344,5.720914363861084,-2.3107588291168213,-0.13501156866550446,-0.2034512460231781,0.00819559209048748,-0.014963097870349884,4.520629405975342,-1.0642526149749756,0.6439944505691528,0.009889110922813416,1.920409917831421,-0.013815797865390778,0.5559965372085571,-0.16309741139411926,0.6431641578674316,0.012823492288589478,1.8982720375061035,-0.02841896563768387,0.541705310344696,-0.16784124076366425,1.5700000524520874,-1.8839706182479858,1.5700000524520874,-1.9355236291885376,4.333642482757568,-1.342729926109314,1.5700000524520874,-1.8853217363357544,1.5700000524520874,-1.9163185358047485,4.586891174316406,-1.1452147960662842,0.514735211228782,1.0889367269141168,-0.021598812017257885,0.44699621232400233,0.08631007692505044,-0.1520428354305845
80,1.5999999999999879,0.11380919069051743,-0.0024698851630091667,-0.03843292221426964,-0.4678109288215637,0.17123942077159882,-0.870590090751648,-0.4139368236064911,0.0012015521060675383,-0.9103047847747803,0.0,0.0,0.0,0.27000001072883606,0.0,0.2536481022834778,-0.0013199440436437726,0.640222430229187,-0.05859208106994629,0.6708791255950928,-0.048360466957092285,5.808521270751953,-2.3347012996673584,-0.04274435341358185,-0.013131312094628811,0.0005449045565910637,0.038130395114421844,4.3801164627075195,-1.1789875030517578,0.6431641578674316,0.012823492288589478,1.8982720375061035,-0.02841896563768387,0.541705310344696,-0.16784124076366425,0.6473942995071411,0.015590235590934753,1.9003353118896484,-0.029735393822193146,0.5228225588798523,-0.18453730642795563,1.5700000524520874,-1.8805122375488281,1.5700000524520874,-1.9371691942214966,4.182580471038818,-1.476298451423645,1.5700000524520874,-1.8876385688781738,1.5700000524520874,-1.9172697067260742,4.447972297668457,-1.304779291152954,0.5324712152540876,1.022495954662432,-0.01761224572148734,0.18360897942395127,0.15513091990111327,-0.18416170644552787
81,1.6199999999999875,0.10268454998731613,-0.022748079150915146,-0.05586843937635422,-0.4279111623764038,0.2474433183670044,-1.0275944471359253,-0.4104635715484619,0.0001017617541947402,-0.9118769764900208,0.0,0.0,0.0,0.27000001072883606,0.0,0.2534644901752472,-0.0001115959239541553,0.6399449110031128,-0.05777895450592041,0.6708123683929443,-0.0505141019821167,5.89447546005249,-2.360243558883667,-0.07621197402477264,0.1926703006029129,0.0008313259459100664,-0.20923776924610138,4.279794692993164,-1.2573596239089966,0.6473942995071411,0.015590235590934753,1.9003353118896484,-0.029735393822193146,0.5228225588798523,-0.18453730642795563,0.6537137031555176,0.01621517539024353,1.9100606441497803,-0.0197894349694252,0.5004630088806152,-0.2060021311044693,1.5700000524520874,-1.8797310590744019,1.5700000524520874,-1.924736738204956,4.003704071044922,-1.6480170488357544,1.5700000524520874,-1.8839706182479858,1.5700000524520874,-1.9355236291885376,4.333642482757568,-1.342729926109314,0.47328387626243185,0.9310985261078493,-0.008355725584875628,0.4408336146755012,0.11108236930243542,-0.13036001950001497
82,1.639999999999987,0.10278204828500748,-0.0167413167655468,-0.04883747547864914,-0.44731155037879944,0.27013280987739563,-1.0291606187820435,-0.4056420624256134,0.0010051847202703357,-0.914031445980072,0.0,0.0,0.0,0.27000001072883606,0.0,0.253292053937912,-0.0010997261852025986,0.6384996175765991,-0.060416579246520996,0.6708502769470215,-0.051277875900268555,5.976845741271973,-2.3878633975982666,-0.07044791430234909,-0.1415325552225113,0.0011960071278735995,0.001071717357262969,4.097424507141113,-1.375990390777588,0.6537137031555176,0.01621517539024353,1.9100606441497803,-0.0197894349694252,0.5004630088806152,-0.2060021311044693,0.6656497716903687,0.01904349774122238,1.9131790399551392,-0.02191566675901413,0.5019950866699219,-0.2073083221912384,1.5700000524520874,-1.8761955499649048,1.5700000524520874,-1.9273945093154907,4.015960693359375,-1.6584665775299072,1.5700000524520874,-1.8805122375488281,1.5700000524520874,-1.9371691942214966,4.182580471038818,-1.476298451423645,0.45821825073524813,1.1100257081543248,-0.01193753665286934,0.14105947789827766,0.16287470690795836,-0.20142343773151117
83,1.6599999999999866,0.09957163035869598,-0.01845017448067665,-0.05253582075238228,-0.5135194063186646,0.27912551164627075,-1.1397947072982788,-0.40075379610061646,0.0007189084426499903,-0.9161854982376099,0.0,0.0,0.0,0.27000001072883606,0.0,0.2532248795032501,-0.0007846754742786288,0.6377098560333252,-0.06040990352630615,0.6708383560180664,-0.05191922187805176,6.055881977081299,-2.4191195964813232,-0.023894280195236206,-0.08762308955192566,-0.001681868452578783,-0.0075239152647554874,3.946108341217041,-1.5756642818450928,0.6656497716903687,0.01904349774122238,1.9131790399551392,-0.02191566675901413,0.5019950866699219,-0.2073083221912384,0.6845073103904724,0.020392388105392456,1.9299486875534058,-0.016311250627040863,0.4912218153476715,-0.21939748525619507,1.5700000524520874,-1.8745094537734985,1.5700000524520874,-1.9203890562057495,3.929774522781372,-1.7551798820495605,1.5700000524520874,-1.8797310590744019,1.5700000524520874,-1.924736738204956,4.003704071044922,-1.6480170488357544,0.36905818619722375,0.8497698057662078,-0.005963068282955675,0.355013853280699,0.09129094221698075,-0.14170791220462897
84,1.6799999999999862,0.08602392673492432,-0.030481578782200813,-0.07115074247121811,-0.4653262197971344,0.08038012683391571,-1.2274926900863647,-0.3967682123184204,-0.0001849130931077525,-0.9179188013076782,0.0,0.0,0.0,0.27000001072883606,0.0,0.2530762255191803,0.0002014482015511021,0.6373220682144165,-0.06027698516845703,0.6707844734191895,-0.05202078819274902,6.13516092300415,-2.4513051509857178,-0.05026966705918312,-0.04735274985432625,-0.000453181128250435,-0.07719212770462036,3.99324893951416,-1.5970209836959839,0.6845073103904724,0.020392388105392456,1.9299486875534058,-0.016311250627040863,0.4912218153476715,-0.21939748525619507,0.6912370324134827,0.006017580628395081,1.9522734880447388,-0.029065050184726715,0.4790278971195221,-0.22570335865020752,1.5700000524520874,-1.8924779891967773,1.5700000524520874,-1.9363312721252441,3.8322231769561768,-1.8056268692016602,1.5700000524520874,-1.8761955499649048,1.5700000524520874,-1.9273945093154907,4.015960693359375,-1.6584665775299072,0.18670816623903974,0.36314982070075885,0.009336929074697409,0.03976242968328947,0.10696300653111734,-0.021026272758798203
85,1.6999999999999857,0.09798037260770798,-0.012670681811869144,-0.02988368831574917,-0.4442906975746155,0.20270483195781708,-0.9590129852294922,-0.3926703631877899,-3.727474177139811e-05,-0.9196792840957642,0.0,0.0,0.0,0.27000001072883606,0.0,0.25302794575691223,4.053015436511487e-05,0.6354901790618896,-0.06223464012145996,0.6708658933639526,-0.05211305618286133,6.212458610534668,-2.4848151206970215,-0.0875302106142044,-0.0800405815243721,0.003356803208589554,0.04296031594276428,3.851041316986084,-1.6745470762252808,0.6912370324134827,0.006017580628395081,1.9522734880447388,-0.029065050184726715,0.4790278971195221,-0.22570335865020752,0.6887611746788025,0.018532350659370422,1.9326951503753662,-0.026760928332805634,0.47420284152030945,-0.22134976089000702,1.5700000524520874,-1.876834511756897,1.5700000524520874,-1.9334511756896973,3.7936227321624756,-1.7707980871200562,1.5700000524520874,-1.8745094537734985,1.5700000524520874,-1.9203890562057495,3.929774522781372,-1.7551798820495605,0.5287351342757702,1.0645639681838688,-0.017087840847750613,0.28562199248655773,0.15290374842930188,-0.1558160648852347
86,1.7199999999999853,0.08592233061790466,-0.013388586230576038,-0.05260211601853371,-0.4023073613643646,0.24215170741081238,-0.9487177729606628,-0.3891889750957489,0.000763098883908242,-0.9211575984954834,0.0,0.0,0.0,0.27000001072883606,0.0,0.25290316343307495,-0.0008284127688966691,0.6349729299545288,-0.06376850605010986,0.670844554901123,-0.05229687690734863,6.288171768188477,-2.519469738006592,-0.09322723746299744,-0.19485490024089813,0.0026232802774757147,-0.047853853553533554,3.7603046894073486,-1.7128304243087769,0.6887611746788025,0.018532350659370422,1.9326951503753662,-0.026760928332805634,0.47420284152030945,-0.22134976089000702,0.6915951371192932,0.018788471817970276,1.927769422531128,-0.025360263884067535,0.47426947951316833,-0.22037817537784576,1.5700000524520874,-1.8765144348144531,1.5700000524520874,-1.931700348854065,3.7941558361053467,-1.7630254030227661,1.5700000524520874,-1.8924779891967773,1.5700000524520874,-1.9363312721252441,3.8322231769561768,-1.8056268692016602,0.4557246792276022,1.0625068310524242,-0.006777415480877735,0.21993408414081372,0.09385331237066286,-0.17228715024499452
87,1.739999999999985,0.09058461338281631,-0.022560689598321915,-0.036354076117277145,-0.42702534794807434,0.22462768852710724,-1.0933783054351807,-0.3848324120044708,0.0008532748324796557,-0.9229860901832581,0.0,0.0,0.0,0.27000001072883606,0.0,0.252930223941803,-0.0009244717657566071,0.6344234943389893,-0.06342017650604248,0.6708333492279053,-0.05208086967468262,6.362597465515137,-2.5532987117767334,0.09582369029521942,0.28427407145500183,-0.009195324964821339,0.09395338594913483,3.7465076446533203,-1.7484418153762817,0.6915951371192932,0.018788471817970276,1.927769422531128,-0.025360263884067535,0.47426947951316833,-0.22037817537784576,0.6955132484436035,0.02873954176902771,1.9331897497177124,-0.013678349554538727,0.45159557461738586,-0.23701348900794983,1.5700000524520874,-1.8640755414962769,1.5700000524520874,-1.9170979261398315,3.612764596939087,-1.8961079120635986,1.5700000524520874,-1.876834511756897,1.5700000524520874,-1.9334511756896973,3.7936227321624756,-1.7707980871200562,0.3808409843997467,0.8062172445649445,-0.008660739432798437,0.22234910241690642,0.1453985238805,-0.24247401026482462
88,1.7599999999999845,0.08598711341619492,-0.012023605406284332,-0.03602750599384308,-0.4086235463619232,0.24348267912864685,-0.9409101009368896,-0.38086605072021484,0.0007015072624199092,-0.9246299266815186,0.0,0.0,0.0,0.27000001072883606,0.0,0.25255540013313293,-0.0007586895953863859,0.6328668594360352,-0.06572115421295166,0.6708759069442749,-0.053253769874572754,6.437137126922607,-2.5870766639709473,-0.09123529493808746,-0.12423941493034363,0.0036549214273691177,-0.016049696132540703,3.70522403717041,-1.6811543703079224,0.6955132484436035,0.02873954176902771,1.9331897497177124,-0.013678349554538727,0.45159557461738586,-0.23701348900794983,0.6932116746902466,0.023697756230831146,1.9304043054580688,-0.022944487631320953,0.4676642119884491,-0.2214614599943161,1.5700000524520874,-1.870377779006958,1.5700000524520874,-1.9286805391311646,3.7413136959075928,-1.7716916799545288,1.5700000524520874,-1.8765144348144531,1.5700000524520874,-1.931700348854065,3.7941558361053467,-1.7630254030227661,0.5564961033750127,1.1764997637259889,-0.016188914678194166,0.31354732441585753,0.16556495588720388,-0.15481396480258924
89,1.779999999999984,0.09162105619907379,-0.022582635283470154,-0.024540981277823448,-0.4248538315296173,0.18562985956668854,-1.0970213413238525,-0.37733152508735657,0.0009592138812877238,-0.9260777831077576,0.0,0.0,0.0,0.27000001072883606,0.0,0.2528342008590698,-0.001035780762322247,0.6330026388168335,-0.06474792957305908,0.6708370447158813,-0.051226019859313965,6.508214473724365,-2.623396396636963,0.16318285465240479,0.14801816642284393,-0.011393270455300808,0.18784254789352417,3.584400177001953,-1.8789042234420776,0.6932116746902466,0.023697756230831146,1.9304043054580688,-0.022944487631320953,0.4676642119884491,-0.2214614599943161,0.7083901762962341,0.028726518154144287,1.9418742656707764,-0.01603645831346512,0.4486353099346161,-0.2359910011291504,1.5700000524520874,-1.8640918731689453,1.5700000524520874,-1.9200454950332642,3.5890824794769287,-1.8879280090332031,1.5700000524520874,-1.8640755414962769,1.5700000524520874,-1.9170979261398315,3.612764596939087,-1.8961079120635986,0.35784699091376027,0.7772871697895418,-0.005870012744646047,0.20147217880960255,0.13417678223565943,-0.22994317945569298
90,1.7999999999999836,0.08241194486618042,-0.020048435777425766,-0.03174249082803726,-0.4430924654006958,0.16260188817977905,-1.0859357118606567,-0.3742700219154358,-0.0004026101960334927,-0.9273197054862976,0.0,0.0,0.0,0.27000001072883606,0.0,0.25272804498672485,0.00043416544212959707,0.6320971250534058,-0.06401920318603516,0.670825719833374,-0.0530853271484375,6.581279277801514,-2.657564163208008,-0.0811423733830452,0.0011279317550361156,0.003027306403964758,-0.05376609414815903,3.6258962154388428,-1.690416932106018,0.7083901762962341,0.028726518154144287,1.9418742656707764,-0.01603645831346512,0.4486353099346161,-0.2359910011291504,0.7052567005157471,0.021141499280929565,1.955238699913025,-0.021572761237621307,0.4589307904243469,-0.2274838387966156,1.5700000524520874,-1.8735730648040771,1.5700000524520874,-1.9269659519195557,3.6714463233947754,-1.8198707103729248,1.5700000524520874,-1.870377779006958,1.5700000524520874,-1.9286805391311646,3.7413136959075928,-1.7716916799545288,0.5547590140953922,0.9246949520500927,-0.012353109954942099,0.41244736811967897,0.23665949890208626,-0.14715177211198371
91,1.8199999999999832,0.07618743181228638,-0.011333719827234745,-0.04782259836792946,-0.4494830369949341,0.13720403611660004,-1.0528322458267212,-0.3726944029331207,0.0002738811890594661,-0.9279540777206421,0.0,0.0,0.0,0.27000001072883606,0.0,0.2526041865348816,-0.00029514520429074764,0.6322801113128662,-0.06284570693969727,0.6708076000213623,-0.05221080780029297,6.652441501617432,-2.6941099166870117,-0.03611883521080017,-0.07406403869390488,0.0021757232025265694,0.0014829249121248722,3.547029495239258,-1.8157752752304077,0.7052567005157471,0.021141499280929565,1.955238699913025,-0.021572761237621307,0.4589307904243469,-0.2274838387966156,0.7119273543357849,0.0201701819896698,1.9593684673309326,-0.023191608488559723,0.45463353395462036,-0.22490093111991882,1.5700000524520874,-1.8747872114181519,1.5700000524520874,-1.9289895296096802,3.637068271636963,-1.7992074489593506,1.5700000524520874,-1.8640918731689453,1.5700000524520874,-1.9200454950332642,3.5890824794769287,-1.8879280090332031,0.3673407173445611,0.9732972535632882,-0.006117843114612498,0.31258989529151293,0.015331562946395927,-0.13982486507386804
92,1.8399999999999828,0.08425208926200867,-0.011256922967731953,-0.020563019439578056,-0.40453872084617615,0.16164489090442657,-0.966006338596344,-0.36943817138671875,0.0007090058643370867,-0.9292550683021545,0.0,0.0,0.0,0.27000001072883606,0.0,0.2527259290218353,-0.0007629828760400414,0.6319323778152466,-0.0647052526473999,0.6708183288574219,-0.05098533630371094,6.724395751953125,-2.7293591499328613,0.09376081824302673,-0.08597305417060852,-0.006490183062851429,0.1990770399570465,3.6115684509277344,-1.8095016479492188,0.7119273543357849,0.0201701819896698,1.9593684673309326,-0.023191608488559723,0.45463353395462036,-0.22490093111991882,0.7121395468711853,0.028301775455474854,1.948553204536438,-0.021059609949588776,0.45495811104774475,-0.21692854166030884,1.5700000524520874,-1.864622712135315,1.5700000524520874,-1.926324486732483,3.639664888381958,-1.7354283332824707,1.5700000524520874,-1.8735730648040771,1.5700000524520874,-1.9269659519195557,3.6714463233947754,-1.8198707103729248,0.4933635385516766,1.066287618467065,-0.013675955258872108,0.19030500530134375,0.1599949398245295,-0.1578231886234489
93,1.8599999999999823,0.07756409049034119,-0.008945824578404427,-0.037148747593164444,-0.44733113050460815,0.1958398073911667,-0.9892750978469849,-0.36717748641967773,0.0005396574852056801,-0.9301507472991943,0.0,0.0,0.0,0.27000001072883606,0.0,0.2526424825191498,-0.0005801827646791935,0.6311076879501343,-0.06431257724761963,0.6708478927612305,-0.051825523376464844,6.795917987823486,-2.7636666297912598,-0.04084213450551033,-0.08231400698423386,0.0022191195748746395,-0.025637365877628326,3.5690979957580566,-1.7317676544189453,0.7121395468711853,0.028301775455474854,1.948553204536438,-0.021059609949588776,0.45495811104774475,-0.21692854166030884,0.7115525007247925,0.02691936492919922,1.9542174339294434,-0.01810101419687271,0.4616667628288269,-0.21217171847820282,1.5700000524520874,-1.866350769996643,1.5700000524520874,-1.922626256942749,3.6933341026306152,-1.6973737478256226,1.5700000524520874,-1.8747872114181519,1.5700000524520874,-1.9289895296096802,3.637068271636963,-1.7992074489593506,0.4681132149007201,0.9075363088480586,-0.013519644078217041,0.3616655729581204,0.1079346274420967,-0.14124434786024676
94,1.879999999999982,0.07635186612606049,-0.03311547264456749,-0.031443819403648376,-0.32372772693634033,0.11933362483978271,-1.023550033569336,-0.3647887408733368,2.014653910009656e-05,-0.9310902953147888,0.0,0.0,0.0,0.27000001072883606,0.0,0.2526197135448456,-2.1637577447108924e-05,0.6310347318649292,-0.06392765045166016,0.6708207130432129,-0.050951600074768066,6.867281913757324,-2.7969937324523926,-0.05441860109567642,0.2816264033317566,0.0018411013297736645,-0.11719442158937454,3.5749785900115967,-1.634889006614685,0.7115525007247925,0.02691936492919922,1.9542174339294434,-0.01810101419687271,0.4616667628288269,-0.21217171847820282,0.7010806798934937,0.02456878125667572,1.9527560472488403,-0.018653608858585358,0.4481199085712433,-0.21523617208003998,1.5700000524520874,-1.8692890405654907,1.5700000524520874,-1.9233169555664062,3.5849592685699463,-1.7218893766403198,1.5700000524520874,-1.864622712135315,1.5700000524520874,-1.926324486732483,3.639664888381958,-1.7354283332824707,0.4603067567500041,1.113806501581525,-0.006607476061398998,0.1974856786971273,0.14250960323391215,-0.16488841326794423
95,1.8999999999999815,0.08032283931970596,-0.010829290375113487,-0.021016912534832954,-0.41159787774086,0.12913189828395844,-0.9659125804901123,-0.36203715205192566,0.0007364929188042879,-0.9321633577346802,0.0,0.0,0.0,0.27000001072883606,0.0,0.2526247203350067,-0.0007900897762738168,0.6303733587265015,-0.06451010704040527,0.6708530187606812,-0.050858378410339355,6.939663887023926,-2.829573392868042,-0.021277660503983498,-0.04536904767155647,0.0005608444917015731,0.08746997267007828,3.607543706893921,-1.6021313667297363,0.7010806798934937,0.02456878125667572,1.9527560472488403,-0.018653608858585358,0.4481199085712433,-0.21523617208003998,0.7037108540534973,0.028729602694511414,1.9543664455413818,-0.02001819759607315,0.46288666129112244,-0.20238474011421204,1.5700000524520874,-1.8640879392623901,1.5700000524520874,-1.9250227212905884,3.7030932903289795,-1.6190779209136963,1.5700000524520874,-1.866350769996643,1.5700000524520874,-1.922626256942749,3.6933341026306152,-1.6973737478256226,0.46445386398293387,1.0883100257688554,-0.011300432489422363,0.2457051370367438,0.1526740385987786,-0.12990970898444187
96,1.919999999999981,0.07507920265197754,-0.01675468310713768,-0.03873227909207344,-0.4157363176345825,0.1761804074048996,-1.0236064195632935,-0.36005592346191406,0.00036812934558838606,-0.9329306483268738,0.0,0.0,0.0,0.27000001072883606,0.0,0.2525234818458557,-0.00039459450636059046,0.630595326423645,-0.0637214183807373,0.670822262763977,-0.050604820251464844,7.010366439819336,-2.862814426422119,-0.02773778699338436,-0.05912642553448677,0.0018869033083319664,-0.0382918082177639,3.5221927165985107,-1.6629161834716797,0.7037108540534973,0.028729602694511414,1.9543664455413818,-0.02001819759607315,0.46288666129112244,-0.20238474011421204,0.7114198803901672,0.029432274401187897,1.960100531578064,-0.014505870640277863,0.4652656018733978,-0.1998763382434845,1.5700000524520874,-1.86320960521698,1.5700000524520874,-1.9181323051452637,3.7221248149871826,-1.599010705947876,1.5700000524520874,-1.8692890405654907,1.5700000524520874,-1.9233169555664062,3.5849592685699463,-1.7218893766403198,0.44374162811490336,0.9165859277375148,-0.010875797885780969,0.4216551964424049,0.09187145632795168,-0.12966540527038495
97,1.9399999999999806,0.07439465075731277,-0.030796412378549576,-0.030315926298499107,-0.3082195222377777,-0.04156041145324707,-1.0070698261260986,-0.3583359122276306,0.0003247357963118702,-0.933592677116394,0.0,0.0,0.0,0.27000001072883606,0.0,0.2526150643825531,-0.0003478345461189747,0.6309269666671753,-0.06415081024169922,0.6707860231399536,-0.04975402355194092,7.082970142364502,-2.894172191619873,0.02638690546154976,0.08320676535367966,-0.002615270670503378,-0.03539637476205826,3.6546854972839355,-1.5298092365264893,0.7114198803901672,0.029432274401187897,1.960100531578064,-0.014505870640277863,0.4652656018733978,-0.1998763382434845,0.7061142921447754,0.01867588609457016,1.9680700302124023,-0.027545876801013947,0.4575316607952118,-0.19692957401275635,1.5700000524520874,-1.876655101776123,1.5700000524520874,-1.9344322681427002,3.6602532863616943,-1.5754365921020508,1.5700000524520874,-1.8640879392623901,1.5700000524520874,-1.9250227212905884,3.7030932903289795,-1.6190779209136963,0.178303154093701,1.113180713518009,0.006393962225114791,-0.1513365779796949,0.1248088465939734,-0.012821270822982456
98,1.9599999999999802,0.0786658450961113,-0.01082568895071745,-0.025299211964011192,-0.41386428475379944,0.11957556754350662,-0.963178813457489,-0.35637807846069336,0.0005585873150266707,-0.9343416690826416,0.0,0.0,0.0,0.27000001072883606,0.0,0.25257614254951477,-0.0005978404660709202,0.6306856870651245,-0.06261610984802246,0.6708074808120728,-0.050272226333618164,7.1561760902404785,-2.924793243408203,-0.005729013122618198,-0.05172598734498024,0.0009351193439215422,0.08231614530086517,3.6403071880340576,-1.5138318538665771,0.7061142921447754,0.01867588609457016,1.9680700302124023,-0.027545876801013947,0.4575316607952118,-0.19692957401275635,0.706045389175415,0.03247710317373276,1.9616519212722778,-0.015766672790050507,0.47037073969841003,-0.1847720742225647,1.5700000524520874,-1.8594036102294922,1.5700000524520874,-1.9197083711624146,3.7629659175872803,-1.4781765937805176,1.5700000524520874,-1.86320960521698,1.5700000524520874,-1.9181323051452637,3.7221248149871826,-1.599010705947876,0.41617930827886696,1.0685293421839326,-0.010876537815144971,0.3245960642123151,0.1303137906003098,-0.10254277018889546
99,1.9799999999999798,0.0774402916431427,-0.03285188227891922,-0.027513140812516212,-0.3337125778198242,0.12968005239963531,-1.0225884914398193,-0.35469526052474976,-0.0004534743493422866,-0.9349818825721741,0.0,0.0,0.0,0.27000001072883606,0.0,0.25256046652793884,0.0004850086697842926,0.6308368444442749,-0.0627293586730957,0.6707984209060669,-0.05069565773010254,7.2281575202941895,-2.9550163745880127,-0.038511186838150024,0.24135375022888184,0.0031041456386446953,-0.16507792472839355,3.598283290863037,-1.4864550828933716,0.706045389175415,0.03247710317373276,1.9616519212722778,-0.015766672790050507,0.47037073969841003,-0.1847720742225647,0.7022534012794495,0.0312039852142334,1.9621716737747192,-0.011426068842411041,0.4625469148159027,-0.18814893066883087,1.5700000524520874,-1.8609950542449951,1.5700000524520874,-1.9142825603485107,3.7003753185272217,-1.505191445350647,1.5700000524520874,-1.876655101776123,1.5700000524520874,-1.9344322681427002,3.6602532863616943,-1.5754365921020508,0.4788439011028913,1.0041266946404903,-0.013426586814977881,0.3143395671318352,0.15138336301105948,-0.15858675091019903
100,1.9999999999999793,0.07483503222465515,-0.02923940308392048,-0.03244469687342644,-0.31997814774513245,-0.060161542147397995,-0.9963006377220154,-0.35337311029434204,-8.155206160154194e-05,-0.9354824423789978,0.0,0.0,0.0,0.27000001072883606,0.0,0.25252285599708557,8.717647142475471e-05,0.6313120126724243,-0.06312572956085205,0.6707680225372314,-0.04983067512512207,7.302096843719482,-2.9838452339172363,-0.008905197493731976,-0.03267000615596771,-0.0009973592823371291,0.04689843952655792,3.6962459087371826,-1.400334358215332,0.7022534012794495,0.0312039852142334,1.9621716737747192,-0.011426068842411041,0.4625469148159027,-0.18814893066883087,0.7007307410240173,0.021562784910202026,1.9690669775009155,-0.025977425277233124,0.47217708826065063,-0.17622925341129303,1.5700000524520874,-1.8730465173721313,1.5700000524520874,-1.932471752166748,3.777416706085205,-1.4098340272903442,1.5700000524520874,-1.8594036102294922,1.5700000524520874,-1.9197083711624146,3.7629659175872803,-1.4781765937805176,0.14422513599602738,1.1454835830767927,0.007450176736837122,-0.11623661965109733,0.11152615130906618,0.005693859032190218
101,2.019999999999979,0.08049636334180832,-0.010462874546647072,-0.027537452057003975,-0.43703919649124146,0.09186075627803802,-0.9940301179885864,-0.3522566556930542,5.3492331062443554e-05,-0.9359034299850464,0.0,0.0,0.0,0.27000001072883606,0.0,0.2526035010814667,-5.71558230149094e-05,0.6316115856170654,-0.061463236808776855,0.6707693338394165,-0.048996806144714355,7.3750224113464355,-3.012824773788452,0.13330693542957306,-0.04894275218248367,-0.007227058056741953,0.22028011083602905,3.6574392318725586,-1.511145830154419,0.7007307410240173,0.021562784910202026,1.9690669775009155,-0.025977425277233124,0.47217708826065063,-0.17622925341129303,0.7104297876358032,0.038270048797130585,1.9675469398498535,-0.011672265827655792,0.47461366653442383,-0.1724914312362671,1.5700000524520874,-1.8521623611450195,1.5700000524520874,-1.9145903587341309,3.7969093322753906,-1.3799314498901367,1.5700000524520874,-1.8609950542449951,1.5700000524520874,-1.9142825603485107,3.7003753185272217,-1.505191445350647,0.3893774457946435,0.8790277292358759,-0.011997819875391613,0.3827343205582068,0.09445061582395198,-0.10798657914142229
102,2.0399999999999787,0.08070690929889679,-0.025413963943719864,-0.022931937128305435,-0.354591429233551,0.08858105540275574,-0.9879360198974609,-0.35129448771476746,-0.00048604345647618175,-0.9362648725509644,0.0,0.0,0.0,0.27000001072883606,0.0,0.25258880853652954,0.0005191302625462413,0.6309797763824463,-0.06274259090423584,0.6708064079284668,-0.04983079433441162,7.448845863342285,-3.039510488510132,-0.05729241669178009,-0.02021954581141472,0.0033181689213961363,-0.0519581101834774,3.658456802368164,-1.3253408670425415,0.7104297876358032,0.038270048797130585,1.9675469398498535,-0.011672265827655792,0.47461366653442383,-0.1724914312362671,0.7018731236457825,0.03163944184780121,1.9671190977096558,-0.014264322817325592,0.4840327203273773,-0.1614290475845337,1.5700000524520874,-1.8604506254196167,1.5700000524520874,-1.9178303480148315,3.8722617626190186,-1.2914323806762695,1.5700000524520874,-1.8730465173721313,1.5700000524520874,-1.932471752166748,3.777416706085205,-1.4098340272903442,0.4609958299824406,1.015801451270935,-0.014305459504555529,0.28821086184724365,0.15867041254949754,-0.1517232773142414
103,2.0599999999999783,0.07811171561479568,-0.02354421280324459,-0.032376375049352646,-0.36652809381484985,0.02196553535759449,-1.006904125213623,-0.35121360421180725,0.00011223782348679379,-0.9362953305244446,0.0,0.0,0.0,0.27000001072883606,0.0,0.2525169849395752,-0.00011987438483629376,0.6316661834716797,-0.06116807460784912,0.6707702875137329,-0.04892230033874512,7.523823261260986,-3.0661654472351074,-0.008521828800439835,-0.020403388887643814,0.0005525172455236316,0.020954249426722527,3.734614610671997,-1.3149349689483643,0.7018731236457825,0.03163944184780121,1.9671190977096558,-0.014264322817325592,0.4840327203273773,-0.1614290475845337,0.7013115286827087,0.029300466179847717,1.9720954895019531,-0.015864886343479156,0.48453789949417114,-0.1548401117324829,1.5700000524520874,-1.8633743524551392,1.5700000524520874,-1.9198310375213623,3.876303195953369,-1.2387208938598633,1.5700000524520874,-1.8521623611450195,1.5700000524520874,-1.9145903587341309,3.7969093322753906,-1.3799314498901367,0.3174752947992445,1.1523043300432683,-0.0026291801352726907,0.2555758064586797,0.0760378032511646,-0.11411425736680769
104,2.079999999999978,0.07908916473388672,-0.03851674497127533,-0.027904776856303215,-0.28994014859199524,-0.1237722709774971,-1.0185540914535522,-0.3513963222503662,-0.0004743070458061993,-0.9362266659736633,0.0,0.0,0.0,0.27000001072883606,0.0,0.2527124881744385,0.0005066155572421849,0.6319890022277832,-0.059812068939208984,0.6707504987716675,-0.047999024391174316,7.599941253662109,-3.090916156768799,-0.024563822895288467,0.3041740655899048,0.0002907456655520946,-0.05512499809265137,3.8178677558898926,-1.189294695854187,0.7013115286827087,0.029300466179847717,1.9720954895019531,-0.015864886343479156,0.48453789949417114,-0.1548401117324829,0.6909700632095337,0.022151276469230652,1.9769515991210938,-0.021960608661174774,0.47269365191459656,-0.15641993284225464,1.5700000524520874,-1.8723108768463135,1.5700000524520874,-1.9274507761001587,3.7815492153167725,-1.251359462738037,1.5700000524520874,-1.8604506254196167,1.5700000524520874,-1.9178303480148315,3.8722617626190186,-1.2914323806762695,0.14474341522649858,1.036113916977385,0.006305901383665713,-0.1221764747463503,0.11096137940677941,-0.005770842203236981
105,2.0999999999999774,0.0849018543958664,-0.01832282915711403,-0.020741058513522148,-0.3826918303966522,0.041739821434020996,-0.9754866361618042,-0.35071861743927,-0.0002530581259634346,-0.9364808797836304,0.0,0.0,0.0,0.27000001072883606,0.0,0.2527187168598175,0.0002702224301174283,0.631935715675354,-0.060022830963134766,0.6707850694656372,-0.048558950424194336,7.676306247711182,-3.1145846843719482,-0.00039751394069753587,-0.025940893217921257,0.0008303653448820114,0.013369138352572918,3.808441400527954,-1.1813123226165771,0.6909700632095337,0.022151276469230652,1.9769515991210938,-0.021960608661174774,0.47269365191459656,-0.15641993284225464,0.69576096534729,0.03344602882862091,1.9744017124176025,-0.014121286571025848,0.48818233609199524,-0.14582663774490356,1.5700000524520874,-1.8581924438476562,1.5700000524520874,-1.9176515340805054,3.905458688735962,-1.1666131019592285,1.5700000524520874,-1.8633743524551392,1.5700000524520874,-1.9198310375213623,3.876303195953369,-1.2387208938598633,0.38427756977808514,1.037187581803476,-0.010823109870324643,0.30577211970434703,0.12986059108879822,-0.10929036001287296
106,2.119999999999977,0.07885616272687912,-0.01601690985262394,-0.044311802834272385,-0.4686889052391052,0.04689181596040726,-1.0987107753753662,-0.35077035427093506,-0.0004609849420376122,-0.9364613890647888,0.0,0.0,0.0,0.27000001072883606,0.0,0.2526942491531372,0.0004922625957988203,0.6323798894882202,-0.059152960777282715,0.6707702875137329,-0.04898333549499512,7.7508931159973145,-3.138366937637329,0.017003953456878662,-0.006973377428948879,0.002279554260894656,-0.10260146856307983,3.7560830116271973,-1.1997305154800415,0.69576096534729,0.03344602882862091,1.9744017124176025,-0.014121286571025848,0.48818233609199524,-0.14582663774490356,0.7060327529907227,0.03231145441532135,1.991767406463623,-0.009951837360858917,0.49043530225753784,-0.1471039354801178,1.5700000524520874,-1.859610676765442,1.5700000524520874,-1.9124398231506348,3.9234824180603027,-1.1768314838409424,1.5700000524520874,-1.8723108768463135,1.5700000524520874,-1.9274507761001587,3.7815492153167725,-1.251359462738037,0.469278826167546,0.34860296329218343,-0.013666808806755526,0.4864253576638653,0.12232447165097149,-0.2030792213024899
107,2.1399999999999766,0.08391302078962326,-0.03220919892191887,-0.02839132398366928,-0.30821388959884644,0.000458473339676857,-0.9780557751655579,-0.35047391057014465,-0.00047278322745114565,-0.9365723729133606,0.0,0.0,0.0,0.27000001072883606,0.0,0.2526554465293884,0.0005048015154898167,0.6329748630523682,-0.060083985328674316,0.6707429885864258,-0.04798483848571777,7.827754974365234,-3.1609015464782715,-0.030980374664068222,-0.007818006910383701,0.002717233495786786,-0.00607294263318181,3.8331878185272217,-1.09149968624115,0.7060327529907227,0.03231145441532135,1.991767406463623,-0.009951837360858917,0.49043530225753784,-0.1471039354801178,0.693109393119812,0.030570268630981445,1.974419355392456,-0.015549100935459137,0.49353721737861633,-0.1310673952102661,1.5700000524520874,-1.8617870807647705,1.5700000524520874,-1.9194363355636597,3.9482977390289307,-1.048539161682129,1.5700000524520874,-1.8581924438476562,1.5700000524520874,-1.9176515340805054,3.905458688735962,-1.1666131019592285,0.36445606599859914,1.108080687497555,-0.00548978588052762,0.23536147440437816,0.12030273140041725,-0.1401098607939022
108,2.159999999999976,0.08590734004974365,-0.01235214527696371,-0.03187199681997299,-0.43075448274612427,-0.04284529387950897,-0.9995131492614746,-0.3504180610179901,-0.00024266414402518421,-0.9365933537483215,0.0,0.0,0.0,0.27000001072883606,0.0,0.25279465317726135,0.00025909231044352055,0.6340510845184326,-0.05837428569793701,0.6707025766372681,-0.04704165458679199,7.905285358428955,-3.1837809085845947,0.16708147525787354,-0.044175781309604645,-0.010590475052595139,0.21807268261909485,3.898466110229492,-1.1937824487686157,0.693109393119812,0.030570268630981445,1.974419355392456,-0.015549100935459137,0.49353721737861633,-0.1310673952102661,0.7012163400650024,0.03538130223751068,1.9829964637756348,-0.014261417090892792,0.49313125014305115,-0.13091440498828888,1.5700000524520874,-1.8557733297348022,1.5700000524520874,-1.917826771736145,3.945050001144409,-1.047315239906311,1.5700000524520874,-1.859610676765442,1.5700000524520874,-1.9124398231506348,3.9234824180603027,-1.1768314838409424,0.1426311012560415,0.8851546110957962,0.0010450103051127257,0.3163538328468718,0.05204908987355772,0.011414808209158522
109,2.1799999999999757,0.09011872857809067,-0.02687009796500206,-0.02096533216536045,-0.33554524183273315,0.018044615164399147,-0.9595980048179626,-0.3509327471256256,-0.0010764382313936949,-0.9364000558853149,0.0,0.0,0.0,0.27000001072883606,0.0,0.25282004475593567,0.001149549032561481,0.6334260702133179,-0.05863630771636963,0.670763373374939,-0.04741322994232178,7.982702732086182,-3.2033064365386963,-0.05906952545046806,0.032117415219545364,0.005068458616733551,-0.017939437180757523,3.835785388946533,-0.9672262668609619,0.7012163400650024,0.03538130223751068,1.9829964637756348,-0.014261417090892792,0.49313125014305115,-0.13091440498828888,0.6869610548019409,0.03483276069164276,1.972933292388916,-0.012888826429843903,0.5009207725524902,-0.12008682638406754,1.5700000524520874,-1.8564590215682983,1.5700000524520874,-1.9161109924316406,4.007366180419922,-0.9606946110725403,1.5700000524520874,-1.8617870807647705,1.5700000524520874,-1.9194363355636597,3.9482977390289307,-1.048539161682129,0.44295785052968917,0.979753555874705,-0.017581276403090484,0.3399006701182259,0.14868117262453762,-0.1482212597698913
110,2.1999999999999753,0.08302081376314163,-0.027339933440089226,-0.043390557169914246,-0.32312723994255066,-0.14191336929798126,-0.9766274094581604,-0.35203760862350464,-0.0003366192686371505,-0.935985803604126,0.0,0.0,0.0,0.27000001072883606,0.0,0.25279900431632996,0.0003596413880586624,0.6347917318344116,-0.05731320381164551,0.6706976890563965,-0.04666781425476074,8.060948371887207,-3.2235803604125977,0.012251156382262707,-0.04783565551042557,-0.0016839492600411177,0.02186206728219986,3.9019041061401367,-0.9726468324661255,0.6869610548019409,0.03483276069164276,1.972933292388916,-0.012888826429843903,0.5009207725524902,-0.12008682638406754,0.6889740824699402,0.023778654634952545,1.9821052551269531,-0.02290184050798416,0.5000574588775635,-0.11639036983251572,1.5700000524520874,-1.870276689529419,1.5700000524520874,-1.9286272525787354,4.000459671020508,-0.9311229586601257,1.5700000524520874,-1.8557733297348022,1.5700000524520874,-1.917826771736145,3.945050001144409,-1.047315239906311,-0.002820664858301569,1.120320102336219,0.014942033216222228,-0.10183783776169619,0.025224944523820625,0.03687041206768349
111,2.219999999999975,0.09480634331703186,-0.025365162640810013,-0.01721121557056904,-0.3451349139213562,-0.009498809464275837,-0.96345055103302,-0.35213086009025574,-0.0010034333681687713,-0.9359502196311951,0.0,0.0,0.0,0.27000001072883606,0.0,0.2529899477958679,0.0010721007129177451,0.6340339183807373,-0.057007670402526855,0.6707727909088135,-0.04675173759460449,8.13944149017334,-3.241415500640869,-0.049569021910429,0.0575544573366642,0.0035693077370524406,0.012096217833459377,3.8984596729278564,-0.8836988806724548,0.6889740824699402,0.023778654634952545,1.9821052551269531,-0.02290184050798416,0.5000574588775635,-0.11639036983251572,0.6821314096450806,0.03527964651584625,1.9760494232177734,-0.012500382959842682,0.5028560161590576,-0.11084013432264328,1.5700000524520874,-1.8559004068374634,1.5700000524520874,-1.9156254529953003,4.022848129272461,-0.8867210745811462,1.5700000524520874,-1.8564590215682983,1.5700000524520874,-1.9161109924316406,4.007366180419922,-0.9606946110725403,0.4178326134534647,0.9603495854243072,-0.015714910197651477,0.3034953162095775,0.14398281331535667,-0.1343183819896805
112,2.2399999999999745,0.08431874215602875,-0.02744637429714203,-0.04674670472741127,-0.32628077268600464,-0.0003431897494010627,-0.9595725536346436,-0.3537421226501465,-0.0007507720729336143,-0.9353426694869995,0.0,0.0,0.0,0.27000001072883606,0.0,0.2528073191642761,0.0008026704308576882,0.6353394985198975,-0.056748270988464355,0.6707090139389038,-0.04720735549926758,8.218921661376953,-3.2592923641204834,-0.026252131909132004,-0.09834007173776627,0.0035169986076653004,-0.08942694216966629,3.9495160579681396,-0.8546676635742188,0.6821314096450806,0.03527964651584625,1.9760494232177734,-0.012500382959842682,0.5028560161590576,-0.11084013432264328,0.6835260391235352,0.031560465693473816,1.976003885269165,-0.01459416002035141,0.5077672004699707,-0.10449247062206268,1.5700000524520874,-1.8605494499206543,1.5700000524520874,-1.9182426929473877,4.062137603759766,-0.8359397649765015,1.5700000524520874,-1.870276689529419,1.5700000524520874,-1.9286272525787354,4.000459671020508,-0.9311229586601257,0.2914845331774263,1.0648612165243776,-0.004015213538531626,0.30292925345511534,0.034627110785615756,-0.14575192613309218
113,2.259999999999974,0.0983862653374672,-0.022345276549458504,-0.017710134387016296,-0.3504348695278168,-0.009518885053694248,-0.9448084831237793,-0.3534010052680969,-0.0010649929754436016,-0.9354712963104248,0.0,0.0,0.0,0.27000001072883606,0.0,0.2530108392238617,0.0011384555837139487,0.6351813077926636,-0.056662559509277344,0.6707481145858765,-0.04708242416381836,8.297840118408203,-3.2760252952575684,0.06643268465995789,0.03952338173985481,-0.004014205653220415,0.05592741817235947,3.9309592247009277,-0.8679813742637634,0.6835260391235352,0.031560465693473816,1.976003885269165,-0.01459416002035141,0.5077672004699707,-0.10449247062206268,0.6834685206413269,0.038859665393829346,1.9765605926513672,-0.011747948825359344,0.5031060576438904,-0.10516367107629776,1.5700000524520874,-1.8514254093170166,1.5700000524520874,-1.9146848917007446,4.024848461151123,-0.8413093686103821,1.5700000524520874,-1.8559004068374634,1.5700000524520874,-1.9156254529953003,4.022848129272461,-0.8867210745811462,0.40295674218385713,0.9691098132429019,-0.01385982573900435,0.28600090094638375,0.13965169759141105,-0.1253833957788526
114,2.2799999999999736,0.09074202179908752,-0.011879673227667809,-0.029615964740514755,-0.46466997265815735,-0.17167919874191284,-1.0766140222549438,-0.35703006386756897,-0.00035477845813147724,-0.9340928196907043,0.0,0.0,0.0,0.27000001072883606,0.0,0.2531158924102783,0.00037981069181114435,0.637678861618042,-0.056484341621398926,0.6705906391143799,-0.045743584632873535,8.37833309173584,-3.292269468307495,0.16319014132022858,-0.02040719985961914,-0.008568226359784603,0.18072472512722015,4.070618152618408,-0.8414887189865112,0.6834685206413269,0.038859665393829346,1.9765605926513672,-0.011747948825359344,0.5031060576438904,-0.10516367107629776,0.6923894882202148,0.027528904378414154,2.0080313682556152,-0.020710475742816925,0.4978708028793335,-0.11238480359315872,1.5700000524520874,-1.865588903427124,1.5700000524520874,-1.9258880615234375,3.982966423034668,-0.8990784287452698,1.5700000524520874,-1.8605494499206543,1.5700000524520874,-1.9182426929473877,4.062137603759766,-0.8359397649765015,0.2227083767102922,0.9105016596390705,0.0008422485788894818,0.284558494933723,0.08954239512328854,-0.15269204856118845
115,2.299999999999973,0.09696150571107864,-0.021370256319642067,-0.02399391122162342,-0.405383825302124,-0.06356595456600189,-1.0480303764343262,-0.3594755530357361,-0.0007985029369592667,-0.9331541657447815,0.0,0.0,0.0,0.27000001072883606,0.0,0.2531595528125763,0.0008557029068470001,0.6375830173492432,-0.055419206619262695,0.6706852912902832,-0.04600262641906738,8.45775032043457,-3.3076417446136475,-0.014416397549211979,0.07577359676361084,0.005198238417506218,-0.007529379799962044,3.950611114501953,-0.7773677706718445,0.6923894882202148,0.027528904378414154,2.0080313682556152,-0.020710475742816925,0.4978708028793335,-0.11238480359315872,0.685928225517273,0.029718749225139618,2.001680612564087,-0.01630368083715439,0.49413445591926575,-0.11098307371139526,1.5700000524520874,-1.8628515005111694,1.5700000524520874,-1.9203795194625854,3.953075647354126,-0.8878645896911621,1.5700000524520874,-1.8514254093170166,1.5700000524520874,-1.9146848917007446,4.024848461151123,-0.8413093686103821,0.32755644170092957,0.9516795838073158,-0.01974341145246683,0.35656645329127556,0.04735601315583082,-0.11674800361565452
116,2.3199999999999728,0.09263958036899567,-0.025097981095314026,-0.0396890714764595,-0.40238824486732483,-0.05229401960968971,-1.0943090915679932,-0.36105281114578247,-0.0007030847482383251,-0.9325451254844666,0.0,0.0,0.0,0.27000001072883606,0.0,0.25322335958480835,0.0007539416546933353,0.6383529901504517,-0.05538284778594971,0.6706805229187012,-0.045949697494506836,8.536529541015625,-3.3245346546173096,-0.008121443912386894,-0.00019529968267306685,0.0019058204488828778,-0.07366747409105301,3.9182138442993164,-0.8279901742935181,0.685928225517273,0.029718749225139618,2.001680612564087,-0.01630368083715439,0.49413445591926575,-0.11098307371139526,0.6900596618652344,0.026384614408016205,2.0062105655670166,-0.016989178955554962,0.49123379588127136,-0.11405082792043686,1.5700000524520874,-1.8670191764831543,1.5700000524520874,-1.9212363958358765,3.929870367050171,-0.9124066233634949,1.5700000524520874,-1.865588903427124,1.5700000524520874,-1.9258880615234375,3.982966423034668,-0.8990784287452698,0.2756839193499552,0.9170206455518226,-0.005236963583326926,0.2614306365062369,0.10618090335029073,-0.14260710532600074
117,2.3399999999999723,0.09178723394870758,-0.036682210862636566,-0.04497559741139412,-0.30388447642326355,-0.15887145698070526,-1.0453815460205078,-0.3626159429550171,-0.0007701613940298557,-0.9319383502006531,0.0,0.0,0.0,0.27000001072883606,0.0,0.25320544838905334,0.0008264079224318266,0.6398203372955322,-0.05551338195800781,0.6706147193908691,-0.045636892318725586,8.615095138549805,-3.341763973236084,-0.004667355678975582,0.007907841354608536,0.0003065972705371678,-0.030911412090063095,3.8960869312286377,-0.806480884552002,0.6900596618652344,0.026384614408016205,2.0062105655670166,-0.016989178955554962,0.49123379588127136,-0.11405082792043686,0.6866181492805481,0.019338369369506836,2.0026118755340576,-0.025931544601917267,0.4847562313079834,-0.11347242444753647,1.5700000524520874,-1.8758270740509033,1.5700000524520874,-1.9324144124984741,3.878049850463867,-0.9077793955802917,1.5700000524520874,-1.8628515005111694,1.5700000524520874,-1.9203795194625854,3.953075647354126,-0.8878645896911621,-0.02586709555090927,0.980749402253128,0.014198500179329443,-0.07035651035020862,-0.011317971869947208,0.03693964803532923
118,2.359999999999972,0.09813540428876877,-0.007690261118113995,-0.0339350551366806,-0.49334704875946045,-0.026074275374412537,-1.08533775806427,-0.3630741536617279,-0.0005672932020388544,-0.9317600727081299,0.0,0.0,0.0,0.27000001072883606,0.0,0.25321492552757263,0.0006088403752073646,0.6395001411437988,-0.05542421340942383,0.6707057952880859,-0.046794772148132324,8.692671775817871,-3.358691692352295,0.022008931264281273,-0.021018266677856445,0.0022591627202928066,-0.03247949853539467,3.9231348037719727,-0.872083306312561,0.6866181492805481,0.019338369369506836,2.0026118755340576,-0.025931544601917267,0.4847562313079834,-0.11347242444753647,0.6954556703567505,0.028940141201019287,2.0155282020568848,-0.016141511499881744,0.48473700881004333,-0.11747387051582336,1.5700000524520874,-1.8638248443603516,1.5700000524520874,-1.9201768636703491,3.8778960704803467,-0.9397909641265869,1.5700000524520874,-1.8670191764831543,1.5700000524520874,-1.9212363958358765,3.929870367050171,-0.9124066233634949,0.322176703759089,0.8669328447089697,-0.015158729192338072,0.3606493700628377,0.12361900366000089,-0.12409565154435809
119,2.3799999999999715,0.09485967457294464,-0.012060744687914848,-0.05341538041830063,-0.4158608913421631,0.12765266001224518,-0.9683892726898193,-0.3625033497810364,-0.0003409511991776526,-0.9319823980331421,0.0,0.0,0.0,0.27000001072883606,0.0,0.25303134322166443,0.00036583433393388987,0.6399093866348267,-0.05541861057281494,0.6707097291946411,-0.04802429676055908,8.769882202148438,-3.3759663105010986,-0.013304964639246464,-0.11398003250360489,0.0032446023542433977,-0.10045189410448074,3.8477327823638916,-0.8639193177223206,0.6954556703567505,0.028940141201019287,2.0155282020568848,-0.016141511499881744,0.48473700881004333,-0.11747387051582336,0.6909234523773193,0.03870176523923874,1.9915454387664795,-0.009439952671527863,0.48991623520851135,-0.10596946626901627,1.5700000524520874,-1.8516228199005127,1.5700000524520874,-1.9117999076843262,3.919329881668091,-0.8477557301521301,1.5700000524520874,-1.8758270740509033,1.5700000524520874,-1.9324144124984741,3.878049850463867,-0.9077793955802917,0.31527920300691825,0.8749892395189818,-0.013335020202312364,0.4160681325062505,0.015866544097054458,-0.10122290692144076
120,2.399999999999971,0.10045929998159409,-0.030800744891166687,-0.04038648307323456,-0.2705398201942444,0.0807335376739502,-0.8848081231117249,-0.3609430193901062,-0.0007997533539310098,-0.9325875043869019,0.0,0.0,0.0,0.27000001072883606,0.0,0.25296828150749207,0.0008575636311434209,0.6394950151443481,-0.05677366256713867,0.6707375049591064,-0.04730093479156494,8.846304893493652,-3.393719434738159,-0.07976793497800827,-0.03486640006303787,0.005371538456529379,-0.024362176656723022,3.8090977668762207,-0.8575899600982666,0.6909234523773193,0.03870176523923874,1.9915454387664795,-0.009439952671527863,0.48991623520851135,-0.10596946626901627,0.6768082976341248,0.037067778408527374,1.9682761430740356,-0.012867756187915802,0.4913170039653778,-0.09544751793146133,1.5700000524520874,-1.8536652326583862,1.5700000524520874,-1.91608464717865,3.9305360317230225,-0.7635801434516907,1.5700000524520874,-1.8638248443603516,1.5700000524520874,-1.9201768636703491,3.8778960704803467,-0.9397909641265869,0.404250355184228,1.0482821766817274,-0.011375150166083259,0.2441752576588243,0.11619569129758656,-0.15820198140208208
121,2.4199999999999706,0.10468121618032455,-0.006816876586526632,-0.027814876288175583,-0.45242810249328613,-0.029412465170025826,-0.9983489513397217,-0.36034563183784485,-0.000535307452082634,-0.9328187108039856,0.0,0.0,0.0,0.27000001072883606,0.0,0.25315916538238525,0.0005738600739277899,0.6388880014419556,-0.055802106857299805,0.6707624197006226,-0.04671895503997803,8.922833442687988,-3.4095757007598877,0.1087019294500351,0.03972199931740761,-0.00715009355917573,0.08068088442087173,3.8638291358947754,-0.8438407182693481,0.6768082976341248,0.037067778408527374,1.9682761430740356,-0.012867756187915802,0.4913170039653778,-0.09544751793146133,0.6890336275100708,0.03739117085933685,1.9977107048034668,-0.014113642275333405,0.48653683066368103,-0.10496220737695694,1.5700000524520874,-1.8532609939575195,1.5700000524520874,-1.9176419973373413,3.8922946453094482,-0.8396976590156555,1.5700000524520874,-1.8516228199005127,1.5700000524520874,-1.9117999076843262,3.919329881668091,-0.8477557301521301,0.4093401360288258,0.920112919430121,-0.012320005109414112,0.2939846603823675,0.17748958756474575,-0.14536143491304943
122,2.43999999999997,0.10229101777076721,-0.022327274084091187,-0.03367403894662857,-0.3622724115848541,-0.02253580465912819,-0.9881970286369324,-0.3622815012931824,-0.000973826739937067,-0.9320682287216187,0.0,0.0,0.0,0.27000001072883606,0.0,0.2531908452510834,0.0010448016691952944,0.6391696929931641,-0.05510425567626953,0.670722484588623,-0.045928359031677246,9.000617980957031,-3.423790216445923,-0.05177875608205795,0.061965230852365494,0.003943809773772955,-0.026658281683921814,3.8500349521636963,-0.6849875450134277,0.6890336275100708,0.03739117085933685,1.9977107048034668,-0.014113642275333405,0.48653683066368103,-0.10496220737695694,0.679427444934845,0.03329313546419144,1.9936244487762451,-0.015749819576740265,0.48770859837532043,-0.09720230847597122,1.5700000524520874,-1.8583835363388062,1.5700000524520874,-1.919687271118164,3.9016687870025635,-0.7776184678077698,1.5700000524520874,-1.8536652326583862,1.5700000524520874,-1.91608464717865,3.9305360317230225,-0.7635801434516907,0.4149389625147357,0.9081923934806468,-0.012377180427778356,0.3543218169680351,0.1537365787615128,-0.17133520072163333
123,2.4599999999999698,0.1010737493634224,-0.021715007722377777,-0.04306318610906601,-0.38427475094795227,-0.13438457250595093,-1.043306589126587,-0.3631667494773865,-0.000538605556357652,-0.9317240118980408,0.0,0.0,0.0,0.27000001072883606,0.0,0.2533193528652191,0.0005780740757472813,0.639801025390625,-0.0544281005859375,0.6706911325454712,-0.044931888580322266,9.077545166015625,-3.4395196437835693,0.017897047102451324,0.026681864634156227,-0.0029339822940528393,0.01705516129732132,3.8385162353515625,-0.7682992219924927,0.679427444934845,0.03329313546419144,1.9936244487762451,-0.015749819576740265,0.48770859837532043,-0.09720230847597122,0.6870414614677429,0.024965889751911163,2.008293867111206,-0.022115491330623627,0.48263779282569885,-0.10093514621257782,1.5700000524520874,-1.8687926530838013,1.5700000524520874,-1.9276443719863892,3.861102342605591,-0.8074811697006226,1.5700000524520874,-1.8532609939575195,1.5700000524520874,-1.9176419973373413,3.8922946453094482,-0.8396976590156555,0.01984990856787583,0.9863907891221402,0.010195548962814271,-0.10175684506919325,0.08912571547963744,-0.005819788408458315
124,2.4799999999999693,0.10244090855121613,-0.011201019398868084,-0.03859046846628189,-0.4530492126941681,-0.11428601294755936,-1.046385645866394,-0.36383143067359924,-0.000271875032922253,-0.9314647912979126,0.0,0.0,0.0,0.27000001072883606,0.0,0.25337380170822144,0.0002918790269177407,0.6408251523971558,-0.05421769618988037,0.6706373691558838,-0.04513406753540039,9.154935836791992,-3.454511880874634,0.13075026869773865,-0.012696614488959312,-0.007660111878067255,0.018997803330421448,3.912426233291626,-0.7769705653190613,0.6870414614677429,0.024965889751911163,2.008293867111206,-0.022115491330623627,0.48263779282569885,-0.10093514621257782,0.6974176168441772,0.02795020490884781,2.0220656394958496,-0.020764686167240143,0.47734445333480835,-0.10448794811964035,1.5700000524520874,-1.8650622367858887,1.5700000524520874,-1.925955891609192,3.818755626678467,-0.8359035849571228,1.5700000524520874,-1.8583835363388062,1.5700000524520874,-1.919687271118164,3.9016687870025635,-0.7776184678077698,0.08197626338472652,0.9298208136320625,0.0051210253000117945,0.23264075920732452,0.10347727308230148,-0.003809779858038098
125,2.499999999999969,0.09106721729040146,-0.021737877279520035,-0.07376908510923386,-0.370122492313385,-0.11995869874954224,-1.0252870321273804,-0.36546579003334045,-0.00028592394664883614,-0.9308247566223145,0.0,0.0,0.0,0.27000001072883606,0.0,0.25319409370422363,0.00030717268236912787,0.6419289112091064,-0.053252220153808594,0.6705955266952515,-0.04555082321166992,9.231887817382812,-3.4698164463043213,-0.025656187906861305,-0.034076426178216934,0.0067720599472522736,-0.09584340453147888,3.867105007171631,-0.7305936813354492,0.6974176168441772,0.02795020490884781,2.0220656394958496,-0.020764686167240143,0.47734445333480835,-0.10448794811964035,0.6911037564277649,0.02169882506132126,2.0140511989593506,-0.023576505482196808,0.477618008852005,-0.09813960641622543,1.5700000524520874,-1.8728764057159424,1.5700000524520874,-1.9294706583023071,3.82094407081604,-0.7851168513298035,1.5700000524520874,-1.8687926530838013,1.5700000524520874,-1.9276443719863892,3.861102342605591,-0.8074811697006226,0.12573653799150897,0.3054428889492442,0.005178099975537975,0.03702429458750345,0.07479813257456236,-0.020737791375389447
126,2.5199999999999685,0.11004670709371567,-0.014990684576332569,-0.0364101380109787,-0.3158165514469147,0.15903903543949127,-0.799009382724762,-0.3628498613834381,-0.00034970504930242896,-0.9318475723266602,0.0,0.0,0.0,0.27000001072883606,0.0,0.2530452311038971,0.00037528134998865426,0.6403621435165405,-0.0550609827041626,0.6707826852798462,-0.046549081802368164,9.307164192199707,-3.485074758529663,-0.08097365498542786,-0.06983970105648041,0.006566206458956003,-0.011342687532305717,3.7467474937438965,-0.7644968032836914,0.6911037564277649,0.02169882506132126,2.0140511989593506,-0.023576505482196808,0.477618008852005,-0.09813960641622543,0.6773782968521118,0.046513885259628296,1.9695827960968018,-0.009423159062862396,0.48479217290878296,-0.08330968767404556,1.5700000524520874,-1.841857671737671,1.5700000524520874,-1.9117789268493652,3.8783373832702637,-0.6664775013923645,1.5700000524520874,-1.8650622367858887,1.5700000524520874,-1.925955891609192,3.818755626678467,-0.8359035849571228,0.45986679338714964,1.0727355423712446,-0.025207539091667286,0.2697117448645763,0.1351012168612158,-0.14136343763742576
127,2.539999999999968,0.10469913482666016,-0.029958004131913185,-0.05011559650301933,-0.2318417876958847,0.009615459479391575,-0.8422874808311462,-0.3607701063156128,-0.0006951518007554114,-0.9326545000076294,0.0,0.0,0.0,0.27000001072883606,0.0,0.25313690304756165,0.0007453474681824446,0.6395695209503174,-0.05514264106750488,0.6707891225814819,-0.04643654823303223,9.38233470916748,-3.499544143676758,-0.07758193463087082,0.20743131637573242,0.0003847712359856814,-0.09399481862783432,3.7674314975738525,-0.6769438982009888,0.6773782968521118,0.046513885259628296,1.9695827960968018,-0.009423159062862396,0.48479217290878296,-0.08330968767404556,0.6658883690834045,0.038924314081668854,1.96543288230896,-0.013176314532756805,0.4797690212726593,-0.0814289078116417,1.5700000524520874,-1.8513445854187012,1.5700000524520874,-1.9164704084396362,3.8381521701812744,-0.6514312624931335,1.5700000524520874,-1.8728764057159424,1.5700000524520874,-1.9294706583023071,3.82094407081604,-0.7851168513298035,0.19333493945954494,0.994027186498581,0.003866614088437359,-0.12834466523215227,0.11813173180169922,-0.015424307771038315
128,2.5599999999999676,0.11324054002761841,-0.012056302279233932,-0.031816933304071426,-0.3152467608451843,0.09510000050067902,-0.7695385217666626,-0.35854214429855347,-0.00033634714782238007,-0.9335134625434875,0.0,0.0,0.0,0.27000001072883606,0.0,0.2530609369277954,0.0003603023651521653,0.638014554977417,-0.05502605438232422,0.6708394289016724,-0.04596900939941406,9.458433151245117,-3.5116801261901855,-0.07824570685625076,0.014555447734892368,0.0022497549653053284,0.07316073030233383,3.7978084087371826,-0.5955198407173157,0.6658883690834045,0.038924314081668854,1.96543288230896,-0.013176314532756805,0.4797690212726593,-0.0814289078116417,0.6618048548698425,0.05103836953639984,1.95535147190094,-0.008551128208637238,0.4943719804286957,-0.0669364333152771,1.5700000524520874,-1.8362020254135132,1.5700000524520874,-1.910688877105713,3.9549758434295654,-0.5354914665222168,1.5700000524520874,-1.841857671737671,1.5700000524520874,-1.9117789268493652,3.8783373832702637,-0.6664775013923645,0.4760882810823439,1.140037220258403,-0.013650366177859752,0.24425860288574697,0.15675069671780317,-0.1319004321274999
129,2.579999999999967,0.1095513105392456,-0.025452200323343277,-0.04083425924181938,-0.2739694118499756,0.02023959346115589,-0.8581334948539734,-0.35799866914749146,-0.0009638549527153373,-0.9337216019630432,0.0,0.0,0.0,0.27000001072883606,0.0,0.25321823358535767,0.0010322720045223832,0.6372134685516357,-0.05463087558746338,0.6708189249038696,-0.04438424110412598,9.53356647491455,-3.5233023166656494,-0.08767632395029068,0.038682226091623306,0.0020199839491397142,-0.004614390432834625,3.7383434772491455,-0.5515708923339844,0.6618048548698425,0.05103836953639984,1.95535147190094,-0.008551128208637238,0.4943719804286957,-0.0669364333152771,0.6634931564331055,0.04403381794691086,1.963708519935608,-0.01089216023683548,0.49734964966773987,-0.06361353397369385,1.5700000524520874,-1.844957709312439,1.5700000524520874,-1.9136152267456055,3.978797197341919,-0.5089082717895508,1.5700000524520874,-1.8513445854187012,1.5700000524520874,-1.9164704084396362,3.8381521701812744,-0.6514312624931335,0.4589923311629125,0.9828509786017676,-0.006461231806579093,0.19827699325832882,0.19177804315004643,-0.20118635700447207
130,2.599999999999967,0.11532742530107498,-0.00872339028865099,-0.026311151683330536,-0.38683292269706726,-0.033983971923589706,-0.9246788024902344,-0.3583281338214874,-0.0004223183204885572,-0.933595597743988,0.0,0.0,0.0,0.27000001072883606,0.0,0.25342899560928345,0.000452356762252748,0.6370750665664673,-0.05316305160522461,0.6707851886749268,-0.04286205768585205,9.611291885375977,-3.533062696456909,0.10544368624687195,0.06434372812509537,-0.008249005302786827,0.2181313931941986,3.924129009246826,-0.5348009467124939,0.6634931564331055,0.04403381794691086,1.963708519935608,-0.01089216023683548,0.49734964966773987,-0.06361353397369385,0.6718864440917969,0.04900311678647995,1.9823482036590576,-0.008501537144184113,0.4943082928657532,-0.06376275420188904,1.5700000524520874,-1.8387460708618164,1.5700000524520874,-1.9106268882751465,3.9544663429260254,-0.5101020336151123,1.5700000524520874,-1.8362020254135132,1.5700000524520874,-1.910688877105713,3.9549758434295654,-0.5354914665222168,0.3759724741121424,1.0210026418116769,-0.007833384447545555,0.23840391008545936,0.07126537210046724,-0.11100589659912985
131,2.6199999999999664,0.1127011626958847,-0.008795566856861115,-0.03406763821840286,-0.4205302894115448,-0.051950398832559586,-0.986368715763092,-0.3597504198551178,-0.000837952655274421,-0.9330481886863708,0.0,0.0,0.0,0.27000001072883606,0.0,0.25354278087615967,0.0008980805869214237,0.6366943120956421,-0.051792025566101074,0.6707710027694702,-0.04263293743133545,9.689406394958496,-3.5417561531066895,-0.00026280563906766474,0.06530866771936417,-0.00046643594396300614,0.008649267256259918,3.9124653339385986,-0.44463393092155457,0.6718864440917969,0.04900311678647995,1.9823482036590576,-0.008501537144184113,0.4943082928657532,-0.06376275420188904,0.6760390400886536,0.04141904413700104,1.9990293979644775,-0.010704733431339264,0.49639543890953064,-0.06132882088422775,1.5700000524520874,-1.8482261896133423,1.5700000524520874,-1.9133808612823486,3.971163511276245,-0.490630567073822,1.5700000524520874,-1.844957709312439,1.5700000524520874,-1.9136152267456055,3.978797197341919,-0.5089082717895508,0.3817952682941925,0.9315046478102289,-0.008748509762682488,0.2950662229069181,0.14805432235947524,-0.14580368126206533
132,2.639999999999966,0.11338183283805847,-0.013418268412351608,-0.03590579703450203,-0.4002203643321991,-0.05713529512286186,-1.0057487487792969,-0.36137279868125916,-0.0009483323665335774,-0.9324209094047546,0.0,0.0,0.0,0.27000001072883606,0.0,0.2536354064941406,0.0010170643217861652,0.637285590171814,-0.050496816635131836,0.6707296371459961,-0.041442155838012695,9.76773738861084,-3.5509982109069824,-0.0213041752576828,0.07088897377252579,0.002558818319812417,0.0038938052020967007,3.9283130168914795,-0.45555219054222107,0.6760390400886536,0.04141904413700104,1.9990293979644775,-0.010704733431339264,0.49639543890953064,-0.06132882088422775,0.6772165298461914,0.03925514966249466,2.0029404163360596,-0.010935060679912567,0.4933244287967682,-0.058866292238235474,1.5700000524520874,-1.8509310483932495,1.5700000524520874,-1.9136687517166138,3.9465954303741455,-0.4709303379058838,1.5700000524520874,-1.8387460708618164,1.5700000524520874,-1.9106268882751465,3.9544663429260254,-0.5101020336151123,0.34723084499815293,0.9599866321605113,-0.0076019621990930375,0.30540812902735226,0.12953723024287545,-0.1420860952334987
133,2.6599999999999655,0.10825878381729126,-0.02634650282561779,-0.0493716299533844,-0.2952524721622467,-0.18707497417926788,-0.9791780114173889,-0.36314156651496887,-0.0009124770294874907,-0.9317335486412048,0.0,0.0,0.0,0.27000001072883606,0.0,0.2537480890750885,0.0009793322533369064,0.6387543678283691,-0.04979908466339111,0.6706401109695435,-0.040203094482421875,9.84633731842041,-3.560152530670166,0.013313118368387222,0.02813858725130558,-0.001602842821739614,0.007937891408801079,3.924875020980835,-0.4099612832069397,0.6772165298461914,0.03925514966249466,2.0029404163360596,-0.010935060679912567,0.4933244287967682,-0.058866292238235474,0.677463173866272,0.028946705162525177,2.004333734512329,-0.02132994681596756,0.48963502049446106,-0.0558687224984169,1.5700000524520874,-1.8638166189193726,1.5700000524520874,-1.9266624450683594,3.9170801639556885,-0.4469497799873352,1.5700000524520874,-1.8482261896133423,1.5700000524520874,-1.9133808612823486,3.971163511276245,-0.490630567073822,-0.032925334465780054,1.0054514557350664,0.016330524967228754,-0.10164283905998062,-0.010990288102433077,0.026287176449670602
134,2.679999999999965,0.11687525361776352,-0.007832305505871773,-0.03515498712658882,-0.38274791836738586,0.010925955139100552,-0.9113718867301941,-0.3636554181575775,-0.0007823280175216496,-0.9315332174301147,0.0,0.0,0.0,0.27000001072883606,0.0,0.2538219094276428,0.0008398281643167138,0.6382842063903809,-0.04928421974182129,0.670728325843811,-0.04058873653411865,9.924391746520996,-3.56831693649292,-0.027725376188755035,0.015432330779731274,0.004645186010748148,0.00376315345056355,3.913576126098633,-0.41910505294799805,0.677463173866272,0.028946705162525177,2.004333734512329,-0.02132994681596756,0.48963502049446106,-0.0558687224984169,0.6749186515808105,0.045065149664878845,1.9928793907165527,-0.009548462927341461,0.49172937870025635,-0.05160745978355408,1.5700000524520874,-1.8436685800552368,1.5700000524520874,-1.911935567855835,3.933835029602051,-0.4128596782684326,1.5700000524520874,-1.8509310483932495,1.5700000524520874,-1.9136687517166138,3.9465954303741455,-0.4709303379058838,0.3606982262008387,0.9519733099505352,-0.01735863960910322,0.2986961216523518,0.043985349088259795,-0.1040868938098648
135,2.6999999999999647,0.10870090872049332,-0.01749330200254917,-0.05443499609827995,-0.3612619936466217,-0.021494070068001747,-0.948218047618866,-0.36461764574050903,-0.0006969113019295037,-0.9311570525169373,0.0,0.0,0.0,0.27000001072883606,0.0,0.2537589967250824,0.0007484357338398695,0.6397644281387329,-0.05015373229980469,0.670539140701294,-0.04053544998168945,10.00181770324707,-3.576415777206421,-0.017163420096039772,-0.04305759072303772,0.0035927272401750088,-0.08795205503702164,3.8606910705566406,-0.3682464063167572,0.6749186515808105,0.045065149664878845,1.9928793907165527,-0.009548462927341461,0.49172937870025635,-0.05160745978355408,0.6769884824752808,0.0403374508023262,1.9970576763153076,-0.012873806059360504,0.49382492899894714,-0.05152358114719391,1.5700000524520874,-1.8495781421661377,1.5700000524520874,-1.9160922765731812,3.950599431991577,-0.41218864917755127,1.5700000524520874,-1.8638166189193726,1.5700000524520874,-1.9266624450683594,3.9170801639556885,-0.4469497799873352,0.2502107609539852,0.9655459479987485,0.010524583714426328,0.2272568108100863,0.08288773612783285,-0.15957934265985885
136,2.7199999999999642,0.11889898777008057,-0.0064013502560555935,-0.034761954098939896,-0.3761313557624817,0.0036215269938111305,-0.8685466647148132,-0.3641946613788605,-0.00036165007622912526,-0.9313227534294128,0.0,0.0,0.0,0.27000001072883606,0.0,0.2538602352142334,0.0003883187018800527,0.639660120010376,-0.04971504211425781,0.6706620454788208,-0.03962051868438721,10.07938289642334,-3.5837838649749756,0.12618257105350494,0.014714504592120647,-0.004295845981687307,0.20263589918613434,3.875840902328491,-0.40510138869285583,0.6769884824752808,0.0403374508023262,1.9970576763153076,-0.012873806059360504,0.49382492899894714,-0.05152358114719391,0.6749538779258728,0.05366522818803787,1.9855363368988037,-0.008612148463726044,0.4880458116531372,-0.04968857765197754,1.5700000524520874,-1.832918405532837,1.5700000524520874,-1.9107651710510254,3.9043664932250977,-0.3975086212158203,1.5700000524520874,-1.8436685800552368,1.5700000524520874,-1.911935567855835,3.933835029602051,-0.4128596782684326,0.41166955020535667,0.959076829288346,-0.02407122862021538,0.24571418936056233,0.1754846624125559,-0.1383826249070128
137,2.739999999999964,0.11725898832082748,-0.008788748644292355,-0.04012620821595192,-0.3804750144481659,0.0155452536419034,-0.8980207443237305,-0.36485639214515686,-0.0003557970921974629,-0.9310637712478638,0.0,0.0,0.0,0.27000001072883606,0.0,0.25386670231819153,0.00038214039523154497,0.6389247179031372,-0.04948925971984863,0.6707475185394287,-0.03974568843841553,10.157356262207031,-3.590611457824707,-0.050402749329805374,0.009168127551674843,0.005288810469210148,-0.008501608856022358,3.909816265106201,-0.35139086842536926,0.6749538779258728,0.05366522818803787,1.9855363368988037,-0.008612148463726044,0.4880458116531372,-0.04968857765197754,0.6708815693855286,0.045577578246593475,1.9875123500823975,-0.009526796638965607,0.4930598735809326,-0.04244961589574814,1.5700000524520874,-1.843027949333191,1.5700000524520874,-1.911908507347107,3.944478988647461,-0.3395969271659851,1.5700000524520874,-1.8495781421661377,1.5700000524520874,-1.9160922765731812,3.950599431991577,-0.41218864917755127,0.408580326858095,0.9531833517485104,-0.01773869683468554,0.27553100825310395,0.15699304554208826,-0.1496631028279679
138,2.7599999999999634,0.11104036867618561,-0.016468841582536697,-0.05992332100868225,-0.37618938088417053,-0.02071332186460495,-0.9272675514221191,-0.36600008606910706,-0.0005399397341534495,-0.9306146502494812,0.0,0.0,0.0,0.27000001072883606,0.0,0.25384390354156494,0.0005801968509331346,0.6394644975662231,-0.04682636260986328,0.6707136631011963,-0.038756489753723145,10.234728813171387,-3.597670078277588,-0.06709069758653641,0.08465906977653503,0.006539834197610617,-0.029249034821987152,3.882258892059326,-0.3262917697429657,0.6708815693855286,0.045577578246593475,1.9875123500823975,-0.009526796638965607,0.4930598735809326,-0.04244961589574814,0.6691821217536926,0.043925344944000244,1.9889411926269531,-0.009652175009250641,0.488755464553833,-0.04166126996278763,1.5700000524520874,-1.8450932502746582,1.5700000524520874,-1.9120651483535767,3.910043716430664,-0.333290159702301,1.5700000524520874,-1.832918405532837,1.5700000524520874,-1.9107651710510254,3.9043664932250977,-0.3975086212158203,0.42263597975569134,0.43394870726293533,-0.009220139812336825,0.34470306505557247,0.08599655592764943,-0.2138116644167034
139,2.779999999999963,0.12252835929393768,-0.01026988960802555,-0.03487280383706093,-0.2854909896850586,0.08863375335931778,-0.7138503789901733,-0.36435121297836304,-0.0001985894632525742,-0.9312615990638733,0.0,0.0,0.0,0.27000001072883606,0.0,0.2539225220680237,0.00021324776753317565,0.6377286911010742,-0.04724776744842529,0.6708358526229858,-0.038280606269836426,10.312234878540039,-3.6031148433685303,-0.09254404902458191,-0.010994096286594868,0.004706675186753273,0.04952653497457504,3.863682746887207,-0.26297527551651,0.6691821217536926,0.043925344944000244,1.9889411926269531,-0.009652175009250641,0.488755464553833,-0.04166126996278763,0.6577897667884827,0.05565258860588074,1.9559770822525024,-0.007386349141597748,0.4942072927951813,-0.023198328912258148,1.5700000524520874,-1.8304342031478882,1.5700000524520874,-1.9092328548431396,3.95365834236145,-0.18558663129806519,1.5700000524520874,-1.843027949333191,1.5700000524520874,-1.911908507347107,3.944478988647461,-0.3395969271659851,0.5022616923144021,1.0899991035159857,-0.01971294000009749,0.19070340459791524,0.15324665916920122,-0.14516171075812512
140,2.7999999999999625,0.1190761849284172,-0.024731064215302467,-0.0441688597202301,-0.2100803256034851,0.0481155700981617,-0.7483532428741455,-0.36368077993392944,-0.0010577620705589652,-0.9315230250358582,0.0,0.0,0.0,0.27000001072883606,0.0,0.25407207012176514,0.001135518541559577,0.6367045640945435,-0.04722011089324951,0.6708394289016724,-0.03676891326904297,10.388871192932129,-3.608347177505493,-0.11001171916723251,0.023374764248728752,0.003061728784814477,0.0007722959271632135,3.8007733821868896,-0.22833143174648285,0.6577897667884827,0.05565258860588074,1.9559770822525024,-0.007386349141597748,0.4942072927951813,-0.023198328912258148,0.652522087097168,0.05263017863035202,1.948674201965332,-0.008238144218921661,0.49622252583503723,-0.019373469054698944,1.5700000524520874,-1.834212303161621,1.5700000524520874,-1.9102976322174072,3.969780206680298,-0.15498775243759155,1.5700000524520874,-1.8450932502746582,1.5700000524520874,-1.9120651483535767,3.910043716430664,-0.333290159702301,0.4795824818321428,1.02608517763057,-0.008841620523600824,0.1630280268733557,0.13424128653456968,-0.1879430240390001
141,2.819999999999962,0.12161733955144882,-0.0016300245188176632,-0.03517625108361244,-0.41620224714279175,-0.05518089979887009,-0.8912956714630127,-0.36380133032798767,-0.0005376230692490935,-0.9314764142036438,0.0,0.0,0.0,0.27000001072883606,0.0,0.25424158573150635,0.0005771729629486799,0.636347770690918,-0.04596865177154541,0.670814037322998,-0.0361628532409668,10.466370582580566,-3.610933542251587,0.08998634666204453,0.04151148349046707,-0.006788516882807016,0.0775727704167366,3.935103416442871,-0.17488352954387665,0.652522087097168,0.05263017863035202,1.948674201965332,-0.008238144218921661,0.49622252583503723,-0.019373469054698944,0.6696383357048035,0.05222323536872864,1.987137794494629,-0.008789248764514923,0.4956029951572418,-0.027324967086315155,1.5700000524520874,-1.8347209692001343,1.5700000524520874,-1.9109865427017212,3.9648239612579346,-0.21859973669052124,1.5700000524520874,-1.8304342031478882,1.5700000524520874,-1.9092328548431396,3.95365834236145,-0.18558663129806519,0.38427593726187226,1.0022969184362331,-0.006182309810451869,0.2155564781849968,0.1650510980778428,-0.14463441844774816
142,2.8399999999999617,0.11905822902917862,-0.015777748078107834,-0.04137684032320976,-0.3359107971191406,-0.04263082891702652,-0.8774852156639099,-0.3656306564807892,-0.001075873151421547,-0.9307594299316406,0.0,0.0,0.0,0.27000001072883606,0.0,0.2543063461780548,0.001155908452346921,0.636641263961792,-0.044832825660705566,0.6707524061203003,-0.03516972064971924,10.54456615447998,-3.6128013134002686,-0.03834801912307739,0.07151269912719727,0.002469010651111603,-0.014215605333447456,3.891157627105713,-0.07472581416368484,0.6696383357048035,0.05222323536872864,1.987137794494629,-0.008789248764514923,0.4956029951572418,-0.027324967086315155,0.6645952463150024,0.04910166561603546,1.9841866493225098,-0.009735114872455597,0.4937227666378021,-0.02079753577709198,1.5700000524520874,-1.8386229276657104,1.5700000524520874,-1.9121688604354858,3.949782133102417,-0.16638028621673584,1.5700000524520874,-1.834212303161621,1.5700000524520874,-1.9102976322174072,3.969780206680298,-0.15498775243759155,0.4247780351070567,0.9726283881406808,-0.009836125800740447,0.27512643670537784,0.15852095399015464,-0.1792501023608258
143,2.8599999999999612,0.11879349499940872,-0.021523555740714073,-0.04769117012619972,-0.26276251673698425,-0.11666995286941528,-0.8831263780593872,-0.36660730838775635,-0.00096792884869501,-0.9303752779960632,0.0,0.0,0.0,0.27000001072883606,0.0,0.2544473111629486,0.0010403635678812861,0.6369189023971558,-0.04387402534484863,0.670737624168396,-0.03410446643829346,10.622861862182617,-3.6160430908203125,-0.008334479294717312,0.044412992894649506,-0.0012883892050012946,0.025381475687026978,3.895742893218994,-0.13803274929523468,0.6645952463150024,0.04910166561603546,1.9841866493225098,-0.009735114872455597,0.4937227666378021,-0.02079753577709198,0.6664320230484009,0.04217471927404404,1.9850280284881592,-0.014726080000400543,0.49014705419540405,-0.018291346728801727,1.5700000524520874,-1.847281575202942,1.5700000524520874,-1.9184075593948364,3.9211764335632324,-0.14633077383041382,1.5700000524520874,-1.8347209692001343,1.5700000524520874,-1.9109865427017212,3.9648239612579346,-0.21859973669052124,0.09966696784434959,1.0416911139535614,0.005543613736708863,-0.12684856729566363,0.05199882027691416,-0.0018666191585692271
144,2.879999999999961,0.12168493121862411,-0.002194611355662346,-0.04068034142255783,-0.42700883746147156,-0.038303911685943604,-0.9200592637062073,-0.36717846989631653,-0.0006596019375137985,-0.9301502704620361,0.0,0.0,0.0,0.27000001072883606,0.0,0.2545333504676819,0.0007091346778906882,0.6372054815292358,-0.04317891597747803,0.6707271337509155,-0.03423500061035156,10.700759887695312,-3.618324041366577,0.10146395117044449,0.002848250325769186,-0.004968018736690283,0.0365033820271492,3.9420809745788574,-0.16316169500350952,0.6664320230484009,0.04217471927404404,1.9850280284881592,-0.014726080000400543,0.49014705419540405,-0.018291346728801727,0.6789495944976807,0.05146876722574234,2.0004587173461914,-0.008413247764110565,0.48806190490722656,-0.02505839616060257,1.5700000524520874,-1.8356640338897705,1.5700000524520874,-1.9105165004730225,3.9044952392578125,-0.20046716928482056,1.5700000524520874,-1.8386229276657104,1.5700000524520874,-1.9121688604354858,3.949782133102417,-0.16638028621673584,0.33036517219346706,0.9601856940884375,-0.008347358684803297,0.2509542733515069,0.13282328353285866,-0.1281269247104149
145,2.8999999999999604,0.11877283453941345,-0.01513839140534401,-0.04894665628671646,-0.3366655707359314,0.009664182551205158,-0.8664259314537048,-0.36821675300598145,-0.001196312136016786,-0.9297391772270203,0.0,0.0,0.0,0.27000001072883606,0.0,0.25448358058929443,0.0012867172481492162,0.6376446485519409,-0.04324674606323242,0.6707077026367188,-0.0343165397644043,10.778170585632324,-3.620082378387451,-0.035678211599588394,0.005872624926269054,0.00461202347651124,-0.06707196682691574,3.846957206726074,-0.0696607232093811,0.6789495944976807,0.05146876722574234,2.0004587173461914,-0.008413247764110565,0.48806190490722656,-0.02505839616060257,0.6706612706184387,0.05145670473575592,1.9861910343170166,-0.00852639228105545,0.48891526460647583,-0.017418362200260162,1.5700000524520874,-1.835679054260254,1.5700000524520874,-1.9106580018997192,3.9113221168518066,-0.1393468976020813,1.5700000524520874,-1.847281575202942,1.5700000524520874,-1.9184075593948364,3.9211764335632324,-0.14633077383041382,0.4037120948994808,0.9500124419249332,-0.014010790832365672,0.2922704110587304,0.14612459366967556,-0.17057098842168866
146,2.91999999999996,0.1242617517709732,-0.009631683118641376,-0.04000277817249298,-0.340680867433548,-0.04265356436371803,-0.8225688934326172,-0.36829400062561035,-0.0005963820149190724,-0.9297091960906982,0.0,0.0,0.0,0.27000001072883606,0.0,0.25460872054100037,0.0006414714735001326,0.6385718584060669,-0.04280829429626465,0.6706598997116089,-0.03322339057922363,10.855372428894043,-3.623370885848999,0.16672874987125397,0.009144936688244343,-0.015098372474312782,0.19241292774677277,3.857473850250244,-0.200504332780838,0.6706612706184387,0.05145670473575592,1.9861910343170166,-0.00852639228105545,0.48891526460647583,-0.017418362200260162,0.676215648651123,0.05598156154155731,1.9838368892669678,-0.010165072977542877,0.481487900018692,-0.020833805203437805,1.5700000524520874,-1.8300230503082275,1.5700000524520874,-1.9127063751220703,3.851903200149536,-0.16667044162750244,1.5700000524520874,-1.8356640338897705,1.5700000524520874,-1.9105165004730225,3.9044952392578125,-0.20046716928482056,0.17278531035280942,1.0493233892279008,-0.0023187050448427726,0.13258500186798727,0.052171698367390995,-0.02355447832382984
147,2.9399999999999595,0.12207963317632675,-0.009080975316464901,-0.04298051819205284,-0.38472825288772583,-0.020611684769392014,-0.8845298886299133,-0.3694309890270233,-0.0008339144405908883,-0.9292578101158142,0.0,0.0,0.0,0.27000001072883606,0.0,0.25459587574005127,0.0008973981603048742,0.6380881071090698,-0.0419849157333374,0.6707096099853516,-0.03351902961730957,10.93242359161377,-3.6247177124023438,-0.042594701051712036,0.03994939103722572,0.006213413551449776,-0.015270172618329525,3.8778438568115234,-0.08050299435853958,0.676215648651123,0.05598156154155731,1.9838368892669678,-0.010165072977542877,0.481487900018692,-0.020833805203437805,0.671800434589386,0.05018674582242966,1.9900789260864258,-0.009298808872699738,0.4855453073978424,-0.01599586009979248,1.5700000524520874,-1.8372665643692017,1.5700000524520874,-1.911623477935791,3.8843624591827393,-0.12796688079833984,1.5700000524520874,-1.835679054260254,1.5700000524520874,-1.9106580018997192,3.9113221168518066,-0.1393468976020813,0.37550398678022745,0.965539685669949,-0.016045850755414648,0.28336742953617033,0.1425343036942044,-0.14913789404598865
148,2.959999999999959,0.11731886863708496,-0.02363770455121994,-0.05506911873817444,-0.31081730127334595,-0.17675572633743286,-0.9100539088249207,-0.37037697434425354,-0.000994242844171822,-0.9288809895515442,0.0,0.0,0.0,0.27000001072883606,0.0,0.2546972632408142,0.0010703657753765583,0.6392920017242432,-0.04101836681365967,0.6705645322799683,-0.03244447708129883,11.008476257324219,-3.6272051334381104,0.021202920004725456,0.046580277383327484,-0.006822570692747831,0.001986465184018016,3.803330659866333,-0.08423203974962234,0.671800434589386,0.05018674582242966,1.9900789260864258,-0.009298808872699738,0.4855453073978424,-0.01599586009979248,0.6778069734573364,0.038809917867183685,2.000800371170044,-0.019184358417987823,0.47940704226493835,-0.018433280289173126,1.5700000524520874,-1.851487636566162,1.5700000524520874,-1.923980474472046,3.835256338119507,-0.147466242313385,1.5700000524520874,-1.8300230503082275,1.5700000524520874,-1.9127063751220703,3.851903200149536,-0.16667044162750244,-0.05522467130482944,1.0515024356463485,0.044098273749161976,-0.15646406782810018,0.08053607067784174,-0.00041188404977660076
149,2.9799999999999587,0.12405940890312195,-0.008976283483207226,-0.04169483110308647,-0.362577885389328,0.0066385637037456036,-0.845706045627594,-0.37057408690452576,-0.0010869759134948254,-0.9288022518157959,0.0,0.0,0.0,0.27000001072883606,0.0,0.2547535300254822,0.0011702979682013392,0.638526201248169,-0.04026472568511963,0.6707020998001099,-0.03305470943450928,11.085103034973145,-3.6284515857696533,-0.04775813966989517,0.03145245090126991,0.00803364161401987,-0.011839435435831547,3.8430235385894775,-0.06885787099599838,0.6778069734573364,0.038809917867183685,2.000800371170044,-0.019184358417987823,0.47940704226493835,-0.018433280289173126,0.6727973818778992,0.053267233073711395,1.9880616664886475,-0.00854114443063736,0.48006671667099,-0.01249925047159195,1.5700000524520874,-1.8334159851074219,1.5700000524520874,-1.91067636013031,3.84053373336792,-0.0999940037727356,1.5700000524520874,-1.8372665643692017,1.5700000524520874,-1.911623477935791,3.8843624591827393,-0.12796688079833984,0.38629816596392885,0.943916656892597,-0.0225463572462008,0.2649653944975654,0.15042423178367592,-0.1380913108858426
150,2.9999999999999583,0.11645857989788055,-0.019254345446825027,-0.05926406756043434,-0.3297939598560333,-0.005189596675336361,-0.8833630681037903,-0.37128597497940063,-0.0012104313354939222,-0.928517758846283,0.0,0.0,0.0,0.27000001072883606,0.0,0.2546607255935669,0.001303616096265614,0.6398633718490601,-0.04104208946228027,0.6705396175384521,-0.0333179235458374,11.161060333251953,-3.630525588989258,-0.04774133116006851,-0.04573702812194824,0.006943077314645052,-0.09857293963432312,3.8092193603515625,-0.0767076388001442,0.6727973818778992,0.053267233073711395,1.9880616664886475,-0.00854114443063736,0.48006671667099,-0.01249925047159195,0.6754642128944397,0.04843548685312271,1.9904553890228271,-0.01074085384607315,0.4819236397743225,-0.012366771697998047,1.5700000524520874,-1.8394556045532227,1.5700000524520874,-1.9134260416030884,3.85538911819458,-0.09893417358398438,1.5700000524520874,-1.851487636566162,1.5700000524520874,-1.923980474472046,3.835256338119507,-0.147466242313385,0.24059109610917773,0.9861333072170098,0.01050409049875256,0.21115646931613696,0.08135228559881114,-0.1579722909382933
151,3.019999999999958,0.1258469671010971,-0.008279245346784592,-0.03987937048077583,-0.32772529125213623,0.03150999918580055,-0.7906707525253296,-0.37058117985725403,-0.001085868920199573,-0.9287994503974915,0.0,0.0,0.0,0.27000001072883606,0.0,0.2547270655632019,0.00116910960059613,0.6394898891448975,-0.040482163429260254,0.670687198638916,-0.03356373310089111,11.236700057983398,-3.631533145904541,0.05692640319466591,0.017713239416480064,0.0013802897883579135,0.04068951681256294,3.8070709705352783,-0.08325488865375519,0.6754642128944397,0.04843548685312271,1.9904553890228271,-0.01074085384607315,0.4819236397743225,-0.012366771697998047,0.6742923259735107,0.05967576056718826,1.980116367340088,-0.00727168470621109,0.47590431571006775,-0.010581113398075104,1.5700000524520874,-1.825405240058899,1.5700000524520874,-1.9090895652770996,3.807234525680542,-0.08464890718460083,1.5700000524520874,-1.8334159851074219,1.5700000524520874,-1.91067636013031,3.84053373336792,-0.0999940037727356,0.40336289080204324,0.9973467150941389,-0.025176650757570584,0.24336313659663134,0.08014340828555344,-0.11295941122399361
152,3.0399999999999574,0.11862247437238693,-0.011827168986201286,-0.05031350627541542,-0.38729017972946167,-0.15609116852283478,-0.898990273475647,-0.37250617146492004,-0.0007354280678555369,-0.9280294179916382,0.0,0.0,0.0,0.27000001072883606,0.0,0.2547580301761627,0.0007924618548713624,0.6421383619308472,-0.040250539779663086,0.6705359220504761,-0.033213257789611816,11.313128471374512,-3.6330857276916504,0.11979153752326965,-0.000401236058678478,-0.006427764426916838,0.005084666423499584,3.8629095554351807,-0.07798153162002563,0.6742923259735107,0.05967576056718826,1.980116367340088,-0.00727168470621109,0.47590431571006775,-0.010581113398075104,0.6874332427978516,0.04257003962993622,2.01143217086792,-0.018621765077114105,0.47366970777511597,-0.018050432205200195,1.5700000524520874,-1.846787452697754,1.5700000524520874,-1.9232771396636963,3.7893576622009277,-0.14440345764160156,1.5700000524520874,-1.8394556045532227,1.5700000524520874,-1.9134260416030884,3.85538911819458,-0.09893417358398438,-0.038259993729374386,0.9822219406785173,0.014782774150075895,0.17646972550048545,0.06655488042333513,-0.039966151222824375
153,3.059999999999957,0.12111163139343262,-0.016208531334996223,-0.04519277065992355,-0.3567529618740082,-0.14886343479156494,-0.8765828609466553,-0.37422502040863037,-0.0009275294723920524,-0.9273374676704407,0.0,0.0,0.0,0.27000001072883606,0.0,0.2548326551914215,0.0010002066846936941,0.6435171365737915,-0.03889024257659912,0.670520544052124,-0.03284049034118652,11.388601303100586,-3.6340625286102295,0.09591380506753922,0.06262622028589249,-0.0025719059631228447,0.025823764503002167,3.802598237991333,-0.060066670179367065,0.6874332427978516,0.04257003962993622,2.01143217086792,-0.018621765077114105,0.47366970777511597,-0.018050432205200195,0.6879506707191467,0.04405883699655533,2.012381076812744,-0.018563218414783478,0.4651773273944855,-0.01991693675518036,1.5700000524520874,-1.8449264764785767,1.5700000524520874,-1.923203945159912,3.721418619155884,-0.15933549404144287,1.5700000524520874,-1.825405240058899,1.5700000524520874,-1.9090895652770996,3.807234525680542,-0.08464890718460083,0.026039400563885096,0.9873534440384937,0.003633367803537624,0.18372023714501395,0.09940147511867625,-0.04970061805702816
154,3.0799999999999566,0.11986064910888672,-0.018452482298016548,-0.051671046763658524,-0.32493796944618225,-0.04066794365644455,-0.8280337452888489,-0.3753320872783661,-0.0010306225158274174,-0.9268898367881775,0.0,0.0,0.0,0.27000001072883606,0.0,0.25483864545822144,0.0011119142873212695,0.6450088024139404,-0.038899898529052734,0.6705117225646973,-0.033698081970214844,11.46371841430664,-3.636096715927124,0.11984512209892273,-0.016547057777643204,-0.004675570409744978,-0.048198387026786804,3.7493767738342285,-0.12059582024812698,0.6879506707191467,0.04405883699655533,2.012381076812744,-0.018563218414783478,0.4651773273944855,-0.01991693675518036,0.6905286908149719,0.04966330528259277,2.003603935241699,-0.015211381018161774,0.46133309602737427,-0.02212733030319214,1.5700000524520874,-1.837920904159546,1.5700000524520874,-1.9190142154693604,3.690664768218994,-0.1770186424255371,1.5700000524520874,-1.846787452697754,1.5700000524520874,-1.9232771396636963,3.7893576622009277,-0.14440345764160156,0.0752293706110887,0.9740657949722475,-0.002740041872403509,0.1860387545726354,0.0038132587120403016,-0.04472740021939545
155,3.099999999999956,0.1204034611582756,-0.016028666868805885,-0.05134899914264679,-0.3424781262874603,0.0054518613032996655,-0.8390789031982422,-0.3760959506034851,-0.0011722841300070286,-0.9265799522399902,0.0,0.0,0.0,0.27000001072883606,0.0,0.25475651025772095,0.001265172497369349,0.6465816497802734,-0.038993000984191895,0.670488715171814,-0.034863948822021484,11.537559509277344,-3.6385676860809326,0.1005920022726059,-0.004323359113186598,-0.0016648904420435429,-0.05149088799953461,3.6790659427642822,-0.13834725320339203,0.6905286908149719,0.04966330528259277,2.003603935241699,-0.015211381018161774,0.46133309602737427,-0.02212733030319214,0.6906443238258362,0.05328449606895447,2.001035451889038,-0.012737564742565155,0.4585859477519989,-0.0254506915807724,1.5700000524520874,-1.8333944082260132,1.5700000524520874,-1.915921926498413,3.668687582015991,-0.2036055326461792,1.5700000524520874,-1.8449264764785767,1.5700000524520874,-1.923203945159912,3.721418619155884,-0.15933549404144287,0.23194852377497455,0.9232454358504114,-0.012987168096749713,0.26923997799665145,0.08901540861911084,-0.13932891814648835
156,3.1199999999999557,0.12071190774440765,-0.019915692508220673,-0.05040793493390083,-0.32456454634666443,-0.05838805064558983,-0.8358301520347595,-0.37686797976493835,-0.0013689848128706217,-0.9262659549713135,0.0,0.0,0.0,0.27000001072883606,0.0,0.2547184228897095,0.0014779597986489534,0.6483845710754395,-0.03870880603790283,0.6704498529434204,-0.03540444374084473,11.610912322998047,-3.641641616821289,0.11278267204761505,0.027367088943719864,-0.0045145731419324875,-0.02779955230653286,3.6502432823181152,-0.15272337198257446,0.6906443238258362,0.05328449606895447,2.001035451889038,-0.012737564742565155,0.4585859477519989,-0.0254506915807724,0.692236065864563,0.04869585484266281,2.004664897918701,-0.017208315432071686,0.4540305435657501,-0.02759116142988205,1.5700000524520874,-1.839130163192749,1.5700000524520874,-1.9215103387832642,3.632244348526001,-0.2207292914390564,1.5700000524520874,-1.837920904159546,1.5700000524520874,-1.9190142154693604,3.690664768218994,-0.1770186424255371,0.035713323609742886,0.9589609651982371,0.00038670701866116985,0.2126403247011801,0.09709993372739056,-0.05462434550916273
157,3.1399999999999553,0.12147772312164307,-0.017639445140957832,-0.048597466200590134,-0.3431203365325928,-0.06822451204061508,-0.8510912656784058,-0.37770876288414,-0.0014538017567247152,-0.9259232878684998,0.0,0.0,0.0,0.27000001072883606,0.0,0.2547302842140198,0.0015701090451329947,0.6497206687927246,-0.03787684440612793,0.6704503297805786,-0.03568553924560547,11.683666229248047,-3.6450490951538086,0.1189388558268547,0.042841508984565735,-0.005089296493679285,-0.006076309829950333,3.634389877319336,-0.18540886044502258,0.692236065864563,0.04869585484266281,2.004664897918701,-0.017208315432071686,0.4540305435657501,-0.02759116142988205,0.695514976978302,0.047961607575416565,2.010193347930908,-0.017737649381160736,0.44918885827064514,-0.030948296189308167,1.5700000524520874,-1.8400479555130005,1.5700000524520874,-1.9221720695495605,3.593510866165161,-0.24758636951446533,1.5700000524520874,-1.8333944082260132,1.5700000524520874,-1.915921926498413,3.668687582015991,-0.2036055326461792,0.018138683601099714,0.9624968961016052,-0.0007403983290732441,0.20441154396374372,0.08588840940373554,-0.040753652080156855
158,3.159999999999955,0.1193414181470871,-0.0186602883040905,-0.05256222188472748,-0.3551905155181885,-0.0753580629825592,-0.8820685744285583,-0.3789152204990387,-0.0016542031662538648,-0.9254299402236938,0.0,0.0,0.0,0.27000001072883606,0.0,0.25469473004341125,0.0017874951008707285,0.6516373157501221,-0.03747224807739258,0.6703907251358032,-0.036405086517333984,11.756096839904785,-3.6490132808685303,0.07482914626598358,0.011913350783288479,-0.0009258115896955132,-0.04315735027194023,3.638364315032959,-0.20004136860370636,0.695514976978302,0.047961607575416565,2.010193347930908,-0.017737649381160736,0.44918885827064514,-0.030948296189308167,0.6982981562614441,0.0441526398062706,2.017409086227417,-0.01917136460542679,0.4480455219745636,-0.032027117908000946,1.5700000524520874,-1.8448091745376587,1.5700000524520874,-1.9239641427993774,3.584364175796509,-0.25621694326400757,1.5700000524520874,-1.839130163192749,1.5700000524520874,-1.9215103387832642,3.632244348526001,-0.2207292914390564,-0.05190218995783091,0.9373693331840087,0.00669434770308186,0.2273547686008648,0.05762900040816099,-0.039880937153969176
159,3.1799999999999544,0.11967062950134277,-0.01598105952143669,-0.053058624267578125,-0.3655151128768921,-0.055462807416915894,-0.8762134313583374,-0.3792000710964203,-0.0018174616852775216,-0.9253129363059998,0.0,0.0,0.0,0.27000001072883606,0.0,0.25466394424438477,0.0019641562830656767,0.6528023481369019,-0.037126898765563965,0.670413613319397,-0.03727889060974121,11.827457427978516,-3.6533355712890625,0.07160703837871552,0.0018192250281572342,-0.0008151002111844718,-0.038180481642484665,3.600849151611328,-0.23119093477725983,0.6982981562614441,0.0441526398062706,2.017409086227417,-0.01917136460542679,0.4480455219745636,-0.032027117908000946,0.7011001706123352,0.04563286155462265,2.0191073417663574,-0.018581099808216095,0.44546589255332947,-0.03289783000946045,1.5700000524520874,-1.842958927154541,1.5700000524520874,-1.9232263565063477,3.5637271404266357,-0.2631826400756836,1.5700000524520874,-1.8400479555130005,1.5700000524520874,-1.9221720695495605,3.593510866165161,-0.24758636951446533,-0.045872034314585974,0.9446840884197414,0.0027106860932715193,0.22193620806564596,0.059933348959878785,-0.028514542589133274
160,3.199999999999954,0.12012385576963425,-0.020643947646021843,-0.05265242978930473,-0.3073613941669464,0.0024297370109707117,-0.8073489665985107,-0.37957489490509033,-0.002071479568257928,-0.925158679485321,0.0,0.0,0.0,0.27000001072883606,0.0,0.2545919120311737,0.002239049645140767,0.65464186668396,-0.03721296787261963,0.6703548431396484,-0.0382615327835083,11.898752212524414,-3.6580679416656494,0.08966978639364243,-0.003612497355788946,-0.0025629159063100815,-0.05064130201935768,3.552546262741089,-0.23552671074867249,0.7011001706123352,0.04563286155462265,2.0191073417663574,-0.018581099808216095,0.44546589255332947,-0.03289783000946045,0.6990207433700562,0.050914108753204346,2.0075812339782715,-0.016951553523540497,0.44185975193977356,-0.03204745054244995,1.5700000524520874,-1.8363573551177979,1.5700000524520874,-1.9211894273757935,3.5348780155181885,-0.2563796043395996,1.5700000524520874,-1.8448091745376587,1.5700000524520874,-1.9239641427993774,3.584364175796509,-0.25621694326400757,0.024594680550400483,0.9508907824786164,-0.0022768022794430465,0.24378891943685943,-0.014833827635150065,-0.037642156161240725
161,3.2199999999999536,0.1215655729174614,-0.01948656141757965,-0.04983656108379364,-0.2926178276538849,0.06210329383611679,-0.76908278465271,-0.37981677055358887,-0.002224329859018326,-0.9250590801239014,0.0,0.0,0.0,0.27000001072883606,0.0,0.2545205056667328,0.002404522616416216,0.6558371782302856,-0.03715157508850098,0.6703668832778931,-0.03922545909881592,11.969605445861816,-3.6628036499023438,0.05185764282941818,0.004261303693056107,0.0030186884105205536,-0.03948153927922249,3.5216739177703857,-0.24019989371299744,0.6990207433700562,0.050914108753204346,2.0075812339782715,-0.016951553523540497,0.44185975193977356,-0.03204745054244995,0.6938570737838745,0.055848732590675354,1.9960310459136963,-0.01428619772195816,0.44089531898498535,-0.030227333307266235,1.5700000524520874,-1.8301891088485718,1.5700000524520874,-1.9178577661514282,3.527162551879883,-0.24181866645812988,1.5700000524520874,-1.842958927154541,1.5700000524520874,-1.9232263565063477,3.5637271404266357,-0.2631826400756836,0.21490868539910757,0.9352862211525412,-0.02108662991500232,0.2754231693805558,-0.004417547547966194,-0.1003974195872217
162,3.239999999999953,0.1207987442612648,-0.019114317372441292,-0.050374072045087814,-0.32573550939559937,-0.030269809067249298,-0.8248375654220581,-0.3800967037677765,-0.0024092982057482004,-0.9249436259269714,0.0,0.0,0.0,0.27000001072883606,0.0,0.25449466705322266,0.0026047995779663324,0.6574138402938843,-0.03669130802154541,0.6703342199325562,-0.0397411584854126,12.039855003356934,-3.6675922870635986,0.09273891150951385,0.030501477420330048,-0.0037635338958352804,-0.02532985433936119,3.5058090686798096,-0.2388409674167633,0.6938570737838745,0.055848732590675354,1.9960310459136963,-0.01428619772195816,0.44089531898498535,-0.030227333307266235,0.699078381061554,0.05000271648168564,2.0095927715301514,-0.01861492544412613,0.4389849603176117,-0.034144818782806396,1.5700000524520874,-1.8374965190887451,1.5700000524520874,-1.9232686758041382,3.5118796825408936,-0.27315855026245117,1.5700000524520874,-1.8363573551177979,1.5700000524520874,-1.9211894273757935,3.5348780155181885,-0.2563796043395996,-0.025559172419230336,0.9476841171900716,0.00021860855492761289,0.2328228971562396,0.06757826041560033,-0.039827776984337204
163,3.2599999999999527,0.12141157686710358,-0.020500389859080315,-0.047730471938848495,-0.3241446018218994,-0.05062602832913399,-0.8325766324996948,-0.3809490501880646,-0.0026752108242362738,-0.924592137336731,0.0,0.0,0.0,0.27000001072883606,0.0,0.2545052766799927,0.0028933873400092125,0.6590671539306641,-0.03563714027404785,0.6702786684036255,-0.040003299713134766,12.110052108764648,-3.672130823135376,0.09011146426200867,0.06058015301823616,-0.0033531433437019587,-0.011398956179618835,3.501026153564453,-0.22563967108726501,0.699078381061554,0.05000271648168564,2.0095927715301514,-0.01861492544412613,0.4389849603176117,-0.034144818782806396,0.7007424831390381,0.048991426825523376,2.0150792598724365,-0.01956973224878311,0.43492403626441956,-0.0352710485458374,1.5700000524520874,-1.8387607336044312,1.5700000524520874,-1.9244621992111206,3.4793922901153564,-0.2821683883666992,1.5700000524520874,-1.8301891088485718,1.5700000524520874,-1.9178577661514282,3.527162551879883,-0.24181866645812988,-0.04172346475731281,0.93956056430385,0.0011084846859592545,0.24326527222060434,0.05919654233607918,-0.03684797560385028
164,3.2799999999999523,0.12106076627969742,-0.02192595973610878,-0.049671825021505356,-0.3061634600162506,-0.004079795442521572,-0.8105711340904236,-0.3817902207374573,-0.00290959095582366,-0.9242444038391113,0.0,0.0,0.0,0.27000001072883606,0.0,0.25449618697166443,0.0031480647157877684,0.6607739925384521,-0.03502166271209717,0.6702287197113037,-0.04071450233459473,12.180112838745117,-3.6772680282592773,0.07508647441864014,0.02878216654062271,-0.0011806190013885498,-0.039315901696681976,3.487489938735962,-0.2566227912902832,0.7007424831390381,0.048991426825523376,2.0150792598724365,-0.01956973224878311,0.43492403626441956,-0.0352710485458374,0.701431155204773,0.05075228214263916,2.0120458602905273,-0.01837148517370224,0.432804137468338,-0.03486963361501694,1.5700000524520874,-1.8365596532821655,1.5700000524520874,-1.922964334487915,3.462433099746704,-0.2789570689201355,1.5700000524520874,-1.8374965190887451,1.5700000524520874,-1.9232686758041382,3.5118796825408936,-0.27315855026245117,-0.016484893063491768,0.9368676080771188,-0.003131441388127598,0.251739486001874,-0.0313581234024225,-0.028444390664894237
165,3.299999999999952,0.11960998177528381,-0.018001174554228783,-0.05265587940812111,-0.35554608702659607,-0.04134133830666542,-0.8686122298240662,-0.3823781907558441,-0.0030945842154324055,-0.9240007400512695,0.0,0.0,0.0,0.27000001072883606,0.0,0.2544519007205963,0.003349101869389415,0.6627461910247803,-0.034569621086120605,0.6701072454452515,-0.04160881042480469,12.2494478225708,-3.682694911956787,0.10490404069423676,0.018852263689041138,-0.010965587571263313,-0.045158497989177704,3.4705166816711426,-0.2749080955982208,0.701431155204773,0.05075228214263916,2.0120458602905273,-0.01837148517370224,0.432804137468338,-0.03486963361501694,0.7085976600646973,0.04792732000350952,2.0256781578063965,-0.019874267280101776,0.43132925033569336,-0.03921137750148773,1.5700000524520874,-1.8400908708572388,1.5700000524520874,-1.9248428344726562,3.450634002685547,-0.31369102001190186,1.5700000524520874,-1.8387607336044312,1.5700000524520874,-1.9244621992111206,3.4793922901153564,-0.2821683883666992,-0.1266337922188363,0.9176176750472678,0.012229786772442353,0.26024575282642104,0.022657296939379457,-0.01775783183932622
166,3.3199999999999514,0.120697021484375,-0.01926909200847149,-0.05109826847910881,-0.33469370007514954,-0.026850447058677673,-0.8372656106948853,-0.3826739490032196,-0.0033763209357857704,-0.9238772988319397,0.0,0.0,0.0,0.27000001072883606,0.0,0.2544284760951996,0.003654496045783162,0.6641813516616821,-0.034030914306640625,0.6700804233551025,-0.04234671592712402,12.318514823913574,-3.6880578994750977,0.08594577014446259,0.02942139282822609,-0.0022793770767748356,-0.034476958215236664,3.4470291137695312,-0.26916417479515076,0.7085976600646973,0.04792732000350952,2.0256781578063965,-0.019874267280101776,0.43132925033569336,-0.03921137750148773,0.708060622215271,0.0495658740401268,2.023228645324707,-0.019802652299404144,0.42895057797431946,-0.03747415542602539,1.5700000524520874,-1.8380426168441772,1.5700000524520874,-1.9247533082962036,3.4316046237945557,-0.2997932434082031,1.5700000524520874,-1.8365596532821655,1.5700000524520874,-1.922964334487915,3.462433099746704,-0.2789570689201355,-0.09468295887016609,0.9146662008534356,0.0012740117102794102,0.26275862785558957,0.04020062933828239,-0.023450586434957676
167,3.339999999999951,0.12009476870298386,-0.01701963134109974,-0.05313064530491829,-0.3580375909805298,-0.02416238747537136,-0.8631026148796082,-0.38313940167427063,-0.0034330834168940783,-0.9236841201782227,0.0,0.0,0.0,0.27000001072883606,0.0,0.2543765902519226,0.0037167116533964872,0.6660521030426025,-0.033754587173461914,0.6698662042617798,-0.04314470291137695,12.387377738952637,-3.6941487789154053,0.09551019966602325,0.009692467749118805,-0.016150102019309998,-0.0408230721950531,3.444714307785034,-0.30852821469306946,0.708060622215271,0.0495658740401268,2.023228645324707,-0.019802652299404144,0.42895057797431946,-0.03747415542602539,0.7122730612754822,0.04889734834432602,2.0292985439300537,-0.019544310867786407,0.42781177163124084,-0.03917387127876282,1.5700000524520874,-1.8388782739639282,1.5700000524520874,-1.9244303703308105,3.4224941730499268,-0.31339097023010254,1.5700000524520874,-1.8400908708572388,1.5700000524520874,-1.9248428344726562,3.450634002685547,-0.31369102001190186,-0.14535298829324894,0.9145838500104695,0.027350919686135455,0.2628133020266361,0.014069859683071506,-0.013205084647229137
168,3.3599999999999506,0.1212616041302681,-0.019355202093720436,-0.05193956196308136,-0.32635989785194397,-0.007503928616642952,-0.8193895816802979,-0.3832053244113922,-0.003728126408532262,-0.9236556887626648,0.0,0.0,0.0,0.27000001072883606,0.0,0.25434330105781555,0.004036250989884138,0.6672874689102173,-0.03338801860809326,0.6701420545578003,-0.04393327236175537,12.455870628356934,-3.699977159500122,0.07059255987405777,0.02017034962773323,-0.0016514355083927512,-0.03647591173648834,3.416102170944214,-0.2895677983760834,0.7122730612754822,0.04889734834432602,2.0292985439300537,-0.019544310867786407,0.42781177163124084,-0.03917387127876282,0.709502637386322,0.05103794485330582,2.022839069366455,-0.019585587084293365,0.42680612206459045,-0.035987988114356995,1.5700000524520874,-1.8362025022506714,1.5700000524520874,-1.924481987953186,3.4144489765167236,-0.28790390491485596,1.5700000524520874,-1.8380426168441772,1.5700000524520874,-1.9247533082962036,3.4316046237945557,-0.2997932434082031,-0.09819921069732018,0.9110470471098608,-0.011317494808158912,0.26529610673309634,0.03834553107454752,-0.02382152723076869
169,3.37999999999995,0.12113846093416214,-0.017102383077144623,-0.05280328169465065,-0.3502997159957886,-0.011133956722915173,-0.8467439413070679,-0.38335514068603516,-0.003806455759331584,-0.9235931634902954,0.0,0.0,0.0,0.27000001072883606,0.0,0.25429826974868774,0.0041213324293494225,0.668879508972168,-0.03308260440826416,0.6698914766311646,-0.04460597038269043,12.524155616760254,-3.706101894378662,0.08198714256286621,0.013382857665419579,-0.017214346677064896,-0.032812654972076416,3.416186809539795,-0.30873972177505493,0.709502637386322,0.05103794485330582,2.022839069366455,-0.019585587084293365,0.42680612206459045,-0.035987988114356995,0.7122955322265625,0.050962895154953,2.027905225753784,-0.019053153693675995,0.42656126618385315,-0.03672943264245987,1.5700000524520874,-1.8362963199615479,1.5700000524520874,-1.923816442489624,3.412490129470825,-0.29383546113967896,1.5700000524520874,-1.8388782739639282,1.5700000524520874,-1.9244303703308105,3.4224941730499268,-0.31339097023010254,-0.14689412973248928,0.9142771723852299,0.02995713556033941,0.26687534072335595,0.015009019088698672,-0.011460432203239002
170,3.3999999999999497,0.12173698842525482,-0.017800306901335716,-0.05194825679063797,-0.34958991408348083,-0.01457549724727869,-0.8522612452507019,-0.38353779911994934,-0.003854996059089899,-0.923517107963562,0.0,0.0,0.0,0.27000001072883606,0.0,0.25426185131073,0.004174231085926294,0.6703333854675293,-0.032624244689941406,0.6693990230560303,-0.04524099826812744,12.592394828796387,-3.7118492126464844,0.04200884699821472,0.026576606556773186,-0.03336918354034424,-0.0313454195857048,3.418261766433716,-0.2888561487197876,0.7122955322265625,0.050962895154953,2.027905225753784,-0.019053153693675995,0.42656126618385315,-0.03672943264245987,0.7116455435752869,0.05055501312017441,2.029369354248047,-0.018822498619556427,0.4269275367259979,-0.03353089094161987,1.5700000524520874,-1.8368061780929565,1.5700000524520874,-1.9235280752182007,3.4154202938079834,-0.268247127532959,1.5700000524520874,-1.8362025022506714,1.5700000524520874,-1.924481987953186,3.4144489765167236,-0.28790390491485596,-0.16459268399377613,0.9185489491411651,0.047181827199706206,0.2679062616092658,0.0084590979098218,-0.0045935207943834655
171,3.4199999999999493,0.12299779057502747,-0.019541969522833824,-0.05096101015806198,-0.32060834765434265,0.03096652403473854,-0.8111677765846252,-0.3830626606941223,-0.004094842355698347,-0.9237132668495178,0.0,0.0,0.0,0.27000001072883606,0.0,0.2542581856250763,0.004432994406670332,0.6705082654953003,-0.032053351402282715,0.6688258647918701,-0.04583585262298584,12.660684585571289,-3.7177488803863525,0.00029655382968485355,0.027929743751883507,-0.024041851982474327,-0.028998544439673424,3.4122507572174072,-0.2943015694618225,0.7116455435752869,0.05055501312017441,2.029369354248047,-0.018822498619556427,0.4269275367259979,-0.03353089094161987,0.707646369934082,0.05417470633983612,2.019850730895996,-0.016600795090198517,0.4268074035644531,-0.02837006002664566,1.5700000524520874,-1.8322815895080566,1.5700000524520874,-1.9207509756088257,3.414459228515625,-0.22696048021316528,1.5700000524520874,-1.8362963199615479,1.5700000524520874,-1.923816442489624,3.412490129470825,-0.29383546113967896,-0.012286858717557081,0.9017187901136552,0.06463256968115516,0.2780659407506718,-0.002216999889156135,0.00237610652687148
172,3.439999999999949,0.1235395073890686,-0.019422484561800957,-0.05111132934689522,-0.3119066059589386,0.03264997899532318,-0.79253089427948,-0.3823907673358917,-0.00439992593601346,-0.9239902496337891,0.0,0.0,0.0,0.27000001072883606,0.0,0.2542593777179718,0.00476183881983161,0.6704719066619873,-0.0315549373626709,0.6684094667434692,-0.046391844749450684,12.728958129882812,-3.723139762878418,-0.0020362057257443666,0.023496074602007866,-0.017741745337843895,-0.025641849264502525,3.4128644466400146,-0.26745373010635376,0.707646369934082,0.05417470633983612,2.019850730895996,-0.016600795090198517,0.4268074035644531,-0.02837006002664566,0.7056240439414978,0.055980928242206573,2.0155179500579834,-0.01623886078596115,0.42837488651275635,-0.02408408373594284,1.5700000524520874,-1.8300237655639648,1.5700000524520874,-1.9202985763549805,3.426999092102051,-0.19267266988754272,1.5700000524520874,-1.8368061780929565,1.5700000524520874,-1.9235280752182007,3.4154202938079834,-0.268247127532959,-0.0006402870878634559,0.8997299033354267,0.05380110684491335,0.2812740135480212,0.003924528550428796,-0.0003140015839128152
173,3.4599999999999485,0.1246807649731636,-0.019408276304602623,-0.049543604254722595,-0.3066371977329254,0.01906617544591427,-0.7824938297271729,-0.3818676471710205,-0.00470363162457943,-0.9242050647735596,0.0,0.0,0.0,0.27000001072883606,0.0,0.25428199768066406,0.005089337006211281,0.6704442501068115,-0.030780911445617676,0.6680474281311035,-0.0466538667678833,12.7971773147583,-3.7277214527130127,-0.0011021379614248872,0.040755316615104675,-0.015154830180108547,-0.009415285661816597,3.4109315872192383,-0.2259065806865692,0.7056240439414978,0.055980928242206573,2.0155179500579834,-0.01623886078596115,0.42837488651275635,-0.02408408373594284,0.7039828300476074,0.05734563618898392,2.0136008262634277,-0.016151107847690582,0.42930862307548523,-0.02003420889377594,1.5700000524520874,-1.8283178806304932,1.5700000524520874,-1.9201889038085938,3.434468984603882,-0.16027367115020752,1.5700000524520874,-1.8322815895080566,1.5700000524520874,-1.9207509756088257,3.414459228515625,-0.22696048021316528,-0.0019686175055237953,0.9058896535489325,0.05200733235210997,0.2802537091540884,0.006788809011867514,-0.00044235629229510964
174,3.479999999999948,0.1254505217075348,-0.019591351971030235,-0.04898709058761597,-0.3029775321483612,0.01039899792522192,-0.7771115899085999,-0.3815460503101349,-0.005025006830692291,-0.9243361949920654,0.0,0.0,0.0,0.27000001072883606,0.0,0.25432735681533813,0.005436287727206945,0.6704294681549072,-0.029850363731384277,0.667758584022522,-0.04678487777709961,12.865618705749512,-3.731586456298828,-0.000552416022401303,0.04737579822540283,-0.012687099166214466,-0.005118018947541714,3.422865390777588,-0.19098031520843506,0.7039828300476074,0.05734563618898392,2.0136008262634277,-0.016151107847690582,0.42930862307548523,-0.02003420889377594,0.7030885219573975,0.058334819972515106,2.0128769874572754,-0.015892393887043,0.430306613445282,-0.01601889729499817,1.5700000524520874,-1.8270814418792725,1.5700000524520874,-1.9198654890060425,3.442452907562256,-0.12815117835998535,1.5700000524520874,-1.8300237655639648,1.5700000524520874,-1.9202985763549805,3.426999092102051,-0.19267266988754272,-0.0030065518791531076,0.9056660082401606,0.04885082249851891,0.27586014677394743,0.008408642382511822,-0.002468701492959746
175,3.4999999999999476,0.126227468252182,-0.019875146448612213,-0.04885755851864815,-0.2999441623687744,0.005982766859233379,-0.7736811637878418,-0.3813270032405853,-0.005371182691305876,-0.9244245886802673,0.0,0.0,0.0,0.27000001072883606,0.0,0.254382461309433,0.005810233298689127,0.6704233884811401,-0.028823137283325195,0.6674988269805908,-0.04688465595245361,12.934215545654297,-3.734797477722168,-0.00022040038311388344,0.05165507644414902,-0.011417876929044724,-0.00421027559787035,3.4303414821624756,-0.15857386589050293,0.7030885219573975,0.058334819972515106,2.0128769874572754,-0.015892393887043,0.430306613445282,-0.01601889729499817,0.7025972604751587,0.05952303856611252,2.0122880935668945,-0.01541735976934433,0.4312610328197479,-0.012124337255954742,1.5700000524520874,-1.8255962133407593,1.5700000524520874,-1.91927170753479,3.4500882625579834,-0.09699469804763794,1.5700000524520874,-1.8283178806304932,1.5700000524520874,-1.9201889038085938,3.434468984603882,-0.16027367115020752,-0.0037363943078361217,0.9036471137764046,0.04879126850870996,0.275686129562537,0.008346207112318815,-0.0026529100169171427
176,3.519999999999947,0.12703557312488556,-0.019964439794421196,-0.048921581357717514,-0.29737356305122375,0.0030759854707866907,-0.7692323923110962,-0.3811663091182709,-0.005734495352953672,-0.9244887232780457,0.0,0.0,0.0,0.27000001072883606,0.0,0.2544427514076233,0.006202803459018469,0.6704216003417969,-0.02774369716644287,0.667259931564331,-0.046962618827819824,13.002975463867188,-3.7373695373535156,-6.729590677423403e-05,0.053767308592796326,-0.010452166199684143,-0.0030163044575601816,3.438488721847534,-0.12663006782531738,0.7025972604751587,0.05952303856611252,2.0122880935668945,-0.01541735976934433,0.4312610328197479,-0.012124337255954742,0.7021672129631042,0.06081515550613403,2.0115129947662354,-0.014905266463756561,0.43236520886421204,-0.008058078587055206,1.5700000524520874,-1.8239810466766357,1.5700000524520874,-1.9186315536499023,3.4589216709136963,-0.06446462869644165,1.5700000524520874,-1.8270814418792725,1.5700000524520874,-1.9198654890060425,3.442452907562256,-0.12815117835998535,-0.004088496047522483,0.9006021563724111,0.04924216748334764,0.2775004388926341,0.007965635679203942,-0.0022845581499225665
177,3.5399999999999467,0.12796632945537567,-0.019934087991714478,-0.0489678792655468,-0.29499849677085876,0.00034540140768513083,-0.7640700936317444,-0.3810517191886902,-0.006102700252085924,-0.9245336055755615,0.0,0.0,0.0,0.27000001072883606,0.0,0.2545080780982971,0.00660074595361948,0.6704214811325073,-0.026610374450683594,0.6670404672622681,-0.046991586685180664,13.07188892364502,-3.739320755004883,-1.1770708624680992e-05,0.05641952157020569,-0.009509517811238766,-0.0004030663112644106,3.446190357208252,-0.09559833258390427,0.7021672129631042,0.06081515550613403,2.0115129947662354,-0.014905266463756561,0.43236520886421204,-0.008058078587055206,0.7016997337341309,0.062166303396224976,2.0105292797088623,-0.014382250607013702,0.43353381752967834,-0.0038746148347854614,1.5700000524520874,-1.8222920894622803,1.5700000524520874,-1.9179778099060059,3.4682705402374268,-0.03099691867828369,1.5700000524520874,-1.8255962133407593,1.5700000524520874,-1.91927170753479,3.4500882625579834,-0.09699469804763794,-0.004227448574321002,0.8988045447930482,0.04957437115695562,0.2787069526179735,0.00783495972791659,-0.0019954493862875955
178,3.5599999999999463,0.12896712124347687,-0.01988177001476288,-0.04902859032154083,-0.29265445470809937,-0.002478336449712515,-0.7587404847145081,-0.3809838891029358,-0.006472399458289146,-0.9245589971542358,0.0,0.0,0.0,0.27000001072883606,0.0,0.25457921624183655,0.00700041139498353,0.6704219579696655,-0.025420784950256348,0.6668392419815063,-0.04696512222290039,13.140978813171387,-3.7406251430511475,5.738298568758182e-06,0.0592433325946331,-0.008605274371802807,0.002379504032433033,3.4550445079803467,-0.06314828246831894,0.7016997337341309,0.062166303396224976,2.0105292797088623,-0.014382250607013702,0.43353381752967834,-0.0038746148347854614,0.7011353373527527,0.06355756521224976,2.0094094276428223,-0.013844110071659088,0.43482065200805664,0.0004687011241912842,1.5700000524520874,-1.8205530643463135,1.5700000524520874,-1.9173051118850708,3.478565216064453,0.0037496089935302734,1.5700000524520874,-1.8239810466766357,1.5700000524520874,-1.9186315536499023,3.4589216709136963,-0.06446462869644165,-0.004273192083484645,0.8974904085879203,0.04979980129042971,0.2793568224432228,0.007823536178240609,-0.0017966246636635097
179,3.579999999999946,0.13003844022750854,-0.019840041175484657,-0.049128320068120956,-0.2903178036212921,-0.005121028516441584,-0.7534655332565308,-0.38096141815185547,-0.006844163406640291,-0.9245656132698059,0.0,0.0,0.0,0.27000001072883606,0.0,0.2546563446521759,0.007402436807751656,0.6704224348068237,-0.02417290210723877,0.6666548252105713,-0.04688441753387451,13.210254669189453,-3.741262435913086,1.295496531383833e-05,0.06212795898318291,-0.007774061989039183,0.005018827971071005,3.464418649673462,-0.029745889827609062,0.7011353373527527,0.06355756521224976,2.0094094276428223,-0.013844110071659088,0.43482065200805664,0.0004687011241912842,0.7004932761192322,0.06499820202589035,2.0081663131713867,-0.013274155557155609,0.4362160265445709,0.0049473196268081665,1.5700000524520874,-1.8187521696090698,1.5700000524520874,-1.9165927171707153,3.4897282123565674,0.03957855701446533,1.5700000524520874,-1.8222920894622803,1.5700000524520874,-1.9179778099060059,3.4682705402374268,-0.03099691867828369,-0.0042958147846796635,0.8962036776241966,0.049998815563109034,0.27982814813923795,0.007793793852838959,-0.0016444850182144033
180,3.5999999999999455,0.13117200136184692,-0.019807860255241394,-0.04927033931016922,-0.2879984974861145,-0.0076563009060919285,-0.7482476234436035,-0.38098180294036865,-0.007219016086310148,-0.9245543479919434,0.0,0.0,0.0,0.27000001072883606,0.0,0.25473928451538086,0.007807944901287556,0.670423150062561,-0.022867441177368164,0.6664857864379883,-0.0467531681060791,13.279735565185547,-3.7412078380584717,1.6546053302590735e-05,0.06498624384403229,-0.0070166089572012424,0.0074971881695091724,3.4747467041015625,0.004935836885124445,0.7004932761192322,0.06499820202589035,2.0081663131713867,-0.013274155557155609,0.4362160265445709,0.0049473196268081665,0.6997653841972351,0.0664883404970169,2.0068087577819824,-0.012672685086727142,0.4377344250679016,0.009578198194503784,1.5700000524520874,-1.8168895244598389,1.5700000524520874,-1.9158408641815186,3.501875400543213,0.07662558555603027,1.5700000524520874,-1.8205530643463135,1.5700000524520874,-1.9173051118850708,3.478565216064453,0.0037496089935302734,-0.004307946369140225,0.8948968656970919,0.0501874600454979,0.2803070358550137,0.007754390033723801,-0.001491184213685019
181,3.619999999999945,0.13237297534942627,-0.019780663773417473,-0.04944824054837227,-0.2857118844985962,-0.010103628970682621,-0.7430789470672607,-0.38104334473609924,-0.0075975749641656876,-0.9245259761810303,0.0,0.0,0.0,0.27000001072883606,0.0,0.25482794642448425,0.00821762066334486,0.6704237461090088,-0.021503686904907227,0.6663306951522827,-0.046572327613830566,13.34943962097168,-3.7404391765594482,1.944245013874024e-05,0.0678793415427208,-0.006327780894935131,0.009925486519932747,3.4859519004821777,0.04070058837532997,0.6997653841972351,0.0664883404970169,2.0068087577819824,-0.012672685086727142,0.4377344250679016,0.009578198194503784,0.6989539265632629,0.06802885234355927,2.005336284637451,-0.012039266526699066,0.43937209248542786,0.014359250664710999,1.5700000524520874,-1.814963936805725,1.5700000524520874,-1.9150490760803223,3.514976739883423,0.11487400531768799,1.5700000524520874,-1.8187521696090698,1.5700000524520874,-1.9165927171707153,3.4897282123565674,0.03957855701446533,-0.004317856055910951,0.8935600418200451,0.05036881640812574,0.28079451809141887,0.007698153336800573,-0.0013407493711999063
182,3.6399999999999446,0.13363976776599884,-0.019756929948925972,-0.04966062679886818,-0.2834572494029999,-0.012502587400376797,-0.7379482984542847,-0.3811448812484741,-0.007980244234204292,-0.9244808554649353,0.0,0.0,0.0,0.27000001072883606,0.0,0.25492238998413086,0.008631921373307705,0.6704243421554565,-0.020081281661987305,0.6661883592605591,-0.046343207359313965,13.41938591003418,-3.7389323711395264,2.2497237296192907e-05,0.07080236822366714,-0.005703554023057222,0.012309156358242035,3.498150110244751,0.07768279314041138,0.6989539265632629,0.06802885234355927,2.005336284637451,-0.012039266526699066,0.43937209248542786,0.014359250664710999,0.6980530619621277,0.06962162256240845,2.003748893737793,-0.011374108493328094,0.441133588552475,0.01929663121700287,1.5700000524520874,-1.812972903251648,1.5700000524520874,-1.9142175912857056,3.5290687084198,0.15437304973602295,1.5700000524520874,-1.8168895244598389,1.5700000524520874,-1.9158408641815186,3.501875400543213,0.07662558555603027,-0.00432768647007542,0.8921961254180104,0.05055285880042426,0.2812848514042656,0.0076257185961985385,-0.0011870269898366093
183,3.659999999999944,0.1349731832742691,-0.01973610930144787,-0.04990731552243233,-0.2812313437461853,-0.014851998537778854,-0.7328472137451172,-0.38128548860549927,-0.008367372676730156,-0.9244194626808167,0.0,0.0,0.0,0.27000001072883606,0.0,0.2550225257873535,0.009051241911947727,0.6704250574111938,-0.018599271774291992,0.6660574674606323,-0.04606640338897705,13.489594459533691,-3.736663341522217,2.5818657377385534e-05,0.07375939935445786,-0.005138114094734192,0.014655965380370617,3.5113112926483154,0.11586622148752213,0.6980530619621277,0.06962162256240845,2.003748893737793,-0.011374108493328094,0.441133588552475,0.01929663121700287,0.6970608830451965,0.07126928865909576,2.002042531967163,-0.010675974190235138,0.4430193305015564,0.024391338229179382,1.5700000524520874,-1.810913324356079,1.5700000524520874,-1.9133449792861938,3.544154644012451,0.19513070583343506,1.5700000524520874,-1.814963936805725,1.5700000524520874,-1.9150490760803223,3.514976739883423,0.11487400531768799,-0.004338398049775094,0.8907987978567142,0.05074046306626556,0.2817716693737893,0.007534819664372527,-0.0010329225712082113
184,3.6799999999999438,0.13637295365333557,-0.019718268886208534,-0.05018763989210129,-0.2790291905403137,-0.0171684417873621,-0.7277688384056091,-0.38146448135375977,-0.008759303018450737,-0.9243419766426086,0.0,0.0,0.0,0.27000001072883606,0.0,0.255128413438797,0.00947597436606884,0.6704256534576416,-0.017057061195373535,0.6659369468688965,-0.04574263095855713,13.560084342956543,-3.733607053756714,2.91445594484685e-05,0.076756052672863,-0.004625000990927219,0.016969652846455574,3.525470018386841,0.15530046820640564,0.6970608830451965,0.07126928865909576,2.002042531967163,-0.010675974190235138,0.4430193305015564,0.024391338229179382,0.6959732174873352,0.07297378778457642,2.000213861465454,-0.009945131838321686,0.44503119587898254,0.029646053910255432,1.5700000524520874,-1.808782696723938,1.5700000524520874,-1.9124313592910767,3.5602495670318604,0.23716843128204346,1.5700000524520874,-1.812972903251648,1.5700000524520874,-1.9142175912857056,3.5290687084198,0.15437304973602295,-0.004349247312143589,0.8893771229460015,0.0509299040781066,0.2822525830984901,0.007430677106861516,-0.0008782925757249149
185,3.6999999999999433,0.13783955574035645,-0.019703540951013565,-0.050500694662332535,-0.2768470346927643,-0.019462181255221367,-0.7227087020874023,-0.381681352853775,-0.009156392887234688,-0.9242486357688904,0.0,0.0,0.0,0.27000001072883606,0.0,0.2552400827407837,0.009906526654958725,0.6704263687133789,-0.015453696250915527,0.6658258438110352,-0.0453723669052124,13.630876541137695,-3.729738712310791,3.243090395699255e-05,0.07980328053236008,-0.0041586291044950485,0.019260387867689133,3.54062819480896,0.19599390029907227,0.6959732174873352,0.07297378778457642,2.000213861465454,-0.009945131838321686,0.44503119587898254,0.029646053910255432,0.6947870254516602,0.07473694533109665,1.9982588291168213,-0.00918135792016983,0.44716939330101013,0.035061225295066833,1.5700000524520874,-1.8065787553787231,1.5700000524520874,-1.911476731300354,3.577355146408081,0.28048980236053467,1.5700000524520874,-1.810913324356079,1.5700000524520874,-1.9133449792861938,3.544154644012451,0.19513070583343506,-0.004360161665736939,0.8879301257625407,0.05111949280684236,0.28272615526814704,0.007315222613921257,-0.0007244500508244434
186,3.719999999999943,0.13937300443649292,-0.01969234272837639,-0.050846051424741745,-0.27468106150627136,-0.02174326591193676,-0.7176645994186401,-0.3819357752799988,-0.0095590278506279,-0.9241394400596619,0.0,0.0,0.0,0.27000001072883606,0.0,0.255357563495636,0.0103433383628726,0.6704270839691162,-0.013787984848022461,0.6657232046127319,-0.044956207275390625,13.701990127563477,-3.725032329559326,3.5641151043819264e-05,0.0829075425863266,-0.003733899910002947,0.02153041772544384,3.55679988861084,0.23796837031841278,0.6947870254516602,0.07473694533109665,1.9982588291168213,-0.00918135792016983,0.44716939330101013,0.035061225295066833,0.6934993863105774,0.07656055688858032,1.9961740970611572,-0.00838390737771988,0.44943347573280334,0.040638163685798645,1.5700000524520874,-1.804299235343933,1.5700000524520874,-1.9104799032211304,3.5954678058624268,0.32510530948638916,1.5700000524520874,-1.808782696723938,1.5700000524520874,-1.9124313592910767,3.5602495670318604,0.23716843128204346,-0.004371007473210398,0.8864589222400241,0.051307716974005046,0.28319029058745215,0.007191248523605864,-0.0005721498293385086
187,3.7399999999999425,0.14097341895103455,-0.01968507654964924,-0.051223527640104294,-0.27252820134162903,-0.024016737937927246,-0.712635338306427,-0.3822275400161743,-0.009967625141143799,-0.9240144491195679,0.0,0.0,0.0,0.27000001072883606,0.0,0.25548091530799866,0.01078688632696867,0.670427680015564,-0.012058615684509277,0.6656283140182495,-0.04449427127838135,13.773447036743164,-3.7194621562957764,3.8772781408624724e-05,0.08607436716556549,-0.0033463009167462587,0.02378174290060997,3.5739853382110596,0.281227707862854,0.6934993863105774,0.07656055688858032,1.9961740970611572,-0.00838390737771988,0.44943347573280334,0.040638163685798645,0.6921077966690063,0.0784466341137886,1.9939563274383545,-0.007551901042461395,0.4518226087093353,0.04637746512889862,1.5700000524520874,-1.8019416332244873,1.5700000524520874,-1.9094398021697998,3.6145808696746826,0.37101972103118896,1.5700000524520874,-1.8065787553787231,1.5700000524520874,-1.911476731300354,3.577355146408081,0.28048980236053467,-0.004381785384573789,0.884962206542145,0.05149309980782313,0.28364430022181963,0.007060767821600145,-0.0004223272856208604
188,3.759999999999942,0.14264091849327087,-0.019681839272379875,-0.051632773131132126,-0.27038559317588806,-0.02628839574754238,-0.7076171636581421,-0.38255658745765686,-0.01038262341171503,-0.9238737225532532,0.0,0.0,0.0,0.27000001072883606,0.0,0.2556101679801941,0.011237667873501778,0.6704283952713013,-0.010264396667480469,0.665540337562561,-0.04398703575134277,13.84526538848877,-3.7130026817321777,4.187361992080696e-05,0.08930980414152145,-0.002992441412061453,0.026020361110568047,3.5921807289123535,0.3257821500301361,0.6921077966690063,0.0784466341137886,1.9939563274383545,-0.007551901042461395,0.4518226087093353,0.04637746512889862,0.6906094551086426,0.08039689809083939,1.9916012287139893,-0.006685003638267517,0.4543357193470001,0.052279144525527954,1.5700000524520874,-1.7995038032531738,1.5700000524520874,-1.9083561897277832,3.634685754776001,0.41823315620422363,1.5700000524520874,-1.804299235343933,1.5700000524520874,-1.9104799032211304,3.5954678058624268,0.32510530948638916,-0.0043926612747302585,0.8834362925591535,0.051676582198183496,0.2840918186710084,0.006924756706793822,-0.0002739948782217727
189,3.7799999999999416,0.14437557756900787,-0.019682589918375015,-0.052073512226343155,-0.26825037598609924,-0.028562992811203003,-0.7026048898696899,-0.38292285799980164,-0.010804463177919388,-0.9237171411514282,0.0,0.0,0.0,0.27000001072883606,0.0,0.25574544072151184,0.01169618871062994,0.6704291105270386,-0.008403658866882324,0.6654587984085083,-0.0434345006942749,13.917466163635254,-3.705627679824829,4.489555431064218e-05,0.09261935949325562,-0.002668615197762847,0.028252355754375458,3.611377716064453,0.37163662910461426,0.6906094551086426,0.08039689809083939,1.9916012287139893,-0.006685003638267517,0.4543357193470001,0.052279144525527954,0.689001739025116,0.08241379261016846,1.9891045093536377,-0.005782373249530792,0.4569709897041321,0.05834336578845978,1.5700000524520874,-1.796982765197754,1.5700000524520874,-1.9072279930114746,3.6557679176330566,0.4667469263076782,1.5700000524520874,-1.8019416332244873,1.5700000524520874,-1.9094398021697998,3.6145808696746826,0.37101972103118896,-0.0044035568781310985,0.8818800139608385,0.051857190281610954,0.28453291335518927,0.006785320362734382,-0.00012751430348412196
190,3.799999999999941,0.1461772620677948,-0.019687384366989136,-0.052545808255672455,-0.2661198675632477,-0.030842553824186325,-0.6975946426391602,-0.3833264410495758,-0.011233588680624962,-0.9235445857048035,0.0,0.0,0.0,0.27000001072883606,0.0,0.2558867633342743,0.012162959203124046,0.6704299449920654,-0.006474852561950684,0.6653831005096436,-0.042836785316467285,13.990070343017578,-3.6973114013671875,4.778498623636551e-05,0.09600584208965302,-0.00237123086117208,0.030479833483695984,3.6315670013427734,0.41879159212112427,0.689001739025116,0.08241379261016846,1.9891045093536377,-0.005782373249530792,0.4569709897041321,0.05834336578845978,0.6872842311859131,0.08449853956699371,1.986464262008667,-0.0048447102308273315,0.4597211182117462,0.06456510722637177,1.5700000524520874,-1.7943768501281738,1.5700000524520874,-1.9060558080673218,3.6777689456939697,0.5165208578109741,1.5700000524520874,-1.7995038032531738,1.5700000524520874,-1.9083561897277832,3.634685754776001,0.41823315620422363,-0.004414341765766494,0.8802933518612548,0.05203322444172187,0.2849660871156132,0.0066450383278926495,1.6222134720966785e-05
191,3.8199999999999408,0.14804594218730927,-0.019696325063705444,-0.05304940417408943,-0.26399120688438416,-0.0331304669380188,-0.6925823092460632,-0.38376736640930176,-0.011670454405248165,-0.9233560562133789,0.0,0.0,0.0,0.27000001072883606,0.0,0.256034255027771,0.012638497166335583,0.6704306602478027,-0.004476428031921387,0.665312647819519,-0.04219400882720947,14.063095092773438,-3.6880273818969727,5.053905988461338e-05,0.09947587549686432,-0.0020973633509129286,0.03270803764462471,3.6527323722839355,0.4672483801841736,0.6872842311859131,0.08449853956699371,1.986464262008667,-0.0048447102308273315,0.4597211182117462,0.06456510722637177,0.6854551434516907,0.08665254712104797,1.9836781024932861,-0.0038723498582839966,0.46258053183555603,0.07094036042690277,1.5700000524520874,-1.7916842699050903,1.5700000524520874,-1.9048404693603516,3.7006442546844482,0.5675228834152222,1.5700000524520874,-1.796982765197754,1.5700000524520874,-1.9072279930114746,3.6557679176330566,0.4667469263076782,-0.004425029256719171,0.8786762761806948,0.05220419897728945,0.28539183743921726,0.006506206855997121,0.00015728966511829867
192,3.8399999999999403,0.14998187124729156,-0.019709693267941475,-0.05358514562249184,-0.2618613839149475,-0.035413071513175964,-0.6875653862953186,-0.3842456042766571,-0.012115533463656902,-0.923151433467865,0.0,0.0,0.0,0.27000001072883606,0.0,0.2561880350112915,0.013123348355293274,0.67043137550354,-0.002406477928161621,0.6652470827102661,-0.041506052017211914,14.136561393737793,-3.677750587463379,5.314026202540845e-05,0.10303027927875519,-0.001844370155595243,0.034934185445308685,3.6748147010803223,0.5169671177864075,0.6854551434516907,0.08665254712104797,1.9836781024932861,-0.0038723498582839966,0.46258053183555603,0.07094036042690277,0.6835140585899353,0.08887825906276703,1.9807422161102295,-0.0028647705912590027,0.4655437469482422,0.07746408879756927,1.5700000524520874,-1.7889021635055542,1.5700000524520874,-1.903580904006958,3.7243499755859375,0.6197127103805542,1.5700000524520874,-1.7943768501281738,1.5700000524520874,-1.9060558080673218,3.6777689456939697,0.5165208578109741,-0.004435766187569357,0.8770243321142068,0.05236930386512384,0.28580817081946464,0.0063696288500576514,0.00029435641173591875
193,3.85999999999994,0.15198497474193573,-0.019727779552340508,-0.054153922945261,-0.259727418422699,-0.03767876327037811,-0.6825412511825562,-0.38476085662841797,-0.012569316662847996,-0.9229307174682617,0.0,0.0,0.0,0.27000001072883606,0.0,0.2563481032848358,0.013618075288832188,0.6704320907592773,-0.0002633333206176758,0.6651859283447266,-0.04077303409576416,14.210484504699707,-3.666456460952759,5.548338231164962e-05,0.1066686362028122,-0.0016094663878902793,0.03715461492538452,3.697767734527588,0.5679159760475159,0.6835140585899353,0.08887825906276703,1.9807422161102295,-0.0028647705912590027,0.4655437469482422,0.07746408879756927,0.6814599633216858,0.09117741882801056,1.9776544570922852,-0.0018217936158180237,0.46860548853874207,0.08412785828113556,1.5700000524520874,-1.7860281467437744,1.5700000524520874,-1.9022772312164307,3.7488439083099365,0.6730228662490845,1.5700000524520874,-1.7916842699050903,1.5700000524520874,-1.9048404693603516,3.7006442546844482,0.5675228834152222,-0.004446256212688127,0.8753391614875312,0.052526694335844226,0.28621476042797056,0.0062388570196159066,0.00042699870868712075
194,3.8799999999999395,0.15405549108982086,-0.019750621169805527,-0.05475594103336334,-0.2575875222682953,-0.03991973400115967,-0.6775073409080505,-0.38531264662742615,-0.013032299466431141,-0.9226940870285034,0.0,0.0,0.0,0.27000001072883606,0.0,0.25651460886001587,0.014123243279755116,0.6704329252243042,0.001954793930053711,0.6651289463043213,-0.03999495506286621,14.284882545471191,-3.654120922088623,5.7537283282727e-05,0.11039585620164871,-0.0013901719357818365,0.039374593645334244,3.721546173095703,0.6200547218322754,0.6814599633216858,0.09117741882801056,1.9776544570922852,-0.0018217936158180237,0.46860548853874207,0.08412785828113556,0.6792919039726257,0.09355220198631287,1.9744112491607666,-0.0007430240511894226,0.47175973653793335,0.0909261405467987,1.5700000524520874,-1.7830597162246704,1.5700000524520874,-1.9009287357330322,3.774077892303467,0.7274091243743896,1.5700000524520874,-1.7889021635055542,1.5700000524520874,-1.903580904006958,3.7243499755859375,0.6197127103805542,-0.004456340324237473,0.8736217635404806,0.05267447761219657,0.28661243751362164,0.006117500611621196,0.0005549666196793535
195,3.899999999999939,0.15619361400604248,-0.019778339192271233,-0.05539187416434288,-0.2554416060447693,-0.04212317243218422,-0.6724655032157898,-0.3859002888202667,-0.013504967093467712,-0.9224416613578796,0.0,0.0,0.0,0.27000001072883606,0.0,0.25668758153915405,0.014639411121606827,0.6704336404800415,0.004249691963195801,0.6650758981704712,-0.039171695709228516,14.359770774841309,-3.640721559524536,5.923313074163161e-05,0.11421303451061249,-0.0011833985336124897,0.04159511625766754,3.7461049556732178,0.6733168363571167,0.6792919039726257,0.09355220198631287,1.9744112491607666,-0.0007430240511894226,0.47175973653793335,0.0909261405467987,0.6770101189613342,0.09600421041250229,1.9710087776184082,0.00037242472171783447,0.47500038146972656,0.09785374999046326,1.5700000524520874,-1.7799947261810303,1.5700000524520874,-1.8995344638824463,3.8000030517578125,0.782829999923706,1.5700000524520874,-1.7860281467437744,1.5700000524520874,-1.9022772312164307,3.7488439083099365,0.6730228662490845,-0.004465698036641541,0.8718752175200244,0.052807664673592214,0.28699601919444007,0.006010556784465493,0.0006756317045237825
196,3.9199999999999386,0.15839950740337372,-0.019811157137155533,-0.05606212094426155,-0.25328871607780457,-0.04427838698029518,-0.6674166917800903,-0.38652288913726807,-0.013987802900373936,-0.9221737384796143,0.0,0.0,0.0,0.27000001072883606,0.0,0.2568671405315399,0.015167131088674068,0.6704343557357788,0.006623506546020508,0.6650264263153076,-0.03830313682556152,14.435163497924805,-3.626236915588379,6.072778705856763e-05,0.11812371760606766,-0.000988281681202352,0.043818358331918716,3.771394968032837,0.7276574373245239,0.6770101189613342,0.09600421041250229,1.9710087776184082,0.00037242472171783447,0.47500038146972656,0.09785374999046326,0.6746143698692322,0.09853605926036835,1.9674429893493652,0.0015258267521858215,0.4783215820789337,0.10490582883358002,1.5700000524520874,-1.7768299579620361,1.5700000524520874,-1.8980927467346191,3.8265726566314697,0.8392466306686401,1.5700000524520874,-1.7830597162246704,1.5700000524520874,-1.9009287357330322,3.774077892303467,0.7274091243743896,-0.00447472597899079,0.8700981678370923,0.05292787748691552,0.287368288595264,0.005920106086167998,0.0007906796579728592
197,3.939999999999938,0.1606733500957489,-0.01984906941652298,-0.05676709860563278,-0.2511274516582489,-0.04637463763356209,-0.6623589396476746,-0.3871793746948242,-0.014481279999017715,-0.9218906760215759,0.0,0.0,0.0,0.27000001072883606,0.0,0.25705331563949585,0.015706947073340416,0.6704350709915161,0.009078145027160645,0.6649802923202515,-0.037389278411865234,14.51107406616211,-3.6106460094451904,6.204665260156617e-05,0.12212963402271271,-0.0008036286453716457,0.046047549694776535,3.79736590385437,0.7830348014831543,0.6746143698692322,0.09853605926036835,1.9674429893493652,0.0015258267521858215,0.4783215820789337,0.10490582883358002,0.6721039414405823,0.1011505275964737,1.9637081623077393,0.0027181804180145264,0.4817184507846832,0.11207777261734009,1.5700000524520874,-1.7735618352890015,1.5700000524520874,-1.8966022729873657,3.853747606277466,0.8966221809387207,1.5700000524520874,-1.7799947261810303,1.5700000524520874,-1.8995344638824463,3.8000030517578125,0.782829999923706,-0.004483535464311572,0.8682883399943933,0.053035318220748806,0.28773138190599923,0.005848673701132512,0.0009009911922732705
198,3.959999999999938,0.1630154401063919,-0.019892001524567604,-0.05750684440135956,-0.24895602464675903,-0.04840411990880966,-0.6572891473770142,-0.3878684341907501,-0.014985849149525166,-0.9215928912162781,0.0,0.0,0.0,0.27000001072883606,0.0,0.257246196269989,0.01625937968492508,0.670435905456543,0.011615514755249023,0.6649374961853027,-0.036429762840270996,14.587516784667969,-3.593928813934326,6.315206701401621e-05,0.12623624503612518,-0.0006279792287386954,0.048289742320775986,3.8239693641662598,0.8394098281860352,0.6721039414405823,0.1011505275964737,1.9637081623077393,0.0027181804180145264,0.4817184507846832,0.11207777261734009,0.6694770455360413,0.10385042428970337,1.9597991704940796,0.0039504095911979675,0.4851858615875244,0.11936555802822113,1.5700000524520874,-1.7701869010925293,1.5700000524520874,-1.89506196975708,3.8814868927001953,0.954924464225769,1.5700000524520874,-1.7768299579620361,1.5700000524520874,-1.8980927467346191,3.8265726566314697,0.8392466306686401,-0.004492037383752034,0.8664467089182644,0.053129186084186486,0.28808562020859085,0.005800030313882765,0.0010070313327410485
199,3.9799999999999374,0.1654260903596878,-0.019940048456192017,-0.058281365782022476,-0.24677275121212006,-0.0503605380654335,-0.6522057056427002,-0.3885887563228607,-0.015501940622925758,-0.9212809205055237,0.0,0.0,0.0,0.27000001072883606,0.0,0.25744590163230896,0.01682492159307003,0.6704366207122803,0.01423799991607666,0.6648977994918823,-0.035424232482910156,14.664502143859863,-3.576066255569458,6.399498670361936e-05,0.13044953346252441,-0.00045959415729157627,0.05055050924420357,3.851163864135742,0.8967459201812744,0.6694770455360413,0.10385042428970337,1.9597991704940796,0.0039504095911979675,0.4851858615875244,0.11936555802822113,0.6667318940162659,0.106638602912426,1.9557089805603027,0.005223587155342102,0.4887184202671051,0.1267654448747635,1.5700000524520874,-1.7667016983032227,1.5700000524520874,-1.8934705257415771,3.909747362136841,1.014123558998108,1.5700000524520874,-1.7735618352890015,1.5700000524520874,-1.8966022729873657,3.853747606277466,0.8966221809387207,-0.004500045175085177,0.8645758721411312,0.053207335517797105,0.2884287086216588,0.005778860242896755,0.0011084106783110226
200,3.999999999999937,0.16790562868118286,-0.0199934933334589,-0.05909079313278198,-0.24457557499408722,-0.052236732095479965,-0.6471081972122192,-0.38933873176574707,-0.01602998375892639,-0.9209551215171814,0.0,0.0,0.0,0.27000001072883606,0.0,0.2576524615287781,0.017404066398739815,0.6704373359680176,0.01694774627685547,0.6648609638214111,-0.03437209129333496,14.742040634155273,-3.557039499282837,6.460561417043209e-05,0.1347750723361969,-0.0002973298542201519,0.05283317714929581,3.878906488418579,0.9550106525421143,0.6667318940162659,0.106638602912426,1.9557089805603027,0.005223587155342102,0.4887184202671051,0.1267654448747635,0.6638656258583069,0.10951848328113556,1.9514323472976685,0.006539367139339447,0.49231183528900146,0.13427425920963287,1.5700000524520874,-1.7631018161773682,1.5700000524520874,-1.891825795173645,3.9384946823120117,1.074194073677063,1.5700000524520874,-1.7701869010925293,1.5700000524520874,-1.89506196975708,3.8814868927001953,0.954924464225769,-0.004507611275881729,0.8626762987694541,0.05326897919668028,0.28875983223633384,0.005788914436032577,0.0012054568520902809
201,4.0199999999999365,0.17045454680919647,-0.020052598789334297,-0.059935275465250015,-0.24236232042312622,-0.054024942219257355,-0.6419954895973206,-0.39011675119400024,-0.016570406034588814,-0.9206162691116333,0.0,0.0,0.0,0.27000001072883606,0.0,0.2578659951686859,0.017997311428189278,0.6704380512237549,0.019747257232666016,0.6648268699645996,-0.03327298164367676,14.820144653320312,-3.5368309020996094,6.500844756374136e-05,0.13921838998794556,-0.00014028955774847418,0.05514141544699669,3.9071524143218994,1.0141738653182983,0.6638656258583069,0.10951848328113556,1.9514323472976685,0.006539367139339447,0.49231183528900146,0.13427425920963287,0.660875678062439,0.11249344795942307,1.9469621181488037,0.007899351418018341,0.4959610402584076,0.1418888121843338,1.5700000524520874,-1.759383201599121,1.5700000524520874,-1.8901257514953613,3.9676883220672607,1.1351104974746704,1.5700000524520874,-1.7667016983032227,1.5700000524520874,-1.8934705257415771,3.909747362136841,1.014123558998108,-0.0045148004091615235,0.8607472630513229,0.05331372263670353,0.2890795300378102,0.0058336792457653885,0.0012988860552414216
202,4.039999999999936,0.17307347059249878,-0.02011755108833313,-0.06081462278962135,-0.2401309609413147,-0.05572130158543587,-0.6368662714958191,-0.39092108607292175,-0.017123620957136154,-0.9202648997306824,0.0,0.0,0.0,0.27000001072883606,0.0,0.25808659195899963,0.018605126067996025,0.6704387664794922,0.022639155387878418,0.6647955179214478,-0.03212606906890869,14.898820877075195,-3.5154225826263428,6.518322334159166e-05,0.14378830790519714,1.2660500942729414e-05,0.057482827454805374,3.9358649253845215,1.0742099285125732,0.660875678062439,0.11249344795942307,1.9469621181488037,0.007899351418018341,0.4959610402584076,0.1418888121843338,0.6577692627906799,0.11556166410446167,1.9423023462295532,0.009304814040660858,0.49966341257095337,0.14959855377674103,1.5700000524520874,-1.7555478811264038,1.5700000524520874,-1.8883689641952515,3.997307300567627,1.1967884302139282,1.5700000524520874,-1.7631018161773682,1.5700000524520874,-1.891825795173645,3.9384946823120117,1.074194073677063,-0.004521500645411791,0.8587902451878229,0.05334018626483683,0.2893876245210336,0.005917730291574941,0.0013892071628505143
203,4.059999999999936,0.17576321959495544,-0.020188525319099426,-0.06172885745763779,-0.2378794550895691,-0.05731929466128349,-0.6317188739776611,-0.3917498290538788,-0.017690036445856094,-0.9199016690254211,0.0,0.0,0.0,0.27000001072883606,0.0,0.2583143413066864,0.01922798715531826,0.6704393625259399,0.025625944137573242,0.664766788482666,-0.030930638313293457,14.978079795837402,-3.492797613143921,6.516843859571964e-05,0.14849203824996948,0.00016218630480580032,0.05986340716481209,3.9650020599365234,1.135093092918396,0.6577692627906799,0.11556166410446167,1.9423023462295532,0.009304814040660858,0.49966341257095337,0.14959855377674103,0.6545751094818115,0.11871813237667084,1.9374734163284302,0.010753698647022247,0.5034171342849731,0.15738935768604279,1.5700000524520874,-1.751602292060852,1.5700000524520874,-1.8865578174591064,4.027337074279785,1.2591148614883423,1.5700000524520874,-1.759383201599121,1.5700000524520874,-1.8901257514953613,3.9676883220672607,1.1351104974746704,-0.004527814714654355,0.8568035780459269,0.05334806898342492,0.28968427053364465,0.0060443931231004555,0.0014771814924072757
204,4.079999999999935,0.17852433025836945,-0.020264001563191414,-0.06268003582954407,-0.23561251163482666,-0.05879661813378334,-0.6265493631362915,-0.3926008641719818,-0.018269959837198257,-0.9195274710655212,0.0,0.0,0.0,0.27000001072883606,0.0,0.25854939222335815,0.01986624300479889,0.6704400777816772,0.028710365295410156,0.664740800857544,-0.02968573570251465,15.057929039001465,-3.4689409732818604,6.486316124210134e-05,0.15330912172794342,0.00031031982507556677,0.06228538602590561,3.9945404529571533,1.1967391967773438,0.6545751094818115,0.11871813237667084,1.9374734163284302,0.010753698647022247,0.5034171342849731,0.15738935768604279,0.6513057351112366,0.12196464836597443,1.9324792623519897,0.01224721223115921,0.5072168707847595,0.16525737941265106,1.5700000524520874,-1.7475441694259644,1.5700000524520874,-1.8846909999847412,4.057734966278076,1.3220590353012085,1.5700000524520874,-1.7555478811264038,1.5700000524520874,-1.8883689641952515,3.997307300567627,1.1967884302139282,-0.004533178547720951,0.8547798461814935,0.05333036878922748,0.28996980738883593,0.0062182016962673,0.0015601591448866081
205,4.099999999999935,0.18135692179203033,-0.02034192532300949,-0.06367234140634537,-0.23333889245986938,-0.060113806277513504,-0.621357798576355,-0.39347147941589355,-0.018863502889871597,-0.9191432595252991,0.0,0.0,0.0,0.27000001072883606,0.0,0.2587916851043701,0.020520037040114403,0.670440673828125,0.03189373016357422,0.664717435836792,-0.02839076519012451,15.138375282287598,-3.4438393115997314,6.43230669084005e-05,0.15819764137268066,0.00045834420598112047,0.06473440676927567,4.024463176727295,1.2590357065200806,0.6513057351112366,0.12196464836597443,1.9324792623519897,0.01224721223115921,0.5072168707847595,0.16525737941265106,0.6479684710502625,0.12530410289764404,1.9273195266723633,0.013788111507892609,0.5110577940940857,0.1731967180967331,1.5700000524520874,-1.7433698177337646,1.5700000524520874,-1.8827648162841797,4.0884623527526855,1.3855737447738647,1.5700000524520874,-1.751602292060852,1.5700000524520874,-1.8865578174591064,4.027337074279785,1.2591148614883423,-0.0045374665976769535,0.8527191671191723,0.05328183458130553,0.2902406767643413,0.006443980152743833,0.0016358956268698321
206,4.119999999999934,0.18426227569580078,-0.02042185142636299,-0.0647067204117775,-0.23105975985527039,-0.06125376373529434,-0.6161450743675232,-0.39435839653015137,-0.01947065256536007,-0.9187504053115845,0.0,0.0,0.0,0.27000001072883606,0.0,0.25904130935668945,0.021189365535974503,0.6704412698745728,0.03517782688140869,0.6646966934204102,-0.027045011520385742,15.219427108764648,-3.417480230331421,6.388161273207515e-05,0.16315820813179016,0.0006038752035237849,0.0672132596373558,4.0547261238098145,1.3219499588012695,0.6479684710502625,0.12530410289764404,1.9273195266723633,0.013788111507892609,0.5110577940940857,0.1731967180967331,0.6445659399032593,0.12874062359333038,1.921991229057312,0.015378467738628387,0.5149362683296204,0.18120305240154266,1.5700000524520874,-1.7390742301940918,1.5700000524520874,-1.8807768821716309,4.119490146636963,1.4496244192123413,1.5700000524520874,-1.7475441694259644,1.5700000524520874,-1.8846909999847412,4.057734966278076,1.3220590353012085,-0.004541809777844463,0.8506324703458326,0.053211586610917294,0.2905010534257215,0.006724221280336451,0.0017111292238278786
207,4.139999999999934,0.1872425526380539,-0.020503349602222443,-0.06578309088945389,-0.2287752330303192,-0.06220589205622673,-0.6109095215797424,-0.39525818824768066,-0.020091330632567406,-0.918350338935852,0.0,0.0,0.0,0.27000001072883606,0.0,0.2592982053756714,0.021874142810702324,0.6704418659210205,0.038564085960388184,0.664678692817688,-0.025647759437561035,15.301088333129883,-3.389852285385132,6.340460095088929e-05,0.16819994151592255,0.0007473903824575245,0.06973671168088913,4.085288047790527,1.3854340314865112,0.6445659399032593,0.12874062359333038,1.921991229057312,0.015378467738628387,0.5149362683296204,0.18120305240154266,0.6411001086235046,0.13227733969688416,1.9164904356002808,0.017020203173160553,0.5188463926315308,0.18927161395549774,1.5700000524520874,-1.7346532344818115,1.5700000524520874,-1.8787246942520142,4.150771141052246,1.514172911643982,1.5700000524520874,-1.7433698177337646,1.5700000524520874,-1.8827648162841797,4.0884623527526855,1.3855737447738647,-0.004545946299938208,0.8485229729725994,0.05311889340651632,0.29075020360261306,0.007063605534346706,0.0017869353903954277
208,4.1599999999999335,0.19030021131038666,-0.020586762577295303,-0.06690134108066559,-0.2264842987060547,-0.06296185404062271,-0.6056544184684753,-0.3961672782897949,-0.020725419744849205,-0.9179444313049316,0.0,0.0,0.0,0.27000001072883606,0.0,0.2595623731613159,0.02257424220442772,0.6704424619674683,0.04205453395843506,0.6646633148193359,-0.024197697639465332,15.383366584777832,-3.3609447479248047,6.280223169596866e-05,0.1733359545469284,0.0008896759245544672,0.07231361418962479,4.116118431091309,1.4494534730911255,0.6411001086235046,0.13227733969688416,1.9164904356002808,0.017020203173160553,0.5188463926315308,0.18927161395549774,0.6375726461410522,0.1359185427427292,1.9108145236968994,0.01871664822101593,0.5227821469306946,0.1973990947008133,1.5700000524520874,-1.7301018238067627,1.5700000524520874,-1.8766041994094849,4.182257175445557,1.5791927576065063,1.5700000524520874,-1.7390742301940918,1.5700000524520874,-1.8807768821716309,4.119490146636963,1.4496244192123413,-0.004549611091649197,0.8463972070474703,0.053002278509177714,0.2909822634365682,0.0074677609476427875,0.0018636267859579725
209,4.179999999999933,0.19343821704387665,-0.020672598853707314,-0.06806188076734543,-0.2241857796907425,-0.06350651383399963,-0.6003835201263428,-0.39708182215690613,-0.021372800692915916,-0.9175342917442322,0.0,0.0,0.0,0.27000001072883606,0.0,0.2598339021205902,0.023289524018764496,0.6704429388046265,0.04565131664276123,0.6646504402160645,-0.022693753242492676,15.466265678405762,-3.330747604370117,6.21438812231645e-05,0.1785775125026703,0.0010303618619218469,0.07495012879371643,4.147167682647705,1.513968825340271,0.6375726461410522,0.1359185427427292,1.9108145236968994,0.01871664822101593,0.5227821469306946,0.1973990947008133,0.6339845657348633,0.13966934382915497,1.9049590826034546,0.02047077566385269,0.5267384648323059,0.20558084547519684,1.5700000524520874,-1.7254133224487305,1.5700000524520874,-1.8744114637374878,4.213907718658447,1.6446467638015747,1.5700000524520874,-1.7346532344818115,1.5700000524520874,-1.8787246942520142,4.150771141052246,1.514172911643982,-0.004553041081299725,0.8442522342007805,0.052863192921812185,0.29119738505856674,0.007939096321425865,0.001943055653197412
210,4.199999999999933,0.1966601461172104,-0.02076108008623123,-0.06926488131284714,-0.22187797725200653,-0.06382620334625244,-0.5950972437858582,-0.39799776673316956,-0.022033333778381348,-0.9171217679977417,0.0,0.0,0.0,0.27000001072883606,0.0,0.2601127624511719,0.024019815027713776,0.6704434156417847,0.049356937408447266,0.6646400690078735,-0.021134376525878906,15.549788475036621,-3.2992515563964844,6.146498344605789e-05,0.18393908441066742,0.0011688197264447808,0.07765816152095795,4.178386688232422,1.578952670097351,0.6339845657348633,0.13966934382915497,1.9049590826034546,0.02047077566385269,0.5267384648323059,0.20558084547519684,0.630335807800293,0.14353537559509277,1.898917555809021,0.022285647690296173,0.5307108759880066,0.21381260454654694,1.5700000524520874,-1.720580816268921,1.5700000524520874,-1.8721429109573364,4.245687007904053,1.7105008363723755,1.5700000524520874,-1.7301018238067627,1.5700000524520874,-1.8766041994094849,4.182257175445557,1.5791927576065063,-0.004556394953446841,0.8420848719403864,0.05270412191706875,0.2913989349448265,0.008480087697964933,0.0020284146193971786
211,4.219999999999932,0.19997026026248932,-0.020852578803896904,-0.07051050662994385,-0.2195597141981125,-0.06390736252069473,-0.589798092842102,-0.3989108204841614,-0.022706860676407814,-0.9167085289955139,0.0,0.0,0.0,0.27000001072883606,0.0,0.2603990435600281,0.024764925241470337,0.6704440116882324,0.05317401885986328,0.6646322011947632,-0.019517898559570312,15.63393783569336,-3.2664477825164795,6.0657504945993423e-05,0.18943913280963898,0.001305852667428553,0.08045059442520142,4.209732532501221,1.6443670988082886,0.630335807800293,0.14353537559509277,1.898917555809021,0.022285647690296173,0.5307108759880066,0.21381260454654694,0.6266260147094727,0.14752252399921417,1.8926833868026733,0.024164654314517975,0.5346937775611877,0.22209002077579498,1.5700000524520874,-1.7155967950820923,1.5700000524520874,-1.8697941303253174,4.277550220489502,1.7767201662063599,1.5700000524520874,-1.7254133224487305,1.5700000524520874,-1.8744114637374878,4.213907718658447,1.6446467638015747,-0.004559348326051094,0.8398983404239253,0.05252310330645926,0.29158268336932025,0.009096055134078185,0.002120116516721726
212,4.239999999999932,0.20337340235710144,-0.020947782322764397,-0.07179928570985794,-0.2172304391860962,-0.06373435258865356,-0.5844924449920654,-0.3998164236545563,-0.023393211886286736,-0.916296660900116,0.0,0.0,0.0,0.27000001072883606,0.0,0.2606928050518036,0.025524627417325974,0.6704443693161011,0.0571058988571167,0.6646268367767334,-0.01784229278564453,15.718714714050293,-3.232328414916992,5.9738267736975104e-05,0.1950961947441101,0.0014417265774682164,0.0833369567990303,4.241167068481445,1.7101775407791138,0.6266260147094727,0.14752252399921417,1.8926833868026733,0.024164654314517975,0.5346937775611877,0.22209002077579498,0.6228553652763367,0.1516367346048355,1.8862504959106445,0.026111669838428497,0.5386815667152405,0.23040743172168732,1.5700000524520874,-1.7104541063308716,1.5700000524520874,-1.8673603534698486,4.309452533721924,1.8432594537734985,1.5700000524520874,-1.720580816268921,1.5700000524520874,-1.8721429109573364,4.245687007904053,1.7105008363723755,-0.004561852988194559,0.8376938529268116,0.05231946027955914,0.29174535558829007,0.009791463875290063,0.002219331091816379
213,4.259999999999931,0.20687530934810638,-0.02104741893708706,-0.07313189655542374,-0.21488983929157257,-0.06328810006380081,-0.5791873335838318,-0.40070968866348267,-0.024092217907309532,-0.915888249874115,0.0,0.0,0.0,0.27000001072883606,0.0,0.2609941065311432,0.02629869244992733,0.6704448461532593,0.06115603446960449,0.6646238565444946,-0.0161055326461792,15.804121971130371,-3.1968863010406494,5.879890886717476e-05,0.20093131065368652,0.0015759315574541688,0.08632855117321014,4.272644996643066,1.7763478755950928,0.6228553652763367,0.1516367346048355,1.8862504959106445,0.026111669838428497,0.5386815667152405,0.23040743172168732,0.6190237998962402,0.15588530898094177,1.8796117305755615,0.028131000697612762,0.542667806148529,0.23875899612903595,1.5700000524520874,-1.7051433324813843,1.5700000524520874,-1.8648362159729004,4.341342449188232,1.9100719690322876,1.5700000524520874,-1.7155967950820923,1.5700000524520874,-1.8697941303253174,4.277550220489502,1.7767201662063599,-0.004564146244911527,0.8354687914368064,0.05209471660920606,0.29188700537789813,0.010569203357160717,0.0023285659565432937
214,4.279999999999931,0.21048253774642944,-0.02115187607705593,-0.0745096355676651,-0.2125389128923416,-0.0625438541173935,-0.573888897895813,-0.40158534049987793,-0.024803688749670982,-0.915485680103302,0.0,0.0,0.0,0.27000001072883606,0.0,0.2613030970096588,0.02708684839308262,0.6704453229904175,0.06532847881317139,0.6646233797073364,-0.01430511474609375,15.890157699584961,-3.1601152420043945,5.78614926780574e-05,0.20696230232715607,0.0017082082340493798,0.08943717926740646,4.304119110107422,1.8428317308425903,0.6190237998962402,0.15588530898094177,1.8796117305755615,0.028131000697612762,0.542667806148529,0.23875899612903595,0.6151329278945923,0.1602773666381836,1.8727596998214722,0.030229084193706512,0.5466469526290894,0.24713994562625885,1.5700000524520874,-1.6996532678604126,1.5700000524520874,-1.8622136116027832,4.373175621032715,1.9771195650100708,1.5700000524520874,-1.7104541063308716,1.5700000524520874,-1.8673603534698486,4.309452533721924,1.8432594537734985,-0.004566261347362044,0.8332190378566757,0.051849302746429515,0.29200766084224483,0.011432353937417261,0.0024498878692091886
215,4.2999999999999305,0.2142028659582138,-0.021261783316731453,-0.07593375444412231,-0.21017864346504211,-0.06147509440779686,-0.5686055421829224,-0.40243765711784363,-0.025527408346533775,-0.9150913953781128,0.0,0.0,0.0,0.27000001072883606,0.0,0.26161983609199524,0.027888787910342216,0.6704456806182861,0.06962776184082031,0.6646250486373901,-0.012438416481018066,15.976821899414062,-3.122009515762329,5.694824722013436e-05,0.21321460604667664,0.0018382061971351504,0.09267719089984894,4.335536003112793,1.909580945968628,0.6151329278945923,0.1602773666381836,1.8727596998214722,0.030229084193706512,0.5466469526290894,0.24713994562625885,0.6111831068992615,0.16482239961624146,1.8656846284866333,0.032412298023700714,0.5506114363670349,0.25554442405700684,1.5700000524520874,-1.6939719915390015,1.5700000524520874,-1.8594845533370972,4.404891490936279,2.0443553924560547,1.5700000524520874,-1.7051433324813843,1.5700000524520874,-1.8648362159729004,4.341342449188232,1.9100719690322876,-0.004568274753090407,0.830944494237503,0.05158435296583974,0.29210515082154487,0.012384679738493887,0.002585758059312049
216,4.31999999999993,0.2180454134941101,-0.02137748897075653,-0.07740505039691925,-0.20781083405017853,-0.060058895498514175,-0.5633445978164673,-0.4032604992389679,-0.026263125240802765,-0.9147082567214966,0.0,0.0,0.0,0.27000001072883606,0.0,0.2619444727897644,0.028704136610031128,0.6704460382461548,0.0740588903427124,0.6646292209625244,-0.010502219200134277,16.064111709594727,-3.0825648307800293,5.610766675090417e-05,0.21972094476222992,0.0019652259070426226,0.09607325494289398,4.366850852966309,1.9765559434890747,0.6111831068992615,0.16482239961624146,1.8656846284866333,0.032412298023700714,0.5506114363670349,0.25554442405700684,0.6071723699569702,0.16953076422214508,1.8583754301071167,0.03468664735555649,0.5545533895492554,0.26396626234054565,1.5700000524520874,-1.6880865097045898,1.5700000524520874,-1.8566416501998901,4.436427116394043,2.1117300987243652,1.5700000524520874,-1.6996532678604126,1.5700000524520874,-1.8622136116027832,4.373175621032715,1.9771195650100708,-0.004570269973836361,0.828641889075385,0.05130195641286761,0.29218087189076414,0.013429550540529078,0.002739939810221692
217,4.33999999999993,0.22202058136463165,-0.02149941772222519,-0.07892504334449768,-0.20543740689754486,-0.0582638643682003,-0.5581138134002686,-0.4040471613407135,-0.027010541409254074,-0.9143393039703369,0.0,0.0,0.0,0.27000001072883606,0.0,0.26227715611457825,0.029532458633184433,0.670446515083313,0.0786275863647461,0.664635419845581,-0.008492827415466309,16.15202522277832,-3.0417776107788086,5.539201447390951e-05,0.2265147864818573,0.002088516717776656,0.09964781254529953,4.398000717163086,2.043708086013794,0.6071723699569702,0.16953076422214508,1.8583754301071167,0.03468664735555649,0.5545533895492554,0.26396626234054565,0.6030989289283752,0.17441289126873016,1.8508180379867554,0.03705952316522598,0.5584644079208374,0.27239686250686646,1.5700000524520874,-1.6819838285446167,1.5700000524520874,-1.8536756038665771,4.467715263366699,2.1791749000549316,1.5700000524520874,-1.6939719915390015,1.5700000524520874,-1.8594845533370972,4.404891490936279,2.0443553924560547,-0.004572468210668035,0.8263055648975381,0.05100450472705553,0.2922330632984931,0.014569375896050119,0.0029155330260834944
218,4.359999999999929,0.22614015638828278,-0.021628275513648987,-0.08049605786800385,-0.2030603587627411,-0.05605170503258705,-0.5529236197471619,-0.40479034185409546,-0.02776932157576084,-0.9139877557754517,0.0,0.0,0.0,0.27000001072883606,0.0,0.2626180946826935,0.030373254790902138,0.6704468727111816,0.08334052562713623,0.6646438837051392,-0.006406188011169434,16.240556716918945,-2.999645233154297,5.477822560351342e-05,0.23363050818443298,0.0022077427711337805,0.10341919958591461,4.428921699523926,2.1109867095947266,0.6030989289283752,0.17441289126873016,1.8508180379867554,0.03705952316522598,0.5584644079208374,0.27239686250686646,0.5989618897438049,0.1794748157262802,1.8430020809173584,0.03953859955072403,0.5623366236686707,0.2808237075805664,1.5700000524520874,-1.6756564378738403,1.5700000524520874,-1.8505767583847046,4.498692989349365,2.2465896606445312,1.5700000524520874,-1.6880865097045898,1.5700000524520874,-1.8566416501998901,4.436427116394043,2.1117300987243652,-0.004574858682598659,0.8239326096317541,0.05069330276043438,0.29225782139253553,0.015807869757800574,0.0031152784031274194
219,4.379999999999929,0.23041759431362152,-0.021764179691672325,-0.08212112635374069,-0.2006843537092209,-0.053375907242298126,-0.5477837920188904,-0.4054819941520691,-0.028539063408970833,-0.9136574268341064,0.0,0.0,0.0,0.27000001072883606,0.0,0.26296743750572205,0.031225912272930145,0.6704472303390503,0.08820474147796631,0.6646543741226196,-0.004238009452819824,16.329700469970703,-2.9561665058135986,5.428244548966177e-05,0.24110108613967896,0.002322322456166148,0.10741142928600311,4.459545135498047,2.17832088470459,0.5989618897438049,0.1794748157262802,1.8430020809173584,0.03953859955072403,0.5623366236686707,0.2808237075805664,0.5947688221931458,0.1847204864025116,1.8349312543869019,0.042131803929805756,0.5661591291427612,0.28923559188842773,1.5700000524520874,-1.6690993309020996,1.5700000524520874,-1.8473352193832397,4.52927303314209,2.313884735107422,1.5700000524520874,-1.6819838285446167,1.5700000524520874,-1.8536756038665771,4.467715263366699,2.1791749000549316,-0.004577448064384981,0.8215148550842848,0.050369702219903445,0.29225541182925596,0.01714807321496714,0.0033425587245154986
220,4.399999999999928,0.23486757278442383,-0.02190534956753254,-0.08380565792322159,-0.19831937551498413,-0.050169505178928375,-0.5426978468894958,-0.406112939119339,-0.02931918017566204,-0.9133524298667908,0.0,0.0,0.0,0.27000001072883606,0.0,0.26332539319992065,0.03208960220217705,0.670447587966919,0.09322786331176758,0.6646668910980225,-0.001983046531677246,16.419448852539062,-2.911342144012451,5.398867870098911e-05,0.24893395602703094,0.0024311516899615526,0.11164570599794388,4.489806652069092,2.2456085681915283,0.5947688221931458,0.1847204864025116,1.8349312543869019,0.042131803929805756,0.5661591291427612,0.28923559188842773,0.5905224084854126,0.19016145169734955,1.8265985250473022,0.04484722763299942,0.569916844367981,0.2976207733154297,1.5700000524520874,-1.6622982025146484,1.5700000524520874,-1.8439409732818604,4.559334754943848,2.3809661865234375,1.5700000524520874,-1.6756564378738403,1.5700000524520874,-1.8505767583847046,4.498692989349365,2.2465896606445312,-0.004580341226338547,0.8190339770168151,0.050035332158122614,0.2922311141134024,0.01859097609264282,0.0036011761626317806
221,4.419999999999928,0.23950634896755219,-0.022048700600862503,-0.08555682003498077,-0.19597582519054413,-0.04634801670908928,-0.5376599431037903,-0.4066726267337799,-0.030108781531453133,-0.9130776524543762,0.0,0.0,0.0,0.27000001072883606,0.0,0.26369205117225647,0.0329631082713604,0.6704479455947876,0.09841716289520264,0.6646811962127686,0.0003637075424194336,16.509794235229492,-2.865175247192383,5.414445695350878e-05,0.25712475180625916,0.0025309287011623383,0.11614079773426056,4.519619464874268,2.312755823135376,0.5905224084854126,0.19016145169734955,1.8265985250473022,0.04484722763299942,0.569916844367981,0.2976207733154297,0.586222231388092,0.19581463932991028,1.8179868459701538,0.047696009278297424,0.5735942125320435,0.3059651255607605,1.5700000524520874,-1.6552317142486572,1.5700000524520874,-1.8403799533843994,4.588753700256348,2.447721004486084,1.5700000524520874,-1.6690993309020996,1.5700000524520874,-1.8473352193832397,4.52927303314209,2.313884735107422,-0.004584394828409444,0.8164708106834091,0.04969961495928743,0.2921949995861084,0.0201348336453826,0.0038991630163804913
222,4.439999999999928,0.2443535178899765,-0.022192709147930145,-0.08738085627555847,-0.19365999102592468,-0.041826870292425156,-0.5326709747314453,-0.40714895725250244,-0.030906686559319496,-0.9128386974334717,0.0,0.0,0.0,0.27000001072883606,0.0,0.26406750082969666,0.03384484350681305,0.6704483032226562,0.10378050804138184,0.6646970510482788,0.0028084516525268555,16.600723266601562,-2.8176698684692383,5.4604144679615274e-05,0.2657036781311035,0.002620748011395335,0.12092171609401703,4.548860549926758,2.379667043685913,0.586222231388092,0.19581463932991028,1.8179868459701538,0.047696009278297424,0.5735942125320435,0.3059651255607605,0.5818662643432617,0.20169967412948608,1.8090741634368896,0.05069085210561752,0.5771707892417908,0.3142508268356323,1.5700000524520874,-1.6478753089904785,1.5700000524520874,-1.8366364240646362,4.617366313934326,2.5140066146850586,1.5700000524520874,-1.6622982025146484,1.5700000524520874,-1.8439409732818604,4.559334754943848,2.3809661865234375,-0.0045896233553133214,0.8138330007184251,0.049367378406197204,0.2921379781570863,0.021785637033275407,0.004241317497343466
223,4.459999999999927,0.24943232536315918,-0.02233695611357689,-0.08928275108337402,-0.1913788616657257,-0.036526650190353394,-0.5277420878410339,-0.4075284004211426,-0.03171153366565704,-0.9126417636871338,0.0,0.0,0.0,0.27000001072883606,0.0,0.2644518315792084,0.03473299369215965,0.6704487800598145,0.10932719707489014,0.6647143363952637,0.005357623100280762,16.692224502563477,-2.7688333988189697,5.514796430361457e-05,0.27473124861717224,0.002700971206650138,0.12603069841861725,4.577401161193848,2.4462270736694336,0.5818662643432617,0.20169967412948608,1.8090741634368896,0.05069085210561752,0.5771707892417908,0.3142508268356323,0.5774499773979187,0.20783931016921997,1.7998380661010742,0.05384690314531326,0.5806216597557068,0.3224537968635559,1.5700000524520874,-1.6402008533477783,1.5700000524520874,-1.8326913118362427,4.644973278045654,2.5796303749084473,1.5700000524520874,-1.6552317142486572,1.5700000524520874,-1.8403799533843994,4.588753700256348,2.447721004486084,-0.004595480534954177,0.8111273671833459,0.04903907865875823,0.2920491810760595,0.023552320535202398,0.004631164877531013
224,4.479999999999927,0.25476956367492676,-0.02248174510896206,-0.09126825630664825,-0.18914124369621277,-0.03035380132496357,-0.5228928923606873,-0.407795786857605,-0.032521795481443405,-0.9124938249588013,0.0,0.0,0.0,0.27000001072883606,0.0,0.2648451328277588,0.035625483840703964,0.6704492568969727,0.11506760120391846,0.6647329330444336,0.008018970489501953,16.784278869628906,-2.718675374984741,5.580241486313753e-05,0.28428125381469727,0.0027708625420928,0.13151240348815918,4.605075359344482,2.5122909545898438,0.5774499773979187,0.20783931016921997,1.7998380661010742,0.05384690314531326,0.5806216597557068,0.3224537968635559,0.5729692578315735,0.2142583727836609,1.7902543544769287,0.057181522250175476,0.583916187286377,0.3305419087409973,1.5700000524520874,-1.6321769952774048,1.5700000524520874,-1.82852303981781,4.671329498291016,2.6443352699279785,1.5700000524520874,-1.6478753089904785,1.5700000524520874,-1.8366364240646362,4.617366313934326,2.5140066146850586,-0.004602125004883106,0.8083483731830832,0.04871795440469384,0.2919193520725081,0.025440775747032518,0.00507325274212711
225,4.499999999999926,0.2603961229324341,-0.022627122700214386,-0.0933440774679184,-0.1869598627090454,-0.02319786511361599,-0.5181476473808289,-0.4079340696334839,-0.03333578258752823,-0.9124026298522949,0.0,0.0,0.0,0.27000001072883606,0.0,0.2652474343776703,0.03652001544833183,0.6704498529434204,0.12101411819458008,0.6647524833679199,0.010801076889038086,16.87686538696289,-2.6672098636627197,5.6564578699180856e-05,0.29443877935409546,0.0028297011740505695,0.13742206990718842,4.631680011749268,2.577662944793701,0.5729692578315735,0.2142583727836609,1.7902543544769287,0.057181522250175476,0.583916187286377,0.3305419087409973,0.568447470664978,0.22099047899246216,1.7803521156311035,0.06069809943437576,0.5869485139846802,0.3384416699409485,1.5700000524520874,-1.6237618923187256,1.5700000524520874,-1.8241273164749146,4.695588111877441,2.707533359527588,1.5700000524520874,-1.6402008533477783,1.5700000524520874,-1.8326913118362427,4.644973278045654,2.5796303749084473,-0.004609623980925903,0.8054853192215425,0.04840663789914501,0.2917410005177281,0.027457431491313855,0.005572539919647568
226,4.519999999999926,0.26634734869003296,-0.022772660478949547,-0.09551863372325897,-0.1848524957895279,-0.014924074523150921,-0.5135350227355957,-0.4079238772392273,-0.03415154665708542,-0.9123769998550415,0.0,0.0,0.0,0.27000001072883606,0.0,0.2656588852405548,0.03741392865777016,0.6704504489898682,0.127180814743042,0.6647728681564331,0.013714194297790527,16.969959259033203,-2.614454984664917,5.742074426962063e-05,0.30529671907424927,0.0028767860494554043,0.1438218504190445,4.656966686248779,2.642082929611206,0.568447470664978,0.22099047899246216,1.7803521156311035,0.06069809943437576,0.5869485139846802,0.3384416699409485,0.5639370679855347,0.22807668149471283,1.770223617553711,0.06438950449228287,0.5895360708236694,0.34603309631347656,1.5700000524520874,-1.6149041652679443,1.5700000524520874,-1.8195130825042725,4.7162885665893555,2.7682647705078125,1.5700000524520874,-1.6321769952774048,1.5700000524520874,-1.82852303981781,4.671329498291016,2.6443352699279785,-0.004618032877541367,0.8025244652462327,0.04810735095570884,0.291504414287342,0.02960951417298574,0.006133914655915618
227,4.539999999999925,0.2726689577102661,-0.0229252427816391,-0.0978093072772026,-0.18282459676265717,-0.005231743212789297,-0.5091225504875183,-0.4077414274215698,-0.03496719151735306,-0.9124276638031006,0.0,0.0,0.0,0.27000001072883606,0.0,0.2660794258117676,0.03830450400710106,0.6704510450363159,0.1335848569869995,0.6647937297821045,0.016768455505371094,17.063514709472656,-2.560441493988037,5.8545909269014373e-05,0.3169902265071869,0.002906771143898368,0.1506931185722351,4.680088043212891,2.7049598693847656,0.5639370679855347,0.22807668149471283,1.770223617553711,0.06438950449228287,0.5895360708236694,0.34603309631347656,0.5594773292541504,0.23555311560630798,1.7598780393600464,0.06827109307050705,0.5915467739105225,0.3531821370124817,1.5700000524520874,-1.6055586338043213,1.5700000524520874,-1.8146611452102661,4.73237419128418,2.8254570960998535,1.5700000524520874,-1.6237618923187256,1.5700000524520874,-1.8241273164749146,4.695588111877441,2.707533359527588,-0.004630766294697608,0.7994342323327253,0.04784102613287189,0.2911695961618399,0.03188731930560884,0.00675910592466078
228,4.559999999999925,0.2794182598590851,-0.02309800684452057,-0.10024341195821762,-0.1808682084083557,0.006360176019370556,-0.5050029754638672,-0.4073551893234253,-0.035781294107437134,-0.9125685691833496,0.0,0.0,0.0,0.27000001072883606,0.0,0.2665088474750519,0.039189353585243225,0.6704519987106323,0.14024734497070312,0.6648142337799072,0.019972681999206543,17.1574649810791,-2.505218267440796,5.902399425394833e-05,0.32969042658805847,0.002914495998993516,0.1579521894454956,4.699582576751709,2.7653286457061768,0.5594773292541504,0.23555311560630798,1.7598780393600464,0.06827109307050705,0.5915467739105225,0.3531821370124817,0.5551244616508484,0.24347078800201416,1.7493011951446533,0.07236625999212265,0.5928078293800354,0.35970985889434814,1.5700000524520874,-1.5956615209579468,1.5700000524520874,-1.809542179107666,4.742462635040283,2.877678871154785,1.5700000524520874,-1.6149041652679443,1.5700000524520874,-1.8195130825042725,4.7162885665893555,2.7682647705078125,-0.00464926369315144,0.796166994189786,0.04763080610250192,0.29070708000896417,0.034281053272051665,0.007452511665941408
229,4.579999999999925,0.286657452583313,-0.023291587829589844,-0.10284674912691116,-0.1790134310722351,0.02028726041316986,-0.5012320280075073,-0.40672528743743896,-0.03659236431121826,-0.9128173589706421,0.0,0.0,0.0,0.27000001072883606,0.0,0.26694661378860474,0.04006582498550415,0.6704530715942383,0.14719176292419434,0.6648342609405518,0.023336291313171387,17.2517147064209,-2.4488558769226074,5.654626511386596e-05,0.34352055191993713,0.0029091835021972656,0.16564436256885529,4.714380741119385,2.822113513946533,0.5551244616508484,0.24347078800201416,1.7493011951446533,0.07236625999212265,0.5928078293800354,0.35970985889434814,0.5509421229362488,0.2518817186355591,1.7384852170944214,0.07669863849878311,0.5931362509727478,0.3654314875602722,1.5700000524520874,-1.5851478576660156,1.5700000524520874,-1.8041267395019531,4.745090007781982,2.9234519004821777,1.5700000524520874,-1.6055586338043213,1.5700000524520874,-1.8146611452102661,4.73237419128418,2.8254570960998535,-0.004665576488179113,0.7926944399503242,0.047445145473028916,0.2901366966562051,0.03682489828518953,0.00821687202463739
230,4.599999999999924,0.29446300864219666,-0.023503847420215607,-0.1056465208530426,-0.1773175150156021,0.037065811455249786,-0.4978947043418884,-0.4058028757572174,-0.037398166954517365,-0.9131951928138733,0.0,0.0,0.0,0.27000001072883606,0.0,0.2673918902873993,0.04093021899461746,0.6704543828964233,0.15444540977478027,0.6648538112640381,0.02687084674835205,17.34614372253418,-2.3914530277252197,5.128398697706871e-05,0.3586762845516205,0.0028927267994731665,0.17387081682682037,4.723088264465332,2.8738794326782227,0.5509421229362488,0.2518817186355591,1.7384852170944214,0.07669863849878311,0.5931362509727478,0.3654314875602722,0.5470163822174072,0.2608438730239868,1.7274296283721924,0.08129239827394485,0.5923041105270386,0.3701156973838806,1.5700000524520874,-1.573945164680481,1.5700000524520874,-1.798384428024292,4.738432884216309,2.960925579071045,1.5700000524520874,-1.5956615209579468,1.5700000524520874,-1.809542179107666,4.742462635040283,2.877678871154785,-0.004679925543412011,0.7889859485009794,0.04727559847488827,0.28943060298136913,0.039540038096596675,0.009053622266932848
231,4.619999999999924,0.3029204308986664,-0.023730650544166565,-0.10867609828710556,-0.17584805190563202,0.057273019105196,-0.4950794577598572,-0.4045286774635315,-0.038195449858903885,-0.913727343082428,0.0,0.0,0.0,0.27000001072883606,0.0,0.26784342527389526,0.04177748039364815,0.670455813407898,0.16203999519348145,0.6648728847503662,0.030589938163757324,17.440601348876953,-2.3331382274627686,4.3574800656642765e-05,0.3753438889980316,0.0028629719745367765,0.18272146582603455,4.7242279052734375,2.9191412925720215,0.5470163822174072,0.2608438730239868,1.7274296283721924,0.08129239827394485,0.5923041105270386,0.3701156973838806,0.5434440970420837,0.2704245448112488,1.7161387205123901,0.08617374300956726,0.5900391936302185,0.37349241971969604,1.5700000524520874,-1.56196928024292,1.5700000524520874,-1.7922828197479248,4.720313549041748,2.9879393577575684,1.5700000524520874,-1.5851478576660156,1.5700000524520874,-1.8041267395019531,4.745090007781982,2.9234519004821777,-0.004693192694157133,0.7850006272081522,0.04712654035345487,0.28856774385102213,0.042449726827703316,0.009975499814450117
232,4.639999999999923,0.31213030219078064,-0.023965930566191673,-0.11197821795940399,-0.1746894121170044,0.08162129670381546,-0.492889404296875,-0.4028310179710388,-0.03897961601614952,-0.9144439697265625,0.0,0.0,0.0,0.27000001072883606,0.0,0.2682993710041046,0.04260078817605972,0.6704574823379517,0.17001128196716309,0.6648913621902466,0.03450906276702881,17.534902572631836,-2.2740769386291504,3.3262822398683056e-05,0.39372918009757996,0.0028194072656333447,0.1922873556613922,4.715960502624512,2.9560418128967285,0.5434440970420837,0.2704245448112488,1.7161387205123901,0.08617374300956726,0.5900391936302185,0.37349241971969604,0.5403502583503723,0.28070032596588135,1.7046226263046265,0.09136966615915298,0.5860031843185425,0.37522631883621216,1.5700000524520874,-1.5491245985031128,1.5700000524520874,-1.7857879400253296,4.68802547454834,3.0018105506896973,1.5700000524520874,-1.573945164680481,1.5700000524520874,-1.798384428024292,4.738432884216309,2.960925579071045,-0.0047059696790725525,0.780683193218735,0.04699638053478239,0.2875069113862949,0.04557861941746211,0.010988254602177783
233,4.659999999999923,0.32220977544784546,-0.02420184575021267,-0.1156054362654686,-0.17394210398197174,0.11095383018255234,-0.49144336581230164,-0.4006232023239136,-0.03974435478448868,-0.9153804779052734,0.0,0.0,0.0,0.27000001072883606,0.0,0.2687569856643677,0.0433911457657814,0.6704593896865845,0.17840051651000977,0.6649093627929688,0.03864586353302002,17.62881851196289,-2.2144768238067627,1.983740548894275e-05,0.41407305002212524,0.0027613400015980005,0.20266291499137878,4.696089744567871,2.9824130535125732,0.5403502583503723,0.28070032596588135,1.7046226263046265,0.09136966615915298,0.5860031843185425,0.37522631883621216,0.5378928184509277,0.29176145792007446,1.6928917169570923,0.09690848737955093,0.5797865986824036,0.37490755319595337,1.5700000524520874,-1.5352981090545654,1.5700000524520874,-1.7788643836975098,4.6382927894592285,2.999260425567627,1.5700000524520874,-1.56196928024292,1.5700000524520874,-1.7922828197479248,4.720313549041748,2.9879393577575684,-0.004718143905684258,0.7759753774489191,0.04688552504659249,0.2862000460934979,0.04895897861953635,0.012101807439222512
234,4.6799999999999224,0.33329668641090393,-0.02442755736410618,-0.11962463706731796,-0.17373178899288177,0.1463034749031067,-0.49088186025619507,-0.39780014753341675,-0.04048118740320206,-0.9165785908699036,0.0,0.0,0.0,0.27000001072883606,0.0,0.2692124545574188,0.044136859476566315,0.6704615354537964,0.1872546672821045,0.6649268865585327,0.04302048683166504,17.722063064575195,-2.15459942817688,2.385439529462019e-06,0.43665215373039246,0.002690176945179701,0.21394573152065277,4.661884784698486,2.9955646991729736,0.5378928184509277,0.29176145792007446,1.6928917169570923,0.09690848737955093,0.5797865986824036,0.37490755319595337,0.5362713932991028,0.30371105670928955,1.6809569597244263,0.10281912237405777,0.5708814859390259,0.3720245361328125,1.5700000524520874,-1.5203611850738525,1.5700000524520874,-1.7714760303497314,4.567051887512207,2.9761962890625,1.5700000524520874,-1.5491245985031128,1.5700000524520874,-1.7857879400253296,4.68802547454834,3.0018105506896973,-0.004728976377299077,0.7707953440998416,0.04678699835249134,0.2845807532665141,0.05262735541135122,0.013321501498548827
235,4.699999999999922,0.3455524444580078,-0.024628670886158943,-0.12411975860595703,-0.17421728372573853,0.18890972435474396,-0.4913780987262726,-0.39423438906669617,-0.04117880389094353,-0.9180868864059448,0.0,0.0,0.0,0.27000001072883606,0.0,0.26966017484664917,0.04482279717922211,0.670464038848877,0.19662797451019287,0.6649442911148071,0.047655344009399414,17.814287185668945,-2.094771385192871,-2.0539824618026614e-05,0.4617968797683716,0.0026116343215107918,0.22624099254608154,4.610039710998535,2.99221134185791,0.5362713932991028,0.30371105670928955,1.6809569597244263,0.10281912237405777,0.5708814859390259,0.3720245361328125,0.5357388854026794,0.3166673183441162,1.6688328981399536,0.1091322973370552,0.55865877866745,0.36593884229660034,1.5700000524520874,-1.5041658878326416,1.5700000524520874,-1.7635846138000488,4.4692702293396,2.9275107383728027,1.5700000524520874,-1.5352981090545654,1.5700000524520874,-1.7788643836975098,4.6382927894592285,2.999260425567627,-0.004736222206533469,0.765057281526019,0.046680852530242234,0.2825537273040233,0.05663471103706108,0.014648466552240613
236,4.719999999999922,0.3591659963130951,-0.024785254150629044,-0.12919901311397552,-0.17560367286205292,0.24029161036014557,-0.49314603209495544,-0.3897709846496582,-0.04182219132781029,-0.91996169090271,0.0,0.0,0.0,0.27000001072883606,0.0,0.2700923681259155,0.045429520308971405,0.6704666614532471,0.20658302307128906,0.6649622917175293,0.05257558822631836,17.905061721801758,-2.035399913787842,-5.055515794083476e-05,0.48988860845565796,0.00253413082100451,0.23965558409690857,4.5364556312561035,2.968254566192627,0.5357388854026794,0.3166673183441162,1.6688328981399536,0.1091322973370552,0.55865877866745,0.36593884229660034,0.5366148948669434,0.3307724595069885,1.65654456615448,0.11588161438703537,0.5423461198806763,0.3558592200279236,1.5700000524520874,-1.4865343570709229,1.5700000524520874,-1.755147933959961,4.33876895904541,2.8468737602233887,1.5700000524520874,-1.5203611850738525,1.5700000524520874,-1.7714760303497314,4.567051887512207,2.9761962890625,-0.00473743559327211,0.7586365251579927,0.0465365303848273,0.2799953984509749,0.061036601372221,0.016078403319986556
237,4.739999999999921,0.3743583559989929,-0.024868778884410858,-0.1350022852420807,-0.17815667390823364,0.3023053705692291,-0.4964437484741211,-0.3842209279537201,-0.04239138215780258,-0.9222674369812012,0.0,0.0,0.0,0.27000001072883606,0.0,0.27049797773361206,0.04593197628855705,0.6704696416854858,0.2171926498413086,0.6649819612503052,0.05780971050262451,17.993854522705078,-1.9769937992095947,-8.973641524789855e-05,0.5213726162910461,0.0024705505929887295,0.2543086111545563,4.4360575675964355,2.918581962585449,0.5366148948669434,0.3307724595069885,1.65654456615448,0.11588161438703537,0.5423461198806763,0.3558592200279236,0.5393061637878418,0.34619587659835815,1.6441307067871094,0.12309929728507996,0.5209964513778687,0.34080445766448975,1.5700000524520874,-1.4672551155090332,1.5700000524520874,-1.7461258172988892,4.167971611022949,2.726435661315918,1.5700000524520874,-1.5041658878326416,1.5700000524520874,-1.7635846138000488,4.4692702293396,2.9275107383728027,-0.00472911944218346,0.7513674367166967,0.0463075318919941,0.2767453317712949,0.06589690092429557,0.01760068298630646
238,4.759999999999921,0.391387015581131,-0.02483976073563099,-0.14170901477336884,-0.1822192221879959,0.3771876096725464,-0.5015873312950134,-0.3773534595966339,-0.042859725654125214,-0.925076961517334,0.0,0.0,0.0,0.27000001072883606,0.0,0.27086153626441956,0.04629787802696228,0.6704727411270142,0.22854125499725342,0.665005087852478,0.06338977813720703,18.080013275146484,-1.9201865196228027,-0.0001409150572726503,0.5567992925643921,0.00244260230101645,0.2703494429588318,4.302617073059082,2.836862087249756,0.5393061637878418,0.34619587659835815,1.6441307067871094,0.12309929728507996,0.5209964513778687,0.34080445766448975,0.5443317294120789,0.3631212115287781,1.6316157579421997,0.13081541657447815,0.49341627955436707,0.31955474615097046,1.5700000524520874,-1.4460984468460083,1.5700000524520874,-1.736480712890625,3.9473302364349365,2.5564379692077637,1.5700000524520874,-1.4865343570709229,1.5700000524520874,-1.755147933959961,4.33876895904541,2.8468737602233887,-0.004705676083711197,0.7430489411285706,0.04591930198128047,0.27257898557865445,0.07129470716423114,0.019192629388764537
239,4.77999999999992,0.4105495512485504,-0.024645254015922546,-0.14955368638038635,-0.18823374807834625,0.46763914823532104,-0.5089744925498962,-0.3688865900039673,-0.04319167137145996,-0.9284703135490417,0.0,0.0,0.0,0.27000001072883606,0.0,0.27116134762763977,0.04648565873503685,0.670475959777832,0.24072861671447754,0.6650345325469971,0.0693521499633789,18.162729263305664,-1.865767002105713,-0.00020782992942258716,0.596836507320404,0.002485870849341154,0.28793931007385254,4.128497123718262,2.715252161026001,0.5443317294120789,0.3631212115287781,1.6316157579421997,0.13081541657447815,0.49341627955436707,0.31955474615097046,0.5523192286491394,0.38175052404403687,1.6190003156661987,0.13906130194664001,0.4581114947795868,0.29059380292892456,1.5700000524520874,-1.42281174659729,1.5700000524520874,-1.7261734008789062,3.6648919582366943,2.3247504234313965,1.5700000524520874,-1.4672551155090332,1.5700000524520874,-1.7461258172988892,4.167971611022949,2.726435661315918,-0.004658854342370233,0.7334243391693427,0.04525320085730655,0.2671736335254806,0.07732247656573499,0.02080878490755378
240,4.79999999999992,0.4322021007537842,-0.024252016097307205,-0.1588284969329834,-0.19736211001873016,0.5772328972816467,-0.519675612449646,-0.358472615480423,-0.043336980044841766,-0.9325338006019592,0.0,0.0,0.0,0.27000001072883606,0.0,0.27136701345443726,0.046438876539468765,0.6704796552658081,0.25387322902679443,0.6650679111480713,0.07573473453521729,18.241008758544922,-1.8147166967391968,-0.00024229915288742632,0.6424492001533508,0.0020065191201865673,0.3069166839122772,3.9041056632995605,2.5439553260803223,0.5523192286491394,0.38175052404403687,1.6190003156661987,0.13906130194664001,0.4581114947795868,0.29059380292892456,0.563998818397522,0.40231043100357056,1.6063258647918701,0.1478937566280365,0.41320377588272095,0.2519981861114502,1.5700000524520874,-1.3971118927001953,1.5700000524520874,-1.715132713317871,3.3056302070617676,2.0159854888916016,1.5700000524520874,-1.4460984468460083,1.5700000524520874,-1.736480712890625,3.9473302364349365,2.5564379692077637,-0.004659642134283715,0.721844475312956,0.04513568672850354,0.26059319623746546,0.08409674995532868,0.022368872621998825
241,4.8199999999999195,0.45673835277557373,-0.02364555187523365,-0.1699584424495697,-0.2102823555469513,0.7099564671516418,-0.5347459316253662,-0.3456808030605316,-0.04322504624724388,-0.9373560547828674,0.0,0.0,0.0,0.27000001072883606,0.0,0.2714362144470215,0.04608115181326866,0.6704844236373901,0.26812028884887695,0.6650993824005127,0.08257639408111572,18.313623428344727,-1.7682602405548096,-0.0002863649860955775,0.6947300434112549,0.0012766943546012044,0.3274361491203308,3.617609977722168,2.3107059001922607,0.563998818397522,0.40231043100357056,1.6063258647918701,0.1478937566280365,0.41320377588272095,0.2519981861114502,0.5800110697746277,0.4247761368751526,1.5938036441802979,0.15709590911865234,0.35681602358818054,0.2018100768327713,1.5700000524520874,-1.3690297603607178,1.5700000524520874,-1.7036300897598267,2.8545281887054443,1.6144806146621704,1.5700000524520874,-1.42281174659729,1.5700000524520874,-1.7261734008789062,3.6648919582366943,2.3247504234313965,-0.004691866957864832,0.7068539038478558,0.04562794489197586,0.25273060545670134,0.09126396279238502,0.024233377438791948
242,4.839999999999919,0.48458725214004517,-0.022651823237538338,-0.18354541063308716,-0.22760353982448578,0.8707377314567566,-0.554389476776123,-0.3299846351146698,-0.042768459767103195,-0.9430169463157654,0.0,0.0,0.0,0.27000001072883606,0.0,0.2713082432746887,0.0453217439353466,0.6704899072647095,0.2836388349533081,0.6651303768157959,0.08992564678192139,18.379043579101562,-1.7279250621795654,-0.0003686132840812206,0.7545793056488037,0.0005010886816307902,0.3498804569244385,3.2539162635803223,2.0002150535583496,0.5800110697746277,0.4247761368751526,1.5938036441802979,0.15709590911865234,0.35681602358818054,0.2018100768327713,0.6007092595100403,0.4490688443183899,1.5813066959381104,0.16637542843818665,0.28703513741493225,0.1380709558725357,1.5700000524520874,-1.338663935661316,1.5700000524520874,-1.692030668258667,2.296281099319458,1.1045676469802856,1.5700000524520874,-1.3971118927001953,1.5700000524520874,-1.715132713317871,3.3056302070617676,2.0159854888916016,-0.00466951074641031,0.6876196860764274,0.04610853102745338,0.24296548790567485,0.09884469386725936,0.026134530900296937
243,4.859999999999919,0.5161319971084595,-0.02103140391409397,-0.20045822858810425,-0.25046518445014954,1.065739631652832,-0.5789377093315125,-0.31073465943336487,-0.04184727370738983,-0.9495750665664673,0.0,0.0,0.0,0.27000001072883606,0.0,0.2708955407142639,0.0440409779548645,0.6704952716827393,0.3005918264389038,0.6651666164398193,0.09781360626220703,18.435441970825195,-1.6955482959747314,-0.0004935197648592293,0.8214294910430908,-0.00020012015011161566,0.3731316030025482,2.7979788780212402,1.5968962907791138,0.6007092595100403,0.4490688443183899,1.5813066959381104,0.16637542843818665,0.28703513741493225,0.1380709558725357,0.6267076134681702,0.4753275513648987,1.5685060024261475,0.17563846707344055,0.20147018134593964,0.058428481221199036,1.5700000524520874,-1.3058404922485352,1.5700000524520874,-1.6804518699645996,1.611761450767517,0.4674278497695923,1.5700000524520874,-1.3690297603607178,1.5700000524520874,-1.7036300897598267,2.8545281887054443,1.6144806146621704,-0.004562396064702767,0.6631741462753826,0.046190645062443636,0.2303695566002908,0.10683195388283018,0.027821827698528256
244,4.879999999999918,0.5517502427101135,-0.018482470884919167,-0.22178778052330017,-0.2802392542362213,1.3014813661575317,-0.6087225675582886,-0.28714028000831604,-0.040297623723745346,-0.957040548324585,0.0,0.0,0.0,0.27000001072883606,0.0,0.2700735330581665,0.04208163544535637,0.6704998016357422,0.31912922859191895,0.6652170419692993,0.10624480247497559,18.480688095092773,-1.6732778549194336,-0.0006605389644391835,0.894533634185791,-0.0007132738828659058,0.39583396911621094,2.2345263957977295,1.085159182548523,0.6267076134681702,0.4753275513648987,1.5685060024261475,0.17563846707344055,0.20147018134593964,0.058428481221199036,0.6589019298553467,0.5036886930465698,1.5553812980651855,0.1850128173828125,0.0978708490729332,-0.039433687925338745,1.5700000524520874,-1.2703890800476074,1.5700000524520874,-1.6687339544296265,0.7829667925834656,-0.31546950340270996,1.5700000524520874,-1.338663935661316,1.5700000524520874,-1.692030668258667,2.296281099319458,1.1045676469802856,-0.004356586510171567,0.6324286419361673,0.04552717125333672,0.21392126436161618,0.11510470059720035,0.029095570562936324
245,4.899999999999918,0.5891677737236023,-0.02938428707420826,-0.25764399766921997,-0.2503452003002167,1.5886017084121704,-0.6337031722068787,-0.2582448422908783,-0.03821439668536186,-0.9653233885765076,0.0,0.0,0.0,0.27000001072883606,0.0,0.2686205506324768,0.03956648334860802,0.6705325841903687,0.33917319774627686,0.6649026870727539,0.11596381664276123,18.512285232543945,-1.6635897159576416,0.00038146006409078836,0.956922709941864,0.011907835491001606,0.4135816991329193,1.538718581199646,0.45538344979286194,0.6589019298553467,0.5036886930465698,1.5553812980651855,0.1850128173828125,0.0978708490729332,-0.039433687925338745,0.6934177875518799,0.5338153839111328,1.5368919372558594,0.19452685117721558,-0.028257958590984344,-0.15810026228427887,1.5700000524520874,-1.232730746269226,1.5700000524520874,-1.6568413972854614,-0.22606366872787476,-1.264802098274231,1.5700000524520874,-1.3058404922485352,1.5700000524520874,-1.6804518699645996,1.611761450767517,0.4674278497695923,-0.013798912629408022,0.6584545593011519,0.23063285183260085,-0.12010370292990658,0.10749512839674136,0.0306034586745626
246,4.919999999999917,0.6377903819084167,-0.011419512331485748,-0.2828771471977234,-0.3690199553966522,1.9236303567886353,-0.7024558782577515,-0.22287629544734955,-0.03522789105772972,-0.9742100238800049,0.0,0.0,0.0,0.27000001072883606,0.0,0.26632893085479736,0.03614472225308418,0.6704895496368408,0.3615717887878418,0.6654976606369019,0.12474954128265381,18.52729034423828,-1.6694729328155518,-0.002819976769387722,1.076208233833313,0.011136060580611229,0.4147162437438965,0.7118305563926697,-0.34115803241729736,0.6934177875518799,0.5338153839111328,1.5368919372558594,0.19452685117721558,-0.028257958590984344,-0.15810026228427887,0.7467916011810303,0.566125750541687,1.5268726348876953,0.20306724309921265,-0.1764407604932785,-0.30455583333969116,1.5700000524520874,-1.192342758178711,1.5700000524520874,-1.6461658477783203,-1.411526083946228,-2.4364466667175293,1.5700000524520874,-1.2703890800476074,1.5700000524520874,-1.6687339544296265,0.7829667925834656,-0.31546950340270996,0.0013696734967876267,0.5210542567980241,-0.0003499619774860463,0.23728475704727714,0.13273729844133908,0.0345179764230531
247,4.939999999999917,0.679659903049469,0.0008459829841740429,-0.3437948524951935,-0.4459186792373657,2.3287158012390137,-0.7503604292869568,-0.18041454255580902,-0.02968078851699829,-0.9831427335739136,0.0,0.0,0.0,0.27000001072883606,0.0,0.2628415822982788,0.030180538073182106,0.6701036691665649,0.3869134187698364,0.6653543710708618,0.1348026990890503,18.522632598876953,-1.694181203842163,0.005172858014702797,1.10650634765625,-0.042510777711868286,0.4544580280780792,-0.30337145924568176,-1.2942885160446167,0.7467916011810303,0.566125750541687,1.5268726348876953,0.20306724309921265,-0.1764407604932785,-0.30455583333969116,0.8086293339729309,0.5998698472976685,1.5140304565429688,0.20885491371154785,-0.33836716413497925,-0.46309101581573486,1.5700000524520874,-1.150162696838379,1.5700000524520874,-1.6389312744140625,-2.706937313079834,-3.704728126525879,1.5700000524520874,-1.232730746269226,1.5700000524520874,-1.6568413972854614,-0.22606366872787476,-1.264802098274231,0.025898615844434758,0.4732482743524393,0.28687445666903244,-0.07900024243538795,0.07603128763082645,0.02990886341074983
248,4.9599999999999165,0.7469261288642883,0.013992873020470142,-0.3805600106716156,-0.5192874073982239,2.8041350841522217,-0.7823702096939087,-0.12806618213653564,-0.022418349981307983,-0.9915122389793396,0.0,0.0,0.0,0.27000001072883606,0.0,0.25786933302879333,0.02260640822350979,0.6703454256057739,0.4129829406738281,0.6649855375289917,0.14578676223754883,18.49447250366211,-1.7414225339889526,0.013653257861733437,1.2344253063201904,-0.09997495263814926,0.6122437715530396,-1.4907996654510498,-2.451937437057495,0.8086293339729309,0.5998698472976685,1.5140304565429688,0.20885491371154785,-0.33836716413497925,-0.46309101581573486,0.8784531354904175,0.6417261958122253,1.4994004964828491,0.21116304397583008,-0.5314649939537048,-0.6529344320297241,1.5700000524520874,-1.0978422164916992,1.5700000524520874,-1.6360461711883545,-4.251719951629639,-5.223475456237793,1.5700000524520874,-1.192342758178711,1.5700000524520874,-1.6461658477783203,-1.411526083946228,-2.4364466667175293,-0.02093609117629569,0.42481206972298935,0.031392731012580555,0.10624191550523676,0.14053210498159663,0.0244455560475334
249,4.979999999999916,0.8050870299339294,0.019936585798859596,-0.46192091703414917,-0.6082020998001099,3.303490400314331,-0.886371374130249,-0.06697800755500793,-0.012752946466207504,-0.997672975063324,0.0,0.0,0.0,0.27000001072883606,0.0,0.2507104277610779,0.01278199627995491,0.6706303358078003,0.4423729181289673,0.6653441190719604,0.15656840801239014,18.44124412536621,-1.8131736516952515,0.02063812129199505,1.3438001871109009,-0.02933119796216488,0.4801667630672455,-2.788221597671509,-3.7277512550354004,0.8784531354904175,0.6417261958122253,1.4994004964828491,0.21116304397583008,-0.5314649939537048,-0.6529344320297241,0.9463690519332886,0.6733222007751465,1.4970589876174927,0.2075260579586029,-0.7222312688827515,-0.8437401652336121,1.5700000524520874,-1.058347225189209,1.5700000524520874,-1.640592336654663,-5.777850151062012,-6.7499213218688965,1.5700000524520874,-1.150162696838379,1.5700000524520874,-1.6389312744140625,-2.706937313079834,-3.704728126525879,-0.09435026218705644,0.37079297931085975,0.3057661645073093,-0.1638722341278509,0.11290024605524085,0.007996560767899119
250,4.999999999999916,0.8775342702865601,0.04320991784334183,-0.5456769466400146,-0.7424435019493103,3.8535778522491455,-0.9511601328849792,0.005243500228971243,0.00019293594232294708,-0.9999862313270569,0.0,0.0,0.0,0.27000001072883606,0.0,0.24092620611190796,-0.00019293860532343388,0.6705372333526611,0.4751288890838623,0.6653169393539429,0.16771161556243896,18.359071731567383,-1.9140026569366455,-0.0004272305523045361,1.5130913257598877,-0.07106462866067886,0.5711791515350342,-4.264961242675781,-5.251385688781738,0.9463690519332886,0.6733222007751465,1.4970589876174927,0.2075260579586029,-0.7222312688827515,-0.8437401652336121,1.0231550931930542,0.7153003811836243,1.5004757642745972,0.2053418904542923,-0.9206351637840271,-1.0372588634490967,1.5700000524520874,-1.005874514579773,1.5700000524520874,-1.6433225870132446,-7.365081310272217,-8.298070907592773,1.5700000524520874,-1.0978422164916992,1.5700000524520874,-1.6360461711883545,-4.251719951629639,-5.223475456237793,0.009928354169835174,0.11929791626429598,0.03835314378600785,0.026816072870960994,0.05750161658009212,-0.03892088006279337
251,5.019999999999915,0.964867353439331,0.06066799908876419,-0.625605583190918,-0.5900506973266602,4.779314994812012,-0.6805610656738281,0.09363001585006714,0.01163844671100378,-0.9955390095710754,0.0,0.0,0.0,0.27000001072883606,0.0,0.22788028419017792,-0.011690065264701843,0.6648440361022949,0.5096340179443359,0.6718336343765259,0.17689979076385498,18.247325897216797,-2.044609308242798,-0.40279123187065125,1.6721320152282715,0.18617545068264008,0.3968263268470764,-5.794310569763184,-6.727892875671387,1.0231550931930542,0.7153003811836243,1.5004757642745972,0.2053418904542923,-0.9206351637840271,-1.0372588634490967,1.0657044649124146,0.773298442363739,1.4742804765701294,0.2005670964717865,-1.133466362953186,-1.2442922592163086,1.5700000524520874,-0.9333769083023071,1.5700000524520874,-1.6492910385131836,-9.067730903625488,-9.954338073730469,1.5700000524520874,-1.058347225189209,1.5700000524520874,-1.640592336654663,-5.777850151062012,-6.7499213218688965,0.6937998815494204,-0.0656850008145593,-0.795270644090623,0.012213757194054153,-0.007464459223058384,-0.0732306100681015
252,5.039999999999915,1.0456184148788452,0.10194771736860275,-0.7400673031806946,-0.9587722420692444,5.249913215637207,-0.9651989340782166,0.19499021768569946,0.03205280750989914,-0.9802812933921814,0.0,0.0,0.0,0.27000001072883606,0.0,0.21088431775569916,-0.03268591687083244,0.6615481376647949,0.5457407236099243,0.6720215082168579,0.18823277950286865,18.103757858276367,-2.2057061195373535,-0.17769114673137665,1.6981382369995117,-0.02783832512795925,0.4953715205192566,-7.366489410400391,-8.269608497619629,1.0657044649124146,0.773298442363739,1.4742804765701294,0.2005670964717865,-1.133466362953186,-1.2442922592163086,1.1628557443618774,0.8254649043083191,1.5233042240142822,0.20586010813713074,-1.2914845943450928,-1.413605809211731,1.5700000524520874,-0.868168830871582,1.5700000524520874,-1.6426748037338257,-10.331876754760742,-11.308846473693848,1.5700000524520874,-1.005874514579773,1.5700000524520874,-1.6433225870132446,-7.365081310272217,-8.298070907592773,-0.0928015551400847,-0.0005106908219314477,0.037069944919295494,-0.43583791838138985,-0.018889551958189088,-0.03427816922112825
253,5.059999999999914,1.1533024311065674,0.1369360089302063,-0.8528751730918884,-1.1185483932495117,5.88549280166626,-1.0176225900650024,0.3071655035018921,0.05635311082005501,-0.9499861598014832,0.0,0.0,0.0,0.27000001072883606,0.0,0.18916013836860657,-0.059250496327877045,0.6576119661331177,0.5860793590545654,0.6714966297149658,0.19947469234466553,17.92702293395996,-2.398848295211792,-0.3466787338256836,1.919223666191101,-0.017690187320113182,0.5226696729660034,-9.057904243469238,-9.869823455810547,1.1628557443618774,0.8254649043083191,1.5233042240142822,0.20586010813713074,-1.2914845943450928,-1.413605809211731,1.2314633131027222,0.8865873217582703,1.5487945079803467,0.21313437819480896,-1.452504277229309,-1.5668975114822388,1.5700000524520874,-0.7917658090591431,1.5700000524520874,-1.6335819959640503,-11.620034217834473,-12.53518009185791,1.5700000524520874,-0.9333769083023071,1.5700000524520874,-1.6492910385131836,-9.067730903625488,-9.954338073730469,0.19359915393318872,-0.22971257602060824,0.054268445486128414,-0.472963653870373,-0.017693506558540406,-0.08334052359058575
254,5.079999999999914,1.276268720626831,0.19687364995479584,-0.9658416509628296,-1.379403829574585,6.50306510925293,-1.1132819652557373,0.425506055355072,0.08739274740219116,-0.9007259011268616,0.0,0.0,0.0,0.27000001072883606,0.0,0.16212263703346252,-0.09672205150127411,0.6544291973114014,0.6293747425079346,0.6711628437042236,0.2117985486984253,17.723098754882812,-2.6204235553741455,-0.17496904730796814,2.082139015197754,-0.013715550303459167,0.621884286403656,-10.273818016052246,-11.23104190826416,1.2314633131027222,0.8865873217582703,1.5487945079803467,0.21313437819480896,-1.452504277229309,-1.5668975114822388,1.2996729612350464,0.9570984840393066,1.5846612453460693,0.22310245037078857,-1.6111385822296143,-1.7233680486679077,1.5700000524520874,-0.7036268711090088,1.5700000524520874,-1.621121883392334,-12.889108657836914,-13.786944389343262,1.5700000524520874,-0.868168830871582,1.5700000524520874,-1.6426748037338257,-10.331876754760742,-11.308846473693848,0.2338425605055825,-0.23979410264103507,0.036597696099338606,-0.5551853568260725,-0.0018679643681487335,-0.08091234932754432
255,5.0999999999999135,1.4242130517959595,0.2600131332874298,-1.069804072380066,-1.6069029569625854,7.220514297485352,-1.0476927757263184,0.5474048256874084,0.12287495285272598,-0.8277981281280518,0.0,0.0,0.0,0.27000001072883606,0.0,0.12950696051120758,-0.1473599076271057,0.652512788772583,0.6768438816070557,0.6708633899688721,0.22436773777008057,17.4936466217041,-2.8673360347747803,-0.01189813669770956,2.317927360534668,-0.02055027335882187,0.4863784909248352,-11.615788459777832,-12.515819549560547,1.2996729612350464,0.9570984840393066,1.5846612453460693,0.22310245037078857,-1.6111385822296143,-1.7233680486679077,1.3580660820007324,1.0319641828536987,1.6163792610168457,0.23032459616661072,-1.7680418491363525,-1.8685448169708252,1.5700000524520874,-0.6100447177886963,1.5700000524520874,-1.6120941638946533,-14.14433479309082,-14.948358535766602,1.5700000524520874,-0.7917658090591431,1.5700000524520874,-1.6335819959640503,-11.620034217834473,-12.53518009185791,0.2545577263811918,-0.3010115692117843,0.027469932582929957,-0.6437790370118375,-0.01361583254658072,-0.08124157600482462
256,5.119999999999913,1.5881949663162231,0.3421778976917267,-1.175021767616272,-1.8878673315048218,8.101905822753906,-0.9106348752975464,0.6658666729927063,0.1614971160888672,-0.7283819317817688,0.0,0.0,0.0,0.27000001072883606,0.0,0.09124734997749329,-0.21819067001342773,0.6495730876922607,0.7291057109832764,0.670754075050354,0.24062025547027588,17.239580154418945,-3.1380767822265625,-0.0550958476960659,2.5055599212646484,-0.011726082302629948,0.5776858329772949,-12.885832786560059,-13.747673034667969,1.3580660820007324,1.0319641828536987,1.6163792610168457,0.23032459616661072,-1.7680418491363525,-1.8685448169708252,1.4070266485214233,1.1100670099258423,1.6328867673873901,0.2389153093099594,-1.9304488897323608,-2.01591420173645,1.5700000524520874,-0.5124162435531616,1.5700000524520874,-1.601355791091919,-15.443591117858887,-16.1273136138916,1.5700000524520874,-0.7036268711090088,1.5700000524520874,-1.621121883392334,-12.889108657836914,-13.786944389343262,0.41890366818116576,-0.32714674530304944,0.0048205976891928515,-1.0039688380122378,-0.04335127314089604,-0.1785913201168725
257,5.139999999999913,0.7178564071655273,-0.1538151204586029,-0.3975909948348999,3.131053924560547,5.319273948669434,3.0536580085754395,0.7643714547157288,0.1467420607805252,-0.6278558969497681,0.0,0.0,0.0,0.27000001072883606,0.0,0.059369415044784546,-0.22959797084331512,0.589465856552124,0.7672462463378906,0.6730597019195557,0.27419066429138184,16.968557357788086,-3.4303131103515625,-4.781130790710449,1.4243717193603516,0.12816323339939117,2.3610074520111084,-13.85892105102539,-14.720209121704102,1.4070266485214233,1.1100670099258423,1.6328867673873901,0.2389153093099594,-1.9304488897323608,-2.01591420173645,1.0783652067184448,0.7486037015914917,1.1820162534713745,0.32195645570755005,-1.2692821025848389,-0.8658377528190613,1.5700000524520874,-0.9642453193664551,1.5700000524520874,-1.4975544214248657,-10.154256820678711,-6.92670202255249,1.5700000524520874,-0.6100447177886963,1.5700000524520874,-1.6120941638946533,-14.14433479309082,-14.948358535766602,2.0,2.0,-0.3719415087346558,-2.0,-1.1599251570865796,-0.4546940859700861
258,5.159999999999912,0.34323740005493164,-0.29294323921203613,-0.1833353489637375,4.190316200256348,3.5340614318847656,4.141167163848877,0.8207144737243652,0.03433961793780327,-0.5703056454658508,0.0,0.0,0.0,0.27000001072883606,0.0,0.050381552428007126,-0.06014004722237587,0.5028340816497803,0.8124685287475586,0.6696876287460327,0.3030208349227905,16.663803100585938,-3.744633674621582,-2.8522253036499023,2.964668035507202,-0.7530157566070557,0.6410362720489502,-15.511260986328125,-15.563647270202637,1.0783652067184448,0.7486037015914917,1.1820162534713745,0.32195645570755005,-1.2692821025848389,-0.8658377528190613,1.15358304977417,0.7083659768104553,1.1208081245422363,0.3766482472419739,-1.0316818952560425,-0.3881957530975342,1.5700000524520874,-1.014542579650879,1.5700000524520874,-1.429189682006836,-8.25345516204834,-3.1055660247802734,1.5700000524520874,-0.5124162435531616,1.5700000524520874,-1.601355791091919,-15.443591117858887,-16.1273136138916,2.0,1.1001223656965253,-0.019519282905777757,-2.0,0.04742745893274858,-0.3102792935966896
259,5.179999999999912,-0.18544495105743408,-0.05257244035601616,0.031129207462072372,0.2640748918056488,-0.7292418479919434,0.7283005118370056,0.8240111470222473,-0.0013637295924127102,-0.5665718913078308,0.0,0.0,0.0,0.27000001072883606,0.0,0.051861390471458435,0.0024069794453680515,0.5031225681304932,0.8345766067504883,0.669003963470459,0.3300548791885376,16.398733139038086,-3.987234592437744,0.8420559763908386,0.43551045656204224,0.060943279415369034,0.6595800518989563,-11.93314266204834,-10.554866790771484,1.15358304977417,0.7083659768104553,1.1208081245422363,0.3766482472419739,-1.0316818952560425,-0.3881957530975342,1.4112975597381592,0.5005123019218445,1.46065354347229,0.36446234583854675,-0.09093628078699112,0.39296579360961914,1.5700000524520874,-1.2743595838546753,1.5700000524520874,-1.4444220066070557,-0.727490246295929,3.143726348876953,1.5700000524520874,-0.9642453193664551,1.5700000524520874,-1.4975544214248657,-10.154256820678711,-6.92670202255249,0.3313975857876219,-0.0733904052188592,-0.24205938988643716,-1.6844039579540784,2.0,2.0
260,5.199999999999911,-0.15299411118030548,-0.02078784815967083,-0.007063563913106918,-0.14919598400592804,-1.1977734565734863,0.2919946014881134,0.8121224045753479,-0.007170855533331633,-0.5834430456161499,0.0,0.0,0.0,0.27000001072883606,0.0,0.05498047173023224,0.012289965525269508,0.5212074518203735,0.8391063213348389,0.6671191453933716,0.3438141345977783,16.203475952148438,-4.1529340744018555,0.8323026299476624,0.20882587134838104,0.042896050959825516,1.093778371810913,-8.467195510864258,-6.775773048400879,1.4112975597381592,0.5005123019218445,1.46065354347229,0.36446234583854675,-0.09093628078699112,0.39296579360961914,1.3428651094436646,0.6001015305519104,1.4643346071243286,0.3606549799442291,0.3204105794429779,0.7424229383468628,1.5700000524520874,-1.1498730182647705,1.5700000524520874,-1.449181318283081,2.5632846355438232,5.939383506774902,1.5700000524520874,-1.014542579650879,1.5700000524520874,-1.429189682006836,-8.25345516204834,-3.1055660247802734,-0.31740171329560063,0.0323302369198899,0.3722420011551364,0.31145167319646916,2.0,2.0
261,5.219999999999911,-0.14554159343242645,-0.029787307605147362,-0.05024466663599014,-0.1298721879720688,-0.895823061466217,-0.15635532140731812,0.7997101545333862,-0.005366088822484016,-0.6003623008728027,0.0,0.0,0.0,0.27000001072883606,0.0,0.0571562722325325,0.008937845937907696,0.5348209142684937,0.8203878402709961,0.6705257892608643,0.3596336841583252,16.079553604125977,-4.239578723907471,0.49897685647010803,-1.1256965398788452,0.2332516461610794,0.5598626732826233,-4.889952182769775,-3.0518181324005127,1.3428651094436646,0.6001015305519104,1.4643346071243286,0.3606549799442291,0.3204105794429779,0.7424229383468628,1.223976731300354,0.6772128939628601,1.4558426141738892,0.37669605016708374,0.6599275469779968,0.9492061734199524,1.5700000524520874,-1.0534838438034058,1.5700000524520874,-1.4291298389434814,5.279420375823975,7.593649387359619,1.5700000524520874,-1.2743595838546753,1.5700000524520874,-1.4444220066070557,-0.727490246295929,3.143726348876953,0.14853119568851092,0.17460453597641923,-0.3571176906089111,-0.39519660082716257,2.0,2.0
262,5.2399999999999105,-0.03835715353488922,-0.0034171876031905413,-0.0808238759636879,-0.6172918677330017,-0.5696709752082825,-0.8639340996742249,0.7909082174301147,0.008083624765276909,-0.61188143491745,0.0,0.0,0.0,0.27000001072883606,0.0,0.0576954260468483,-0.013210328295826912,0.5388144254684448,0.8079264163970947,0.6716270446777344,0.36749064922332764,16.022695541381836,-4.265580177307129,-0.04275386407971382,-0.6609956622123718,0.021919632330536842,0.35897889733314514,-1.536878228187561,-0.3950026333332062,1.223976731300354,0.6772128939628601,1.4558426141738892,0.37669605016708374,0.6599275469779968,0.9492061734199524,1.0795128345489502,0.7984617948532104,1.4892929792404175,0.44682830572128296,0.6846340298652649,0.9456188082695007,1.5700000524520874,-0.9019227027893066,1.5700000524520874,-1.3414645195007324,5.477072238922119,7.564950466156006,1.5700000524520874,-1.1498730182647705,1.5700000524520874,-1.449181318283081,2.5632846355438232,5.939383506774902,0.8569776340148039,0.5129869619077141,-0.06112671862719132,0.23324445112036507,2.0,2.0
263,5.25999999999991,-0.1032983735203743,0.0398162342607975,0.05164690688252449,-0.6831763982772827,-1.0324206352233887,-0.5664058923721313,0.7787898778915405,0.02330724522471428,-0.6268517374992371,0.0,0.0,0.0,0.27000001072883606,0.0,0.05916857719421387,-0.03716431185603142,0.5354620218276978,0.8012608289718628,0.6719455718994141,0.37556588649749756,16.034582138061523,-4.242021560668945,-0.22672171890735626,-0.3166508078575134,0.018383437767624855,0.33166036009788513,1.8689647912979126,1.9198867082595825,1.0795128345489502,0.7984617948532104,1.4892929792404175,0.44682830572128296,0.6846340298652649,0.9456188082695007,0.9648329615592957,0.7785114645957947,1.4452524185180664,0.44602447748184204,0.8551012873649597,1.175351858139038,1.5700000524520874,-0.9268606305122375,1.5700000524520874,-1.3424694538116455,6.840810298919678,9.402814865112305,1.5700000524520874,-1.0534838438034058,1.5700000524520874,-1.4291298389434814,5.279420375823975,7.593649387359619,1.8716770933503035,1.1027842253583913,-0.06012609937596736,0.32238532708527323,2.0,2.0
264,5.27999999999991,-0.1251501739025116,0.07834485918283463,0.10558608919382095,-1.142126202583313,-2.196849822998047,-0.6119107007980347,0.7573240995407104,0.04616669937968254,-0.6514052748680115,0.0,0.0,0.0,0.27000001072883606,0.0,0.06255628913640976,-0.07075416296720505,0.5351963043212891,0.809120774269104,0.6719326972961426,0.3908733129501343,16.11326789855957,-4.170260429382324,-0.18608930706977844,0.5297904014587402,0.00547619815915823,0.5847846865653992,5.201601505279541,4.481576442718506,0.9648329615592957,0.7785114645957947,1.4452524185180664,0.44602447748184204,0.8551012873649597,1.175351858139038,0.8583434224128723,0.7536729574203491,1.4330947399139404,0.4436197876930237,1.0889731645584106,1.5089459419250488,1.5700000524520874,-0.9579087495803833,1.5700000524520874,-1.345475196838379,8.711785316467285,12.07156753540039,1.5700000524520874,-0.9019227027893066,1.5700000524520874,-1.3414645195007324,5.477072238922119,7.564950466156006,0.8349721062196771,0.7565503333383923,0.014225666272261961,-0.16021947135207348,2.0,2.0
265,5.299999999999909,-0.06963501870632172,0.0865425243973732,0.2171691656112671,-0.9933648109436035,-1.5386098623275757,-0.5301045775413513,0.7334493398666382,0.07668042182922363,-0.6754051446914673,0.0,0.0,0.0,0.27000001072883606,0.0,0.06670349091291428,-0.11304842680692673,0.5402183532714844,0.813008189201355,0.6717981100082397,0.40481865406036377,16.23569679260254,-4.052689075469971,0.6161370277404785,-0.0386081337928772,-0.02704293467104435,0.8344883918762207,5.922408580780029,7.004683494567871,0.8583434224128723,0.7536729574203491,1.4330947399139404,0.4436197876930237,1.0889731645584106,1.5089459419250488,0.74568110704422,0.9225401282310486,1.396348476409912,0.5060850381851196,0.9256316423416138,1.443084478378296,1.5700000524520874,-0.7468248605728149,1.5700000524520874,-1.267393708229065,7.40505313873291,11.544675827026367,1.5700000524520874,-0.9268606305122375,1.5700000524520874,-1.3424694538116455,6.840810298919678,9.402814865112305,0.1749188711688845,1.7421346023902426,0.013300333399383746,-0.03671384983673853,2.0,2.0
266,5.319999999999909,0.08360995352268219,-0.002414463320747018,0.30944499373435974,0.28134188055992126,-0.6685705184936523,0.020925277844071388,0.7185165882110596,0.0737886056303978,-0.6915845274925232,0.0,0.0,0.0,0.27000001072883606,0.0,0.07009542733430862,-0.10629286617040634,0.5493594408035278,0.8163505792617798,0.6713358163833618,0.41327881813049316,16.37648582458496,-3.8807101249694824,0.3173295855522156,0.2544873058795929,-0.011301932856440544,0.05644422769546509,7.866296291351318,9.070555686950684,0.74568110704422,0.9225401282310486,1.396348476409912,0.5060850381851196,0.9256316423416138,1.443084478378296,0.4830712080001831,1.050003170967102,1.2137600183486938,0.5667266249656677,0.6007139682769775,1.2641338109970093,1.5700000524520874,-0.5874960422515869,1.5700000524520874,-1.191591739654541,4.80571174621582,10.113070487976074,1.5700000524520874,-0.9579087495803833,1.5700000524520874,-1.345475196838379,8.711785316467285,12.07156753540039,0.6120422994048091,0.871608266448197,0.017198948844040274,1.206892481996782,2.0,2.0
267,5.339999999999908,0.2551119923591614,0.01874108426272869,0.3410704433917999,-0.43014654517173767,-1.120862603187561,-0.4416278898715973,0.7065179944038391,0.08186018466949463,-0.7029446959495544,0.0,0.0,0.0,0.27000001072883606,0.0,0.07247599959373474,-0.11593105643987656,0.5598280429840088,0.8449244499206543,0.6704288721084595,0.4290032386779785,16.523365020751953,-3.669630527496338,0.6028645038604736,1.606459379196167,-0.05668755993247032,0.9729966521263123,7.406867504119873,11.471468925476074,0.4830712080001831,1.050003170967102,1.2137600183486938,0.5667266249656677,0.6007139682769775,1.2641338109970093,0.3727387487888336,1.1922703981399536,1.1742069721221924,0.5835526585578918,0.3442205488681793,1.0273760557174683,1.4963819980621338,-0.40966200828552246,1.5700000524520874,-1.1705591678619385,2.7537643909454346,8.219008445739746,1.5700000524520874,-0.7468248605728149,1.5700000524520874,-1.267393708229065,7.40505313873291,11.544675827026367,-0.0588738112095335,-0.06557701851323117,0.12518997632811946,0.20247059293314074,0.041324212859612075,0.9087830224874054
268,5.359999999999908,0.422762393951416,0.07832302153110504,0.3132973313331604,-1.0449808835983276,-0.483079731464386,-0.714957058429718,0.6936928629875183,0.10224057734012604,-0.7129775881767273,0.0,0.0,0.0,0.27000001072883606,0.0,0.07190154492855072,-0.142428457736969,0.5665427446365356,0.8891156911849976,0.6706100702285767,0.44945192337036133,16.631420135498047,-3.4724137783050537,0.5173785090446472,2.1232125759124756,0.0018186941742897034,1.1849634647369385,4.689350605010986,10.002939224243164,0.3727387487888336,1.1922703981399536,1.1742069721221924,0.5835526585578918,0.3442205488681793,1.0273760557174683,0.48385709524154663,1.2532198429107666,1.1949766874313354,0.5561777353286743,0.0064186411909759045,0.602332353591919,1.5700000524520874,-0.3334752321243286,1.5700000524520874,-1.2047778367996216,0.051349129527807236,4.818658828735352,1.5700000524520874,-0.5874960422515869,1.5700000524520874,-1.191591739654541,4.80571174621582,10.113070487976074,0.4163618452161746,-0.16083384752973817,-0.04532037203104444,0.8256926424553424,-0.0445754528021336,0.9146121601203561
269,5.3799999999999075,0.40531691908836365,0.10848410427570343,0.30160754919052124,0.02632964216172695,-0.12360572814941406,0.8171867728233337,0.6883766651153564,0.11212264001369476,-0.7166352272033691,0.0,0.0,0.0,0.27000001072883606,0.0,0.06895476579666138,-0.1551988571882248,0.5592719316482544,0.9394239187240601,0.6711223125457764,0.47613823413848877,16.694337844848633,-3.30692195892334,-1.0214500427246094,1.9704804420471191,0.06514980643987656,1.205754280090332,2.8876800537109375,7.797996520996094,0.48385709524154663,1.2532198429107666,1.1949766874313354,0.5561777353286743,0.0064186411909759045,0.602332353591919,0.4125159978866577,1.1633821725845337,0.9330264329910278,0.48070842027664185,0.007294909562915564,0.7052236795425415,1.5600255727767944,-0.44577229022979736,1.5700000524520874,-1.299114465713501,0.05835927650332451,5.641789436340332,1.4963819980621338,-0.40966200828552246,1.5700000524520874,-1.1705591678619385,2.7537643909454346,8.219008445739746,2.0,1.3620723260249923,-0.12207911169252128,0.07805059247963442,-0.6093939096740302,0.7484984297570119
270,5.399999999999907,0.3517354726791382,0.14777296781539917,0.28168168663978577,-0.34985655546188354,-0.4417338967323303,0.8364732265472412,0.6839145421981812,0.09653805196285248,-0.7231467962265015,0.0,0.0,0.0,0.27000001072883606,0.0,0.06925826519727707,-0.13271251320838928,0.5462247133255005,0.9909393787384033,0.671783447265625,0.5064961910247803,16.7108154296875,-3.1909844875335693,-0.2173476368188858,2.614760398864746,0.01653374545276165,1.4902284145355225,0.020102044567465782,4.963551044464111,0.4125159978866577,1.1633821725845337,0.9330264329910278,0.48070842027664185,0.007294909562915564,0.7052236795425415,0.600687563419342,1.1225799322128296,0.9895493984222412,0.4410024881362915,-0.025791315361857414,0.6176636815071106,1.5700000524520874,-0.4967750310897827,1.5700000524520874,-1.3487468957901,-0.20633052289485931,4.941309452056885,1.5700000524520874,-0.3334752321243286,1.5700000524520874,-1.2047778367996216,0.051349129527807236,4.818658828735352,2.0,0.42990049302874667,-0.06382196369801285,-1.1973149344092526,-0.22173211347268706,-0.9749410162383612
271,5.419999999999907,0.2954343855381012,0.1341579407453537,0.22181056439876556,-0.23166048526763916,-0.01616707816720009,0.7752053141593933,0.6842357516288757,0.0985453724861145,-0.7225719690322876,0.0,0.0,0.0,0.27000001072883606,0.0,0.06676875799894333,-0.13554513454437256,0.5408116579055786,1.0270442962646484,0.6721255779266357,0.5216670036315918,16.71310806274414,-3.079606533050537,-0.6072351336479187,1.5109864473342896,0.03216366842389107,0.6904006600379944,0.14673316478729248,5.519156455993652,0.600687563419342,1.1225799322128296,0.9895493984222412,0.4410024881362915,-0.025791315361857414,0.6176636815071106,0.6078884601593018,1.1034916639328003,0.9723340272903442,0.44854915142059326,0.047283440828323364,0.7120340466499329,1.5700000524520874,-0.5206353664398193,1.5700000524520874,-1.3393135070800781,0.3782675266265869,5.696272373199463,1.5600255727767944,-0.44577229022979736,1.5700000524520874,-1.299114465713501,0.05835927650332451,5.641789436340332,2.0,1.1813374516596884,-0.06797059564634189,-0.5392356515073171,-0.3402426960008196,0.1904828275953392
272,5.439999999999906,0.2441999912261963,0.12526996433734894,0.1873159557580948,-0.39527615904808044,-0.10474801063537598,0.4953790605068207,0.6829376816749573,0.08903241157531738,-0.7250305414199829,0.0,0.0,0.0,0.27000001072883606,0.0,0.06695489585399628,-0.12218643724918365,0.5359234809875488,1.0556315183639526,0.672332763671875,0.5325684547424316,16.708532333374023,-2.9798991680145264,0.03560357540845871,1.4607294797897339,-0.003166578710079193,0.4143059551715851,-0.25832399725914,4.919048309326172,0.6078884601593018,1.1034916639328003,0.9723340272903442,0.44854915142059326,0.047283440828323364,0.7120340466499329,0.6977798342704773,1.0906221866607666,1.051992416381836,0.45642614364624023,0.06439150869846344,0.703983724117279,1.5700000524520874,-0.5367223024368286,1.5700000524520874,-1.3294672966003418,0.5151320695877075,5.631869792938232,1.5700000524520874,-0.4967750310897827,1.5700000524520874,-1.3487468957901,-0.20633052289485931,4.941309452056885,1.5295388307348912,0.6607791720722362,-0.032702821991243525,-0.7920399441144124,0.12263899546085077,-0.01104604965710898
273,5.459999999999906,0.19726499915122986,0.12816284596920013,0.21308638155460358,-0.4566275477409363,-0.24371619522571564,0.42041242122650146,0.681847333908081,0.08771879971027374,-0.7262159585952759,0.0,0.0,0.0,0.27000001072883606,0.0,0.06680642813444138,-0.12020651996135712,0.533393144607544,1.078803300857544,0.6724090576171875,0.5375267267227173,16.71581268310547,-2.8701558113098145,0.08707347512245178,1.2513477802276611,-0.00748883793130517,0.2656227946281433,0.33000728487968445,5.563066005706787,0.6977798342704773,1.0906221866607666,1.051992416381836,0.45642614364624023,0.06439150869846344,0.703983724117279,0.7085477709770203,1.0771236419677734,1.0675878524780273,0.4632336497306824,0.15206168591976166,0.8067953586578369,1.5700000524520874,-0.5535954236984253,1.5700000524520874,-1.320957899093628,1.2164934873580933,6.454362869262695,1.5700000524520874,-0.5206353664398193,1.5700000524520874,-1.3393135070800781,0.3782675266265869,5.696272373199463,1.4624256281338983,0.6445976711405219,-0.02787573696114798,-0.3200431866746367,0.11411850117287825,0.31922636719939845
274,5.479999999999905,0.14904677867889404,0.11951267719268799,0.24737119674682617,-0.25048917531967163,-0.3874748647212982,0.5980450510978699,0.6792581081390381,0.09037899225950241,-0.728313148021698,0.0,0.0,0.0,0.27000001072883606,0.0,0.0667472630739212,-0.12346243113279343,0.5322102308273315,1.09888756275177,0.6723839044570923,0.5430734157562256,16.72644805908203,-2.760641574859619,-0.013226776383817196,1.0091768503189087,-0.00041605986189097166,0.3059159815311432,0.46580228209495544,5.4871344566345215,0.7085477709770203,1.0771236419677734,1.0675878524780273,0.4632336497306824,0.15206168591976166,0.8067953586578369,0.7088658213615417,1.040116548538208,1.0476356744766235,0.45378994941711426,0.27006909251213074,0.9500686526298523,1.5700000524520874,-0.5998543500900269,1.5700000524520874,-1.3327624797821045,2.160552740097046,7.600549221038818,1.5700000524520874,-0.5367223024368286,1.5700000524520874,-1.3294672966003418,0.5151320695877075,5.631869792938232,1.8590994550628235,0.9352216034234457,-0.04115435775120879,-0.2683769624447372,-0.11915715444489616,0.37335682595603004
275,5.499999999999905,0.1892372965812683,0.1511164754629135,0.23010842502117157,-0.7439690232276917,-0.43318817019462585,0.1982668787240982,0.6741163730621338,0.095724917948246,-0.7323960065841675,0.0,0.0,0.0,0.27000001072883606,0.0,0.06738706678152084,-0.12996432185173035,0.5347211360931396,1.1171379089355469,0.6721796989440918,0.5473400354385376,16.74988555908203,-2.635378122329712,0.4428841769695282,1.0288312435150146,-0.026648366823792458,0.25261420011520386,1.164243459701538,6.461732864379883,0.7088658213615417,1.040116548538208,1.0476356744766235,0.45378994941711426,0.27006909251213074,0.9500686526298523,0.7276527881622314,1.1051831245422363,1.107319712638855,0.4889775216579437,0.2422427237033844,0.9218067526817322,1.5700000524520874,-0.5185210704803467,1.5700000524520874,-1.2887780666351318,1.9379417896270752,7.374454021453857,1.5700000524520874,-0.5535954236984253,1.5700000524520874,-1.320957899093628,1.2164934873580933,6.454362869262695,1.2313694148955001,0.5396288128792417,-0.010168551998738451,-0.1649054979817084,0.08404618558198429,0.36637602224273813
276,5.5199999999999045,0.16422095894813538,0.15247619152069092,0.2762269079685211,-0.8100257515907288,-0.5944006443023682,0.22550807893276215,0.6660086512565613,0.10305384546518326,-0.7387911677360535,0.0,0.0,0.0,0.27000001072883606,0.0,0.06860893964767456,-0.13859552145004272,0.5336741209030151,1.1278507709503174,0.6721900701522827,0.5488119125366211,16.792762756347656,-2.490607976913452,0.10892882943153381,0.6083542108535767,-0.005307112820446491,0.16545026004314423,2.116755962371826,7.414851188659668,0.7276527881622314,1.1051831245422363,1.107319712638855,0.4889775216579437,0.2422427237033844,0.9218067526817322,0.6818200945854187,1.0749760866165161,1.0772658586502075,0.48600512742996216,0.37400010228157043,1.0814324617385864,1.5700000524520874,-0.5562798976898193,1.5700000524520874,-1.2924935817718506,2.9920008182525635,8.651459693908691,1.5700000524520874,-0.5998543500900269,1.5700000524520874,-1.3327624797821045,2.160552740097046,7.600549221038818,1.393629625793178,0.6202233169229325,-0.025935238107596348,-0.07864382004152759,0.09509435904525709,0.5040871257679456
277,5.539999999999904,0.2026604562997818,0.17425121366977692,0.24934545159339905,-0.9366487860679626,-0.762927770614624,0.08078472316265106,0.6558212041854858,0.11622854322195053,-0.7459151744842529,0.0,0.0,0.0,0.27000001072883606,0.0,0.06939951330423355,-0.15457701683044434,0.5332564115524292,1.145277500152588,0.6721755266189575,0.5566513538360596,16.832063674926758,-2.3460006713867188,-0.23708179593086243,0.7371212840080261,0.012561596930027008,0.319975346326828,2.0131847858428955,7.108078956604004,0.6818200945854187,1.0749760866165161,1.0772658586502075,0.48600512742996216,0.37400010228157043,1.0814324617385864,0.6751678586006165,1.0650211572647095,1.0727784633636475,0.48700520396232605,0.4333553612232208,1.1598490476608276,1.5700000524520874,-0.5687235593795776,1.5700000524520874,-1.291243553161621,3.4668428897857666,9.278792381286621,1.5700000524520874,-0.5185210704803467,1.5700000524520874,-1.2887780666351318,1.9379417896270752,7.374454021453857,1.3167099564195404,0.5603895752458161,-0.017401288493910982,-0.2320501107275028,0.057459827228266036,0.3994287214732424
278,5.559999999999904,0.23339901864528656,0.19913816452026367,0.2366212159395218,-1.501078486442566,-0.9814276099205017,-0.2921784818172455,0.6431026458740234,0.1332901567220688,-0.7540906667709351,0.0,0.0,0.0,0.27000001072883606,0.0,0.07065246254205704,-0.17494910955429077,0.535307765007019,1.1587657928466797,0.6720626354217529,0.5610846281051636,16.89106559753418,-2.1809275150299072,-0.15615619719028473,0.537498950958252,0.0035714106634259224,0.18385131657123566,3.1267807483673096,8.35737133026123,0.6751678586006165,1.0650211572647095,1.0727784633636475,0.48700520396232605,0.4333553612232208,1.1598490476608276,0.6623687148094177,1.0853543281555176,1.1015052795410156,0.5096140503883362,0.4964000880718231,1.2414137125015259,1.5700000524520874,-0.5433070659637451,1.5700000524520874,-1.2629823684692383,3.971200704574585,9.931309700012207,1.5700000524520874,-0.5562798976898193,1.5700000524520874,-1.2924935817718506,2.9920008182525635,8.651459693908691,0.4038617170701979,0.20946582085309284,0.030368222860065686,-0.08078907793965584,0.10287592254464073,0.05549611533093568
279,5.579999999999903,0.1818539798259735,0.1861048936843872,0.31032606959342957,-1.319291114807129,-1.1816940307617188,-0.09484095126390457,0.6251581311225891,0.1491817981004715,-0.7661083936691284,0.0,0.0,0.0,0.27000001072883606,0.0,0.07332001626491547,-0.19232001900672913,0.5364476442337036,1.1696829795837402,0.6720223426818848,0.5657658576965332,16.959835052490234,-2.0001862049102783,0.09182455390691757,0.5708819627761841,-0.0051462845876812935,0.2440393567085266,3.440178394317627,9.038881301879883,0.6623687148094177,1.0853543281555176,1.1015052795410156,0.5096140503883362,0.4964000880718231,1.2414137125015259,0.6499846577644348,1.0651434659957886,1.0835520029067993,0.5000842213630676,0.5640137791633606,1.3476946353912354,1.5700000524520874,-0.568570613861084,1.5700000524520874,-1.2748947143554688,4.512110233306885,10.781557083129883,1.5700000524520874,-0.5687235593795776,1.5700000524520874,-1.291243553161621,3.4668428897857666,9.278792381286621,1.13679882042703,0.4592525933248979,-0.007728201203374141,-0.053635853501523556,0.04278680533763968,0.5119245510328483
280,5.599999999999903,0.2359657883644104,0.18962310254573822,0.3339766263961792,-0.7447248697280884,-0.776841402053833,0.29460856318473816,0.6117663383483887,0.16419492661952972,-0.7738100290298462,0.0,0.0,0.0,0.27000001072883606,0.0,0.07489278167486191,-0.2090889811515808,0.5426990985870361,1.183294653892517,0.6717656850814819,0.5691431760787964,17.035478591918945,-1.8077195882797241,0.37225109338760376,0.7557051777839661,-0.01646023988723755,0.09090673923492432,3.8583059310913086,9.58501148223877,0.6499846577644348,1.0651434659957886,1.0835520029067993,0.5000842213630676,0.5640137791633606,1.3476946353912354,0.6001091599464417,1.1329087018966675,1.034467339515686,0.5214090943336487,0.4131464660167694,1.260147213935852,1.5700000524520874,-0.48386406898498535,1.5700000524520874,-1.2482385635375977,3.3051717281341553,10.081177711486816,1.5700000524520874,-0.5433070659637451,1.5700000524520874,-1.2629823684692383,3.971200704574585,9.931309700012207,0.7081526676001442,0.35056328770656453,0.005381607456303783,0.36169254711232846,0.29061439166600245,0.6720129342648988
281,5.619999999999902,0.2748252749443054,0.1858542561531067,0.36277416348457336,-0.36427146196365356,-0.7220022678375244,0.6252836585044861,0.6044873595237732,0.17256388068199158,-0.7776996493339539,0.0,0.0,0.0,0.27000001072883606,0.0,0.07579270005226135,-0.21835246682167053,0.5495142936706543,1.1949284076690674,0.6714572906494141,0.5703554153442383,17.124603271484375,-1.5990476608276367,0.23799686133861542,0.559519350528717,-0.006708050612360239,0.10889855027198792,4.486551284790039,10.47403621673584,0.6001091599464417,1.1329087018966675,1.034467339515686,0.5214090943336487,0.4131464660167694,1.260147213935852,0.5102933645248413,1.1459025144577026,0.9434194564819336,0.5179241895675659,0.3836340308189392,1.2828381061553955,1.5700000524520874,-0.4676218032836914,1.5700000524520874,-1.2525947093963623,3.0690722465515137,10.262704849243164,1.5700000524520874,-0.568570613861084,1.5700000524520874,-1.2748947143554688,4.512110233306885,10.781557083129883,0.8894585348028219,0.3845106101962017,0.0029046810361244013,0.05944239869967838,-0.23792563987431237,0.10014655979090747
282,5.639999999999902,0.40118733048439026,0.2636001706123352,0.2734227180480957,-1.1048856973648071,-0.22628188133239746,0.3943369686603546,0.5995451807975769,0.1813046634197235,-0.7795345783233643,0.0,0.0,0.0,0.27000001072883606,0.0,0.07554522901773453,-0.22851800918579102,0.5536708831787109,1.2125905752182007,0.6713196039199829,0.5747737884521484,17.19379425048828,-1.4014891386032104,-0.07741983234882355,0.4285610616207123,-0.0008204333717003465,0.016750607639551163,3.4848639965057373,9.863786697387695,0.5102933645248413,1.1459025144577026,0.9434194564819336,0.5179241895675659,0.3836340308189392,1.2828381061553955,0.5388869047164917,1.208126187324524,0.9549939632415771,0.5197809934616089,0.2326287031173706,1.0940396785736084,1.5700000524520874,-0.38984227180480957,1.5700000524520874,-1.2502737045288086,1.8610296249389648,8.752317428588867,1.5700000524520874,-0.48386406898498535,1.5700000524520874,-1.2482385635375977,3.3051717281341553,10.081177711486816,0.4578841658869859,0.028771489348613954,0.008773107872547925,0.23529404214157523,-0.05150863711141529,0.43740420303250005
283,5.6599999999999016,0.28338155150413513,0.2048376500606537,0.3504607081413269,-0.7205649614334106,-0.6304952502250671,0.6787196397781372,0.5930638313293457,0.17864616215229034,-0.7850865125656128,0.0,0.0,0.0,0.27000001072883606,0.0,0.07753056287765503,-0.22373990714550018,0.554692268371582,1.2274408340454102,0.6713405847549438,0.5804510116577148,17.255165100097656,-1.1999351978302002,0.14254704117774963,0.8482879996299744,0.002630148781463504,0.31649595499038696,3.0389959812164307,10.05432415008545,0.5388869047164917,1.208126187324524,0.9549939632415771,0.5197809934616089,0.2326287031173706,1.0940396785736084,0.5401881337165833,1.1606924533843994,0.9164212942123413,0.4958845376968384,0.2841556966304779,1.163650631904602,1.5700000524520874,-0.4491344690322876,1.5700000524520874,-1.2801443338394165,2.2732455730438232,9.309205055236816,1.5700000524520874,-0.4676218032836914,1.5700000524520874,-1.2525947093963623,3.0690722465515137,10.262704849243164,0.9836221921914454,0.41281044338217754,-0.02227460871465503,0.07339630653927642,0.07884908993474937,0.4899100675385988
284,5.679999999999901,0.4089687466621399,0.26253971457481384,0.22573286294937134,-1.1508444547653198,-0.2924163043498993,0.36572498083114624,0.5866162776947021,0.1900961548089981,-0.7872387170791626,0.0,0.0,0.0,0.27000001072883606,0.0,0.07668635249137878,-0.23693640530109406,0.556424617767334,1.248547911643982,0.6713284254074097,0.5877338647842407,17.294721603393555,-1.0238611698150635,-0.27572306990623474,0.5298037528991699,0.006285062991082668,0.05405798554420471,2.031397819519043,8.628859519958496,0.5401881337165833,1.1606924533843994,0.9164212942123413,0.4958845376968384,0.2841556966304779,1.163650631904602,0.6007377505302429,1.1733207702636719,0.953100323677063,0.49651116132736206,0.2294459044933319,1.073592185974121,1.5700000524520874,-0.43334901332855225,1.5700000524520874,-1.2793610095977783,1.8355672359466553,8.588737487792969,1.5700000524520874,-0.38984227180480957,1.5700000524520874,-1.2502737045288086,1.8610296249389648,8.752317428588867,0.9076823858712686,0.33596059203185913,-0.017476780747433196,-0.22629900972839323,0.005974490611440952,0.23047693855319906
285,5.699999999999901,0.2607507109642029,0.19342297315597534,0.29905280470848083,-0.899498462677002,-0.9079525470733643,0.4883916676044464,0.579460620880127,0.19148202240467072,-0.7921868562698364,0.0,0.0,0.0,0.27000001072883606,0.0,0.07833690941333771,-0.23716424405574799,0.5561271905899048,1.2611693143844604,0.671430230140686,0.5904552936553955,17.339632034301758,-0.8411539196968079,0.09229200333356857,0.7577885985374451,0.0010545658878982067,0.17975196242332458,2.259580373764038,9.114367485046387,0.6007377505302429,1.1733207702636719,0.953100323677063,0.49651116132736206,0.2294459044933319,1.073592185974121,0.622538149356842,1.1024725437164307,0.9495248198509216,0.48054033517837524,0.3831097483634949,1.2431278228759766,1.5700000524520874,-0.5219093561172485,1.5700000524520874,-1.2993245124816895,3.064877986907959,9.945022583007812,1.5700000524520874,-0.4491344690322876,1.5700000524520874,-1.2801443338394165,2.2732455730438232,9.309205055236816,0.5648659240073997,0.29766753887165365,-0.0024621812013538857,-0.18883287320109332,0.1233785369734921,-0.00033511119148244006
286,5.7199999999999,0.25981783866882324,0.2166823446750641,0.2748645842075348,-0.7956528663635254,-0.4718131124973297,0.5668064951896667,0.5732530951499939,0.19904902577400208,-0.7948335409164429,0.0,0.0,0.0,0.27000001072883606,0.0,0.07871344685554504,-0.24538196623325348,0.5558514595031738,1.274635672569275,0.6714673042297363,0.5929931402206421,17.377117156982422,-0.6718708872795105,0.11055007576942444,0.8280506134033203,0.0013257777318358421,0.12972021102905273,1.8387614488601685,8.404863357543945,0.622538149356842,1.1024725437164307,0.9495248198509216,0.48054033517837524,0.3831097483634949,1.2431278228759766,0.6522985100746155,1.1299747228622437,0.95835942029953,0.48967570066452026,0.2974766194820404,1.1621744632720947,1.5700000524520874,-0.48753154277801514,1.5700000524520874,-1.2879053354263306,2.3798129558563232,9.297395706176758,1.5700000524520874,-0.43334901332855225,1.5700000524520874,-1.2793610095977783,1.8355672359466553,8.588737487792969,1.2119955809003091,0.4455738081656868,-0.021751008800825034,0.0147747327860408,0.02232364779993068,0.38035688024354286
287,5.7399999999999,0.270792156457901,0.22367332875728607,0.24961170554161072,-0.8684056997299194,-0.35757574439048767,0.5436104536056519,0.5692843794822693,0.20477205514907837,-0.7962309122085571,0.0,0.0,0.0,0.27000001072883606,0.0,0.07916802912950516,-0.25172173976898193,0.5588672161102295,1.2780427932739258,0.6712411642074585,0.5894937515258789,17.436622619628906,-0.4802585244178772,-0.004532909486442804,-0.030700018629431725,-0.009593198075890541,-0.2840404808521271,3.149996519088745,9.728066444396973,0.6522985100746155,1.1299747228622437,0.95835942029953,0.48967570066452026,0.2974766194820404,1.1621744632720947,0.5970615744590759,1.1311758756637573,0.9215525388717651,0.4994898736476898,0.3494811952114105,1.2369256019592285,1.5700000524520874,-0.48603010177612305,1.5700000524520874,-1.2756376266479492,2.795849561691284,9.895404815673828,1.5700000524520874,-0.5219093561172485,1.5700000524520874,-1.2993245124816895,3.064877986907959,9.945022583007812,0.6925311219258177,0.3024893766383938,0.004484865309361652,0.2723566531986066,0.06719812282857518,0.5678591667071942
288,5.759999999999899,0.20314759016036987,0.16700434684753418,0.2598825693130493,-0.48493126034736633,-0.6516091227531433,0.7219618558883667,0.5637423992156982,0.20955447852611542,-0.7989251613616943,0.0,0.0,0.0,0.27000001072883606,0.0,0.07999429106712341,-0.2565170228481293,0.5619045495986938,1.2860139608383179,0.6710940599441528,0.5903708934783936,17.48434829711914,-0.2961235046386719,0.055515602231025696,0.41643810272216797,0.0003755397628992796,-0.040298618376255035,2.314934492111206,8.993071556091309,0.5970615744590759,1.1311758756637573,0.9215525388717651,0.4994898736476898,0.3494811952114105,1.2369256019592285,0.6158736944198608,1.088053822517395,0.9089832305908203,0.47933831810951233,0.4066179096698761,1.295338749885559,1.5700000524520874,-0.5399327278137207,1.5700000524520874,-1.3008270263671875,3.252943277359009,10.362709999084473,1.5700000524520874,-0.48753154277801514,1.5700000524520874,-1.2879053354263306,2.3798129558563232,9.297395706176758,0.7878778956179833,0.9319571848561665,0.0228067466551245,0.2942284949007412,-0.1359010981851494,-0.08224397331868616
289,5.779999999999899,0.22143353521823883,0.1839713156223297,0.2857072949409485,-0.6767258048057556,-0.2629655599594116,0.6945443153381348,0.5615384578704834,0.21501262485980988,-0.7990270256996155,0.0,0.0,0.0,0.27000001072883606,0.0,0.08035711199045181,-0.2628663182258606,0.5647710561752319,1.2929478883743286,0.6710454225540161,0.5898449420928955,17.539342880249023,-0.10294187068939209,0.3018781542778015,0.4661892354488373,-0.012010473757982254,0.15830105543136597,2.746333599090576,9.870355606079102,0.6158736944198608,1.088053822517395,0.9089832305908203,0.47933831810951233,0.4066179096698761,1.295338749885559,0.5977961421012878,1.171373724937439,0.9068508744239807,0.5070523023605347,0.2706681787967682,1.1742619276046753,1.5700000524520874,-0.435782790184021,1.5700000524520874,-1.2661845684051514,2.1653454303741455,9.394095420837402,1.5700000524520874,-0.48603010177612305,1.5700000524520874,-1.2756376266479492,2.795849561691284,9.895404815673828,1.0901029071037325,1.1242525203400104,-0.0016942961403216827,0.7015768540510354,-0.148111221059537,0.34936201328085303
290,5.799999999999899,0.25660642981529236,0.19704802334308624,0.25279998779296875,-0.7996301651000977,-0.26567986607551575,0.6200484037399292,0.556494951248169,0.21931882202625275,-0.8013817071914673,0.0,0.0,0.0,0.27000001072883606,0.0,0.08114426583051682,-0.26713475584983826,0.5681865215301514,1.2948201894760132,0.670981764793396,0.5883485078811646,17.6031494140625,0.10070077329874039,0.3533400893211365,0.21762540936470032,-0.004938311874866486,0.01976795867085457,3.134434700012207,10.304001808166504,0.5977961421012878,1.171373724937439,0.9068508744239807,0.5070523023605347,0.2706681787967682,1.1742619276046753,0.5816687941551208,1.178749918937683,0.9026653170585632,0.510187566280365,0.2551252543926239,1.1552454233169556,1.5700000524520874,-0.4265625476837158,1.5700000524520874,-1.2622654438018799,2.041002035140991,9.241963386535645,1.5700000524520874,-0.5399327278137207,1.5700000524520874,-1.3008270263671875,3.252943277359009,10.362709999084473,0.8012561029068674,0.40761917432080885,-0.02406312265658528,0.38912894951314847,0.2713451818709398,0.6540558694618568
291,5.819999999999898,0.1831493079662323,0.14154958724975586,0.27717652916908264,-0.29434940218925476,-0.5478856563568115,0.8999779224395752,0.5545796751976013,0.2207309603691101,-0.8023211359977722,0.0,0.0,0.0,0.27000001072883606,0.0,0.08128659427165985,-0.2684735357761383,0.5681747198104858,1.3039600849151611,0.6709803342819214,0.5895733833312988,17.647871017456055,0.2861066162586212,-0.05720730870962143,0.5392754673957825,0.007501127198338509,0.1483181267976761,2.128979206085205,9.140419006347656,0.5816687941551208,1.178749918937683,0.9026653170585632,0.510187566280365,0.2551252543926239,1.1552454233169556,0.5912646055221558,1.0931304693222046,0.8621991872787476,0.4734794497489929,0.35845130681991577,1.262971043586731,1.5700000524520874,-0.533586859703064,1.5700000524520874,-1.3081506490707397,2.867610454559326,10.103768348693848,1.5700000524520874,-0.435782790184021,1.5700000524520874,-1.2661845684051514,2.1653454303741455,9.394095420837402,1.0185768806094302,1.043547468928332,0.0076039315833664745,0.3409283752123393,-0.11725426792914817,-0.018469666456617517
292,5.839999999999898,0.30238375067710876,0.22322431206703186,0.19474591314792633,-0.9840602278709412,-0.2140198051929474,0.5574043393135071,0.5505163073539734,0.22583413124084473,-0.8036981225013733,0.0,0.0,0.0,0.27000001072883606,0.0,0.08119349181652069,-0.2739299535751343,0.5688214302062988,1.3145122528076172,0.6710875034332275,0.5924278497695923,17.68895721435547,0.4676651656627655,-0.19735567271709442,0.15373553335666656,0.005339095834642649,-0.06137211620807648,2.1452486515045166,9.091392517089844,0.5912646055221558,1.0931304693222046,0.8621991872787476,0.4734794497489929,0.35845130681991577,1.262971043586731,0.6173930764198303,1.1549015045166016,0.9001888632774353,0.49453040957450867,0.2957122325897217,1.1820449829101562,1.5700000524520874,-0.45637309551239014,1.5700000524520874,-1.281836986541748,2.3656978607177734,9.45635986328125,1.5700000524520874,-0.4265625476837158,1.5700000524520874,-1.2622654438018799,2.041002035140991,9.241963386535645,0.9957507342323257,0.4006674372611947,-0.03473856733605096,0.10932769927483044,0.029527386713073867,0.5052784976509663
293,5.859999999999897,0.22255055606365204,0.17544597387313843,0.21688038110733032,-0.7892175316810608,-0.40720343589782715,0.6178942918777466,0.5457871556282043,0.22864478826522827,-0.8061252236366272,0.0,0.0,0.0,0.27000001072883606,0.0,0.08215557038784027,-0.2763756215572357,0.5707893371582031,1.3145222663879395,0.6710734367370605,0.5902833938598633,17.745010375976562,0.6658333539962769,0.0803932324051857,0.056245703250169754,0.009616240859031677,-0.204184889793396,2.7242376804351807,9.755422592163086,0.6173930764198303,1.1549015045166016,0.9001888632774353,0.49453040957450867,0.2957122325897217,1.1820449829101562,0.6104215383529663,1.1263750791549683,0.8948159217834473,0.4943447709083557,0.3551771938800812,1.2506014108657837,1.5700000524520874,-0.4920310974121094,1.5700000524520874,-1.2820689678192139,2.8414175510406494,10.00481128692627,1.5700000524520874,-0.533586859703064,1.5700000524520874,-1.3081506490707397,2.867610454559326,10.103768348693848,1.0163878798717914,0.4287788269374717,-0.02376155743049857,0.22047619236146865,0.02313286142422122,0.639466162258941
294,5.879999999999897,0.2554011642932892,0.1844368427991867,0.2001248449087143,-0.6325019001960754,-0.4543416500091553,0.6413335204124451,0.5434443950653076,0.23149006068706512,-0.8068956136703491,0.0,0.0,0.0,0.27000001072883606,0.0,0.08239371329545975,-0.279386043548584,0.5728540420532227,1.3217313289642334,0.6710624694824219,0.5908893346786499,17.791536331176758,0.8524147272109985,0.10220718383789062,0.4508541226387024,0.002744167810305953,0.015767496079206467,2.341796636581421,9.178610801696777,0.6104215383529663,1.1263750791549683,0.8948159217834473,0.4943447709083557,0.3551771938800812,1.2506014108657837,0.6244538426399231,1.13951575756073,0.9060500860214233,0.49680280685424805,0.32586443424224854,1.2201602458953857,1.5700000524520874,-0.4756052494049072,1.5700000524520874,-1.278996467590332,2.6069154739379883,9.761281967163086,1.5700000524520874,-0.45637309551239014,1.5700000524520874,-1.281836986541748,2.3656978607177734,9.45635986328125,0.3908555578726851,0.24967703523451412,0.0010734580457718579,-0.01396821025569217,0.2188068129142282,0.07582685620885243
295,5.899999999999896,0.19571617245674133,0.14512649178504944,0.22341854870319366,-0.5682632923126221,-0.7667914628982544,0.6972020268440247,0.5403367877006531,0.23327599465847015,-0.8084667325019836,0.0,0.0,0.0,0.27000001072883606,0.0,0.0830034390091896,-0.28091129660606384,0.573859453201294,1.3234965801239014,0.6709731817245483,0.59004807472229,17.848440170288086,1.0491094589233398,-0.009435951709747314,0.22237709164619446,0.006408743094652891,0.0073889135383069515,2.831366777420044,9.675963401794434,0.6244538426399231,1.13951575756073,0.9060500860214233,0.49680280685424805,0.32586443424224854,1.2201602458953857,0.6098254919052124,1.0930155515670776,0.8844324350357056,0.4856600761413574,0.45560455322265625,1.3585412502288818,1.5700000524520874,-0.5337305068969727,1.5700000524520874,-1.2929248809814453,3.64483642578125,10.868330001831055,1.5700000524520874,-0.4920310974121094,1.5700000524520874,-1.2820689678192139,2.8414175510406494,10.00481128692627,0.41424736321365785,0.26293244099517654,0.016687734495128836,-0.05258516642155975,0.09246575881704278,-0.00442952247813011
296,5.919999999999896,0.2154945582151413,0.15770497918128967,0.23080825805664062,-0.48231109976768494,-0.26141244173049927,0.7487694025039673,0.5398083925247192,0.2378620207309723,-0.8074828386306763,0.0,0.0,0.0,0.27000001072883606,0.0,0.08288117498159409,-0.28646978735923767,0.5752764940261841,1.3267934322357178,0.6709520816802979,0.5896048545837402,17.90029525756836,1.2416149377822876,0.06097005680203438,0.04207523912191391,-0.013413223437964916,0.019284268841147423,2.656740188598633,9.790759086608887,0.6098254919052124,1.0930155515670776,0.8844324350357056,0.4856600761413574,0.45560455322265625,1.3585412502288818,0.5961039662361145,1.1452257633209229,0.8744775056838989,0.49991947412490845,0.354606568813324,1.2663862705230713,1.5700000524520874,-0.4684678316116333,1.5700000524520874,-1.2751007080078125,2.836852550506592,10.13109016418457,1.5700000524520874,-0.4756052494049072,1.5700000524520874,-1.278996467590332,2.6069154739379883,9.761281967163086,0.8406348828886543,0.9934755838991922,0.007577805919392944,0.4649763565448204,-0.16346895612823786,-0.002562216215725499
297,5.939999999999896,0.25452882051467896,0.1931544542312622,0.20997576415538788,-0.8584958910942078,-0.12684614956378937,0.6158973574638367,0.5363618731498718,0.23859857022762299,-0.8095595240592957,0.0,0.0,0.0,0.27000001072883606,0.0,0.08347121626138687,-0.2866116464138031,0.576804518699646,1.3266477584838867,0.6710482835769653,0.5877304077148438,17.97113609313965,1.4519656896591187,0.10782255232334137,-0.021696239709854126,0.011021059937775135,-0.14357633888721466,3.452019214630127,10.530299186706543,0.5961039662361145,1.1452257633209229,0.8744775056838989,0.49991947412490845,0.354606568813324,1.2663862705230713,0.5759336352348328,1.1847546100616455,0.8755062222480774,0.5167341232299805,0.28720909357070923,1.2020343542099,1.5700000524520874,-0.41905677318573,1.5700000524520874,-1.2540823221206665,2.297672748565674,9.6162748336792,1.5700000524520874,-0.5337305068969727,1.5700000524520874,-1.2929248809814453,3.64483642578125,10.868330001831055,1.1014223834286394,0.4686214319477804,-0.042094923550910934,0.43948577912744824,0.04534659964808441,0.7972058436179594
298,5.959999999999895,0.27483758330345154,0.18139928579330444,0.16860605776309967,-0.6306447386741638,-0.5176616907119751,0.6483641266822815,0.5348325967788696,0.24213041365146637,-0.8095226883888245,0.0,0.0,0.0,0.27000001072883606,0.0,0.08317819982767105,-0.2906333804130554,0.5790592432022095,1.3305476903915405,0.6709021329879761,0.5887700319290161,18.02835464477539,1.6536709070205688,-0.12572430074214935,-0.009730220772325993,-0.0015435240929946303,-0.20517978072166443,2.9334876537323,9.841303825378418,0.5759336352348328,1.1847546100616455,0.8755062222480774,0.5167341232299805,0.28720909357070923,1.2020343542099,0.5851795077323914,1.1277096271514893,0.8690561652183533,0.49474266171455383,0.39169713854789734,1.2983276844024658,1.5700000524520874,-0.4903630018234253,1.5700000524520874,-1.281571626663208,3.1335771083831787,10.386621475219727,1.5700000524520874,-0.4684678316116333,1.5700000524520874,-1.2751007080078125,2.836852550506592,10.13109016418457,0.20952620182092296,0.12576675323044917,0.018298550332080055,-0.10276847906617981,0.06955436838172613,-0.023648158218776416
299,5.979999999999895,0.2363794445991516,0.1683770716190338,0.2174721211194992,-0.72141432762146,-0.41573408246040344,0.6536706686019897,0.5316429138183594,0.24248278141021729,-0.8115158081054688,0.0,0.0,0.0,0.27000001072883606,0.0,0.08405479043722153,-0.2903576195240021,0.5774506330490112,1.3391740322113037,0.6710759401321411,0.591962456703186,18.074478149414062,1.841947317123413,-0.09724611788988113,0.4793858826160431,0.016083896160125732,0.18728332221508026,2.2807681560516357,9.33597469329834,0.5851795077323914,1.1277096271514893,0.8690561652183533,0.49474266171455383,0.39169713854789734,1.2983276844024658,0.6201134920120239,1.1442838907241821,0.8882094621658325,0.49545910954475403,0.34388142824172974,1.2394516468048096,1.5700000524520874,-0.4696451425552368,1.5700000524520874,-1.2806761264801025,2.751051425933838,9.915613174438477,1.5700000524520874,-0.41905677318573,1.5700000524520874,-1.2540823221206665,2.297672748565674,9.6162748336792,1.060437938023279,0.4271209297517551,-0.03393243380721955,0.1749371550182648,0.02495031655137936,0.5751535878321654
300,5.999999999999894,0.18161322176456451,0.12498608976602554,0.25466883182525635,-0.21843786537647247,-0.2524895668029785,0.7994147539138794,0.5302166938781738,0.24355536699295044,-0.8121274709701538,0.0,0.0,0.0,0.27000001072883606,0.0,0.08416292816400528,-0.2913631796836853,0.5779013633728027,1.3389685153961182,0.671057939529419,0.5905277729034424,18.135656356811523,2.045318841934204,-0.11782103031873703,0.07981790602207184,0.009634719230234623,-0.07689420133829117,3.0866587162017822,10.02640438079834,0.6201134920120239,1.1442838907241821,0.8882094621658325,0.49545910954475403,0.34388142824172974,1.2394516468048096,0.5734250545501709,1.1219427585601807,0.8429194092750549,0.49812549352645874,0.3630419373512268,1.2870055437088013,1.5700000524520874,-0.49757158756256104,1.5700000524520874,-1.2773430347442627,2.9043354988098145,10.29604434967041,1.5700000524520874,-0.4903630018234253,1.5700000524520874,-1.281571626663208,3.1335771083831787,10.386621475219727,1.225952927794216,1.0371171896498028,-0.009291847740847459,0.7768438263449138,0.00020709956794107143,0.6665934265976041
301,6.019999999999894,0.30063530802726746,0.20007988810539246,0.16871057450771332,-0.7081271409988403,-0.06873427331447601,0.6021767854690552,0.5279840230941772,0.24759282171726227,-0.8123611807823181,0.0,0.0,0.0,0.27000001072883606,0.0,0.08385687321424484,-0.2958378791809082,0.580889105796814,1.343564510345459,0.670978307723999,0.5902673006057739,18.190340042114258,2.2406439781188965,-0.12387509644031525,-0.10849735885858536,-0.0013760823057964444,-0.3021056652069092,2.8438122272491455,9.643465042114258,0.5734250545501709,1.1219427585601807,0.8429194092750549,0.49812549352645874,0.3630419373512268,1.2870055437088013,0.600072979927063,1.1646642684936523,0.8765761256217957,0.5053979158401489,0.30268973112106323,1.2043603658676147,1.5700000524520874,-0.44416964054107666,1.5700000524520874,-1.2682526111602783,2.421517848968506,9.634882926940918,1.5700000524520874,-0.4696451425552368,1.5700000524520874,-1.2806761264801025,2.751051425933838,9.915613174438477,0.5876374344340185,0.23979672108339933,-0.009956595646720245,0.4585641549643711,0.14291574813546948,0.6947265994319345
302,6.0399999999998935,0.24198012053966522,0.16099515557289124,0.19444523751735687,-0.7079365253448486,-0.6003841757774353,0.630465030670166,0.5264978408813477,0.24887843430042267,-0.8129326701164246,0.0,0.0,0.0,0.27000001072883606,0.0,0.08456466346979141,-0.2970883846282959,0.584513783454895,1.3456487655639648,0.6708074808120728,0.591598629951477,18.248149871826172,2.4446849822998047,0.3834797143936157,0.2588801085948944,-0.015820425003767014,0.18726052343845367,2.892826557159424,10.302157402038574,0.600072979927063,1.1646642684936523,0.8765761256217957,0.5053979158401489,0.30268973112106323,1.2043603658676147,0.6211007237434387,1.1686769723892212,0.898161768913269,0.5083070397377014,0.35445699095726013,1.2542142868041992,1.5700000524520874,-0.439153790473938,1.5700000524520874,-1.2646162509918213,2.835655927658081,10.033714294433594,1.5700000524520874,-0.49757158756256104,1.5700000524520874,-1.2773430347442627,2.9043354988098145,10.29604434967041,0.2060710000746493,0.12231743940626405,0.017084643493458174,-0.06110470137985757,0.05303003475743573,0.00027306673740667975
303,6.059999999999893,0.21548599004745483,0.15167585015296936,0.24826785922050476,-0.5260858535766602,-0.26257604360580444,0.7357950806617737,0.5244375467300415,0.24885354936122894,-0.8142709732055664,0.0,0.0,0.0,0.27000001072883606,0.0,0.08506877720355988,-0.2966003119945526,0.5800521373748779,1.3483519554138184,0.6711084842681885,0.590911865234375,18.296878814697266,2.6316494941711426,-0.1403144747018814,0.2764365077018738,0.019927773624658585,0.1227487176656723,2.385925054550171,9.370841979980469,0.6211007237434387,1.1686769723892212,0.898161768913269,0.5083070397377014,0.35445699095726013,1.2542142868041992,0.6243184804916382,1.1324394941329956,0.8802786469459534,0.49269023537635803,0.349168986082077,1.2421998977661133,1.5700000524520874,-0.4844505786895752,1.5700000524520874,-1.28413724899292,2.793351888656616,9.937599182128906,1.5700000524520874,-0.44416964054107666,1.5700000524520874,-1.2682526111602783,2.421517848968506,9.634882926940918,1.396172067732243,0.6397044299567964,-0.05502430273359593,0.2991969417734559,0.08560793433852343,0.6549698485519073
304,6.079999999999893,0.22094133496284485,0.1409025490283966,0.20052015781402588,-0.14754614233970642,-0.4737997353076935,0.7809386849403381,0.5216695666313171,0.25105661153793335,-0.8153719902038574,0.0,0.0,0.0,0.27000001072883606,0.0,0.08480136096477509,-0.2986926734447479,0.582726001739502,1.3543260097503662,0.6710042953491211,0.5931000709533691,18.352149963378906,2.829934597015381,-0.10423687845468521,0.2941347062587738,0.004295513965189457,-0.04369545727968216,2.811549186706543,9.623571395874023,0.6243184804916382,1.1324394941329956,0.8802786469459534,0.49269023537635803,0.349168986082077,1.2421998977661133,0.6016759276390076,1.1175206899642944,0.8598977327346802,0.49506863951683044,0.3917117714881897,1.308146595954895,1.5700000524520874,-0.5030990839004517,1.5700000524520874,-1.2811641693115234,3.1336941719055176,10.46517276763916,1.5700000524520874,-0.439153790473938,1.5700000524520874,-1.2646162509918213,2.835655927658081,10.033714294433594,0.6619515478168516,0.8861648144242826,0.02538358742191349,0.3638078404425116,-0.16595938075495464,-0.0860296798419995
305,6.099999999999892,0.25244322419166565,0.18247148394584656,0.23339952528476715,-0.664819061756134,-0.09315599501132965,0.6456915140151978,0.5236115455627441,0.25306105613708496,-0.8135054111480713,0.0,0.0,0.0,0.27000001072883606,0.0,0.08480890095233917,-0.30158597230911255,0.5827871561050415,1.3553414344787598,0.6710606813430786,0.591555118560791,18.40800666809082,3.024076223373413,0.2392464280128479,0.1924751251935959,-0.006783691700547934,0.13404254615306854,2.7548844814300537,9.907458305358887,0.6016759276390076,1.1175206899642944,0.8598977327346802,0.49506863951683044,0.3917117714881897,1.308146595954895,0.6307438015937805,1.1924715042114258,0.8981907963752747,0.5154390335083008,0.27649590373039246,1.1728352308273315,1.5700000524520874,-0.40941059589385986,1.5700000524520874,-1.2557011842727661,2.2119672298431396,9.382681846618652,1.5700000524520874,-0.4844505786895752,1.5700000524520874,-1.28413724899292,2.793351888656616,9.937599182128906,1.04170430784243,0.4910259952013236,-0.02478525420177924,0.32327545016116765,0.06051914600350816,0.5401680983326749
306,6.119999999999892,0.2043776661157608,0.1341121345758438,0.2436324656009674,-0.3019058108329773,-0.3513542711734772,0.7408703565597534,0.5199763178825378,0.25243455171585083,-0.816027820110321,0.0,0.0,0.0,0.27000001072883606,0.0,0.08554326742887497,-0.3000084459781647,0.5830692052841187,1.352924108505249,0.6709797382354736,0.5898826122283936,18.470054626464844,3.2291600704193115,-0.08697036653757095,-0.010121013969182968,0.012887411750853062,-0.10712917149066925,3.0964601039886475,10.064163208007812,0.6307438015937805,1.1924715042114258,0.8981907963752747,0.5154390335083008,0.27649590373039246,1.1728352308273315,0.6006689667701721,1.1206772327423096,0.8612484335899353,0.4971136450767517,0.3925897181034088,1.2997446060180664,1.5700000524520874,-0.4991534948348999,1.5700000524520874,-1.2786078453063965,3.1407177448272705,10.397956848144531,1.5700000524520874,-0.5030990839004517,1.5700000524520874,-1.2811641693115234,3.1336941719055176,10.46517276763916,0.9694630724442401,0.5145664006661432,-0.019088815555457828,0.5563574644600973,0.23189905577479664,0.8391053573059786
307,6.139999999999891,0.31739211082458496,0.22324424982070923,0.14181318879127502,-0.7108287811279297,-0.3339678645133972,0.6241575479507446,0.5181803703308105,0.2575935423374176,-0.8155578970909119,0.0,0.0,0.0,0.27000001072883606,0.0,0.08483897894620895,-0.3059334456920624,0.5850419998168945,1.3621790409088135,0.6709513664245605,0.5927026271820068,18.515037536621094,3.4148762226104736,-0.10427124798297882,0.11731334775686264,-0.007042359095066786,-0.1858261078596115,2.3359718322753906,9.144937515258789,0.6006689667701721,1.1206772327423096,0.8612484335899353,0.4971136450767517,0.3925897181034088,1.2997446060180664,0.651298463344574,1.1525684595108032,0.9045406579971313,0.49738577008247375,0.36147424578666687,1.2492833137512207,1.5700000524520874,-0.45928943157196045,1.5700000524520874,-1.278267741203308,2.891793966293335,9.994266510009766,1.5700000524520874,-0.40941059589385986,1.5700000524520874,-1.2557011842727661,2.2119672298431396,9.382681846618652,0.14865842663357398,-0.0002245354331851246,0.011778409108686105,-0.04551904035826304,0.04533125918876024,0.010397907977882426
308,6.159999999999891,0.24699458479881287,0.17761340737342834,0.2191108614206314,-0.7313991189002991,-0.4545436203479767,0.6066080927848816,0.5182232856750488,0.25794297456741333,-0.8154202103614807,0.0,0.0,0.0,0.27000001072883606,0.0,0.08554980903863907,-0.3063715398311615,0.5861715078353882,1.3614851236343384,0.6709147691726685,0.5920073986053467,18.577068328857422,3.6170506477355957,0.3357153534889221,0.14618262648582458,-0.012608285993337631,0.17552441358566284,3.1199121475219727,10.396454811096191,0.651298463344574,1.1525684595108032,0.9045406579971313,0.49738577008247375,0.36147424578666687,1.2492833137512207,0.644915759563446,1.1814688444137573,0.9125450849533081,0.5172969102859497,0.362966924905777,1.2605153322219849,1.5700000524520874,-0.42316389083862305,1.5700000524520874,-1.2533788681030273,2.903735399246216,10.084122657775879,1.5700000524520874,-0.4991534948348999,1.5700000524520874,-1.2786078453063965,3.1407177448272705,10.397956848144531,0.4063085548227914,0.22963755143392994,-0.00013593674204770423,0.04302117337335254,0.08659183381363889,0.11046660319319557
309,6.1799999999998905,0.2148514837026596,0.14747366309165955,0.2550036609172821,-0.3847289979457855,-0.2782973647117615,0.7358911633491516,0.5148677229881287,0.257002055644989,-0.8178393244743347,0.0,0.0,0.0,0.27000001072883606,0.0,0.08621189743280411,-0.30447396636009216,0.5843794345855713,1.3622320890426636,0.6710177659988403,0.5899065732955933,18.634483337402344,3.81180477142334,-0.06259378790855408,0.1814182549715042,0.015369799919426441,-0.06337037682533264,2.8301918506622314,9.64577579498291,0.644915759563446,1.1814688444137573,0.9125450849533081,0.5172969102859497,0.362966924905777,1.2605153322219849,0.6371540427207947,1.1312878131866455,0.8900779485702515,0.49928414821624756,0.3829894959926605,1.2776074409484863,1.5700000524520874,-0.48589026927948,1.5700000524520874,-1.2758947610855103,3.063915967941284,10.22085952758789,1.5700000524520874,-0.45928943157196045,1.5700000524520874,-1.278267741203308,2.891793966293335,9.994266510009766,1.1857487893601384,0.5513732701572334,-0.0418106712802544,0.562515218685153,0.16452339971559304,0.8344887355198907
310,6.19999999999989,0.32374075055122375,0.23172280192375183,0.16640257835388184,-0.766553521156311,-0.31166183948516846,0.6146612763404846,0.5128798484802246,0.2625752389431,-0.8173178434371948,0.0,0.0,0.0,0.27000001072883606,0.0,0.08560877293348312,-0.3108496069908142,0.5866121053695679,1.3689324855804443,0.6709611415863037,0.5919337272644043,18.692337036132812,4.010171413421631,-0.10897630453109741,0.0019012836273759604,-0.005845297127962112,-0.17266248166561127,3.0009989738464355,9.845850944519043,0.6371540427207947,1.1312878131866455,0.8900779485702515,0.49928414821624756,0.3829894959926605,1.2776074409484863,0.6402453184127808,1.1713639497756958,0.8992352485656738,0.5090989470481873,0.3685469925403595,1.270251750946045,1.5700000524520874,-0.4357950687408447,1.5700000524520874,-1.2636263370513916,2.948375940322876,10.16201400756836,1.5700000524520874,-0.42316389083862305,1.5700000524520874,-1.2533788681030273,2.903735399246216,10.084122657775879,0.2516001248684816,0.10660696106877676,0.004308305208303054,0.06510168425633012,0.15897331920120994,0.1129547555337318
311,6.21999999999989,0.25295785069465637,0.16907094419002533,0.20385780930519104,-0.48137399554252625,-0.5995816588401794,0.6956758499145508,0.5108267664909363,0.26149481534957886,-0.8189483880996704,0.0,0.0,0.0,0.27000001072883606,0.0,0.08633091300725937,-0.30907291173934937,0.5881890058517456,1.3692612648010254,0.6708834171295166,0.591909646987915,18.753244400024414,4.210946559906006,0.021728456020355225,0.07453687489032745,0.004350005649030209,-0.06926325708627701,3.0620265007019043,9.848270416259766,0.6402453184127808,1.1713639497756958,0.8992352485656738,0.5090989470481873,0.3685469925403595,1.270251750946045,0.6494942903518677,1.129913568496704,0.9036336541175842,0.49950188398361206,0.45563817024230957,1.3499479293823242,1.5700000524520874,-0.48760807514190674,1.5700000524520874,-1.2756226062774658,3.6451053619384766,10.799583435058594,1.5700000524520874,-0.48589026927948,1.5700000524520874,-1.2758947610855103,3.063915967941284,10.22085952758789,0.19919844254993535,0.1283972440004293,0.01675445087666816,-0.05555852314471643,0.06444084365448521,0.004255558324594233
312,6.239999999999889,0.27005425095558167,0.18697378039360046,0.22505895793437958,-0.5535012483596802,-0.40407755970954895,0.716537594795227,0.5112189054489136,0.2641857862472534,-0.8178392648696899,0.0,0.0,0.0,0.27000001072883606,0.0,0.0860409066081047,-0.3124481439590454,0.5873630046844482,1.3719792366027832,0.6709237098693848,0.5906610488891602,18.812416076660156,4.409523963928223,-0.13559000194072723,-0.011561636812984943,-0.0005756886093877256,-0.12330097705125809,3.019228458404541,9.92624282836914,0.6494942903518677,1.129913568496704,0.9036336541175842,0.49950188398361206,0.45563817024230957,1.3499479293823242,0.6448289155960083,1.1455758810043335,0.8960617780685425,0.5023634433746338,0.44067952036857605,1.3431446552276611,1.5700000524520874,-0.46803009510040283,1.5700000524520874,-1.272045612335205,3.5254361629486084,10.745157241821289,1.5700000524520874,-0.4357950687408447,1.5700000524520874,-1.2636263370513916,2.948375940322876,10.16201400756836,0.47660819330741155,0.29130233438013775,0.0011908101000983606,0.10836994964759938,0.17792147971623518,0.10404983773431198
313,6.259999999999889,0.3009723722934723,0.21672900021076202,0.22760716080665588,-0.726470947265625,-0.11127327382564545,0.6813676357269287,0.5098232626914978,0.26571911573410034,-0.818213701248169,0.0,0.0,0.0,0.27000001072883606,0.0,0.08642540127038956,-0.3140104413032532,0.5900479555130005,1.3731377124786377,0.67091965675354,0.5907872915267944,18.883628845214844,4.620768070220947,0.2926781177520752,0.11163439601659775,-0.005501605570316315,0.1030789241194725,3.5368547439575195,10.727949142456055,0.6448289155960083,1.1455758810043335,0.8960617780685425,0.5023634433746338,0.44067952036857605,1.3431446552276611,0.6351326107978821,1.230963110923767,0.9046545028686523,0.5330185890197754,0.2947937548160553,1.2084250450134277,1.5700000524520874,-0.36129605770111084,1.5700000524520874,-1.2337267398834229,2.3583500385284424,9.667400360107422,1.5700000524520874,-0.48760807514190674,1.5700000524520874,-1.2756226062774658,3.6451053619384766,10.799583435058594,0.7327757221256466,0.3236267467999383,-0.026235505290040706,0.5579172598999502,0.17979896326757494,0.7497556263932736
314,6.279999999999888,0.24257901310920715,0.16769692301750183,0.2835511863231659,-0.4244344234466553,-0.3039620518684387,0.7816001176834106,0.5092759728431702,0.26329103112220764,-0.8193386197090149,0.0,0.0,0.0,0.27000001072883606,0.0,0.08699376881122589,-0.3109232783317566,0.587814211845398,1.371872901916504,0.6709344387054443,0.588799238204956,18.954673767089844,4.830528736114502,-0.0832262858748436,0.08702193200588226,0.015344010666012764,-0.02684607543051243,3.495924472808838,10.399801254272461,0.6351326107978821,1.230963110923767,0.9046545028686523,0.5330185890197754,0.2947937548160553,1.2084250450134277,0.6208420991897583,1.1559051275253296,0.8773560523986816,0.5089150071144104,0.3877299726009369,1.296958327293396,1.5700000524520874,-0.4551185369491577,1.5700000524520874,-1.2638561725616455,3.101839780807495,10.375666618347168,1.5700000524520874,-0.46803009510040283,1.5700000524520874,-1.272045612335205,3.5254361629486084,10.745157241821289,1.1843367274445153,0.5342279309989593,-0.036682405010338925,0.5630489946637258,0.0656693557939878,0.8031784864316478
315,6.299999999999888,0.3552389144897461,0.25340893864631653,0.17608802020549774,-0.9479305744171143,-0.2674322724342346,0.6360154151916504,0.5048077702522278,0.2715712785720825,-0.8194010853767395,0.0,0.0,0.0,0.27000001072883606,0.0,0.08619823306798935,-0.3200334906578064,0.5897948741912842,1.3843963146209717,0.6708896160125732,0.5929632186889648,19.003931045532227,5.021806240081787,-0.19896113872528076,0.23187807202339172,-0.001906047691591084,-0.16576892137527466,2.5281944274902344,9.436531066894531,0.6208420991897583,1.1559051275253296,0.8773560523986816,0.5089150071144104,0.3877299726009369,1.296958327293396,0.6774330139160156,1.1804900169372559,0.9160939455032349,0.5034432411193848,0.3481769263744354,1.2406846284866333,1.5700000524520874,-0.42438745498657227,1.5700000524520874,-1.2706959247589111,2.7854154109954834,9.925477027893066,1.5700000524520874,-0.36129605770111084,1.5700000524520874,-1.2337267398834229,2.3583500385284424,9.667400360107422,0.5251761440767577,-0.0012532238784261907,-0.010625616259847703,0.4395495189363192,-0.04806322701309096,0.6178907342469842
316,6.3199999999998875,0.2579371929168701,0.17274418473243713,0.23521681129932404,-0.36976614594459534,-0.6622199416160583,0.8182539939880371,0.5018613934516907,0.26941215991973877,-0.821919858455658,0.0,0.0,0.0,0.27000001072883606,0.0,0.08732901513576508,-0.31674784421920776,0.5912256240844727,1.3863682746887207,0.6708426475524902,0.5931740999221802,19.06525421142578,5.224997520446777,0.040977273136377335,0.15953882038593292,0.0044911582954227924,-0.042843788862228394,3.096083641052246,9.999471664428711,0.6774330139160156,1.1804900169372559,0.9160939455032349,0.5034432411193848,0.3481769263744354,1.2406846284866333,0.6703185439109802,1.129796028137207,0.9053743481636047,0.49619773030281067,0.47134697437286377,1.3729569911956787,1.5700000524520874,-0.4877549409866333,1.5700000524520874,-1.2797527313232422,3.77077579498291,10.98365592956543,1.5700000524520874,-0.4551185369491577,1.5700000524520874,-1.2638561725616455,3.101839780807495,10.375666618347168,0.17358847122160448,0.1089496684971838,0.013658697062986391,-0.011024304748875835,0.12193929124333103,0.03078872832410795
317,6.339999999999887,0.2637846767902374,0.18740403652191162,0.2732372581958771,-0.4296368658542633,-0.13103525340557098,0.8575468063354492,0.5029484033584595,0.27194273471832275,-0.8204206824302673,0.0,0.0,0.0,0.27000001072883606,0.0,0.08688398450613022,-0.3200702965259552,0.5891886949539185,1.3886725902557373,0.6709526777267456,0.590265154838562,19.122188568115234,5.418309688568115,-0.23151355981826782,-0.08711517602205276,0.0011700874892994761,-0.19642725586891174,2.849076747894287,9.70650577545166,0.6703185439109802,1.129796028137207,0.9053743481636047,0.49619773030281067,0.47134697437286377,1.3729569911956787,0.6662585735321045,1.1458256244659424,0.8926216959953308,0.4976401627063751,0.4165845513343811,1.318979024887085,1.5700000524520874,-0.4677180051803589,1.5700000524520874,-1.2779498100280762,3.332676410675049,10.55183219909668,1.5700000524520874,-0.42438745498657227,1.5700000524520874,-1.2706959247589111,2.7854154109954834,9.925477027893066,1.154317167637089,1.050386207862065,-0.011152982089747354,0.9378359461336547,-0.26304306665635213,0.39547576946931784
318,6.359999999999887,0.29115423560142517,0.21076396107673645,0.24477091431617737,-0.7035953998565674,-0.44142282009124756,0.7505621314048767,0.4982108473777771,0.27224305272102356,-0.8232069611549377,0.0,0.0,0.0,0.27000001072883606,0.0,0.08792825788259506,-0.3193880319595337,0.591846227645874,1.3885045051574707,0.6709041595458984,0.58955979347229,19.196239471435547,5.631407737731934,0.03445689007639885,-0.003998389467597008,0.009027904830873013,-0.2058088481426239,3.7046549320220947,10.556838989257812,0.6662585735321045,1.1458256244659424,0.8926216959953308,0.4976401627063751,0.4165845513343811,1.318979024887085,0.664918839931488,1.1735111474990845,0.9063227772712708,0.5149281024932861,0.43732279539108276,1.3502459526062012,1.5700000524520874,-0.4331110715866089,1.5700000524520874,-1.2563397884368896,3.498582363128662,10.80196762084961,1.5700000524520874,-0.4877549409866333,1.5700000524520874,-1.2797527313232422,3.77077579498291,10.98365592956543,0.7676538877317913,0.2917857880147805,-0.016707338853764853,0.5805219534803854,0.0011432987524022664,0.818195152663872
319,6.379999999999886,0.2867812216281891,0.20910409092903137,0.2855783700942993,-0.4477330148220062,-0.04579416662454605,0.9537085294723511,0.5018137097358704,0.2756393253803253,-0.8198816776275635,0.0,0.0,0.0,0.27000001072883606,0.0,0.0871417224407196,-0.32432296872138977,0.5921801328659058,1.3874611854553223,0.6708495616912842,0.5865478515625,19.26416778564453,5.838860511779785,-0.03407875820994377,-0.23688572645187378,-0.013644874095916748,-0.08524654805660248,3.3978843688964844,10.557958602905273,0.664918839931488,1.1735111474990845,0.9063227772712708,0.5149281024932861,0.43732279539108276,1.3502459526062012,0.6438884735107422,1.1900166273117065,0.8802420496940613,0.5113503932952881,0.37660035490989685,1.295130968093872,1.5700000524520874,-0.4124791622161865,1.5700000524520874,-1.2608120441436768,3.012802839279175,10.361047744750977,1.5700000524520874,-0.4677180051803589,1.5700000524520874,-1.2779498100280762,3.332676410675049,10.55183219909668,1.0048403549376488,1.0327087009566762,0.0040166659641283076,0.9878833294535951,-0.2623139534440604,0.3113812972974337
320,6.399999999999886,0.31992799043655396,0.22826960682868958,0.26909536123275757,-0.815218448638916,-0.43148335814476013,0.8075329065322876,0.4978427290916443,0.2747412919998169,-0.8225994110107422,0.0,0.0,0.0,0.27000001072883606,0.0,0.08806312829256058,-0.3223428726196289,0.5931397676467896,1.3921226263046265,0.6708999872207642,0.587851881980896,19.333520889282227,6.0491743087768555,0.030446354299783707,0.235579714179039,0.00864745769649744,0.008442199788987637,3.4825949668884277,10.458479881286621,0.6438884735107422,1.1900166273117065,0.8802420496940613,0.5113503932952881,0.37660035490989685,1.295130968093872,0.6754692196846008,1.194607138633728,0.912106454372406,0.5147947072982788,0.3985671103000641,1.3075964450836182,1.5700000524520874,-0.40674102306365967,1.5700000524520874,-1.2565065622329712,3.1885368824005127,10.460771560668945,1.5700000524520874,-0.4331110715866089,1.5700000524520874,-1.2563397884368896,3.498582363128662,10.80196762084961,0.7901372637235564,0.30685645481552637,-0.028443088726538335,0.6022532314747249,0.03155300509438952,0.7801506219444114
321,6.419999999999885,0.2350359410047531,0.16391108930110931,0.33084747195243835,-0.3228174149990082,-0.4972994923591614,1.0302292108535767,0.4964746832847595,0.27777424454689026,-0.8224076628684998,0.0,0.0,0.0,0.27000001072883606,0.0,0.08828210085630417,-0.3257268965244293,0.593693733215332,1.396591305732727,0.670555591583252,0.5879381895065308,19.395296096801758,6.254148483276367,0.1744004637002945,0.363481730222702,-0.009818990714848042,0.19978803396224976,2.9770114421844482,10.314492225646973,0.6754692196846008,1.194607138633728,0.912106454372406,0.5147947072982788,0.3985671103000641,1.3075964450836182,0.6879196166992188,1.1601717472076416,0.9064622521400452,0.4988464117050171,0.4323236048221588,1.3403427600860596,1.5700000524520874,-0.44978535175323486,1.5700000524520874,-1.2764419317245483,3.4585888385772705,10.722742080688477,1.5700000524520874,-0.4124791622161865,1.5700000524520874,-1.2608120441436768,3.012802839279175,10.361047744750977,1.1048796026818444,0.890083265295706,0.02735779320991938,0.838815730317318,-0.17943787618156293,0.432657464249921
322,6.439999999999885,0.34850990772247314,0.2575617730617523,0.2583470940589905,-0.9921918511390686,-0.4003618657588959,0.852167546749115,0.4925878942012787,0.2800682485103607,-0.8239653706550598,0.0,0.0,0.0,0.27000001072883606,0.0,0.08863760530948639,-0.3276515007019043,0.5944497585296631,1.4033232927322388,0.6708521842956543,0.5892072916030884,19.458602905273438,6.457394599914551,0.10474314540624619,0.39232292771339417,0.010810496285557747,0.044083502143621445,3.164109468460083,10.188026428222656,0.6879196166992188,1.1601717472076416,0.9064622521400452,0.4988464117050171,0.4323236048221588,1.3403427600860596,0.7161768674850464,1.2116249799728394,0.9362335205078125,0.5142104029655457,0.3767257630825043,1.2819347381591797,1.5700000524520874,-0.3854687213897705,1.5700000524520874,-1.2572369575500488,3.013806104660034,10.255477905273438,1.5700000524520874,-0.40674102306365967,1.5700000524520874,-1.2565065622329712,3.1885368824005127,10.460771560668945,0.702720195951656,0.2834678458351956,-0.040803819729895,0.36893781612952736,0.0320260551653746,0.5544307538604727
323,6.4599999999998845,0.2521187365055084,0.16468782722949982,0.33727410435676575,-0.23951227962970734,-0.3599715530872345,1.1105263233184814,0.4941617548465729,0.28016307950019836,-0.8229901790618896,0.0,0.0,0.0,0.27000001072883606,0.0,0.08841022849082947,-0.3281157612800598,0.5942779779434204,1.4019365310668945,0.6708167791366577,0.5861468315124512,19.528181076049805,6.667709827423096,-0.0625082477927208,0.03104468248784542,0.006317623890936375,-0.06654050946235657,3.421621084213257,10.420403480529785,0.7161768674850464,1.2116249799728394,0.9362335205078125,0.5142104029655457,0.3767257630825043,1.2819347381591797,0.6787880063056946,1.1492888927459717,0.8886207342147827,0.4978905916213989,0.4533049166202545,1.3706480264663696,1.5700000524520874,-0.4633888006210327,1.5700000524520874,-1.2776367664337158,3.626439332962036,10.965184211730957,1.5700000524520874,-0.44978535175323486,1.5700000524520874,-1.2764419317245483,3.4585888385772705,10.722742080688477,1.1673293649788494,1.0125031409855598,-0.004454009755230359,0.9864611739351599,-0.1401658971931372,0.5140555806757412
324,6.479999999999884,0.36852332949638367,0.2514709532260895,0.2479821741580963,-1.0062237977981567,-0.40736639499664307,0.8510079383850098,0.4902983605861664,0.28390881419181824,-0.8240165710449219,0.0,0.0,0.0,0.27000001072883606,0.0,0.08863087743520737,-0.33180472254753113,0.5963302850723267,1.4106279611587524,0.6708745956420898,0.590843677520752,19.588274002075195,6.870731830596924,0.22683203220367432,0.5112898945808411,-0.001854130532592535,0.2482714205980301,2.9845428466796875,10.215704917907715,0.6787880063056946,1.1492888927459717,0.8886207342147827,0.4978905916213989,0.4533049166202545,1.3706480264663696,0.7291141748428345,1.235206127166748,0.9440546631813049,0.518446683883667,0.3469255864620209,1.2525285482406616,1.5700000524520874,-0.35599231719970703,1.5700000524520874,-1.2519416809082031,2.775404691696167,10.020228385925293,1.5700000524520874,-0.3854687213897705,1.5700000524520874,-1.2572369575500488,3.013806104660034,10.255477905273438,0.7638960767159766,0.3184790286907546,-0.028383129073631608,0.1349414080565836,0.023426746090027706,0.411048040138315
325,6.499999999999884,0.2846989035606384,0.18601590394973755,0.3223390281200409,-0.6150304079055786,-0.47153353691101074,1.0085786581039429,0.49018624424934387,0.28329378366470337,-0.824294924736023,0.0,0.0,0.0,0.27000001072883606,0.0,0.08917693048715591,-0.3310335874557495,0.5961326360702515,1.407804012298584,0.6708173751831055,0.5870969295501709,19.661304473876953,7.084977149963379,0.23431003093719482,0.06964395940303802,-0.007255827076733112,0.13175547122955322,3.597766876220703,10.91257381439209,0.7291141748428345,1.235206127166748,0.9440546631813049,0.518446683883667,0.3469255864620209,1.2525285482406616,0.7064459323883057,1.191633701324463,0.9176952838897705,0.5118280649185181,0.42832648754119873,1.3426601886749268,1.5700000524520874,-0.4104578495025635,1.5700000524520874,-1.260214924812317,3.42661190032959,10.741281509399414,1.5700000524520874,-0.4633888006210327,1.5700000524520874,-1.2776367664337158,3.626439332962036,10.965184211730957,0.8104346353655316,0.3789443533480892,-0.015301573488981646,0.5868328963678202,0.06195433738009726,0.6444799515227189
326,6.519999999999883,0.39242520928382874,0.269965261220932,0.20449864864349365,-0.9030674695968628,-0.17144547402858734,0.9722697734832764,0.4865363538265228,0.2882481515407562,-0.8247395753860474,0.0,0.0,0.0,0.27000001072883606,0.0,0.08835206180810928,-0.3362311124801636,0.5958735942840576,1.4167931079864502,0.6708968877792358,0.5899816751480103,19.71805191040039,7.282858848571777,-0.2021184116601944,0.11117889732122421,0.0022246527951210737,-0.20612554252147675,2.9201536178588867,9.838149070739746,0.7064459323883057,1.191633701324463,0.9176952838897705,0.5118280649185181,0.42832648754119873,1.3426601886749268,0.7212730646133423,1.2065544128417969,0.917938768863678,0.503341019153595,0.36343449354171753,1.2744725942611694,1.5700000524520874,-0.391806960105896,1.5700000524520874,-1.2708237171173096,2.9074759483337402,10.195780754089355,1.5700000524520874,-0.35599231719970703,1.5700000524520874,-1.2519416809082031,2.775404691696167,10.020228385925293,0.8051132017973881,0.14006970318034817,-0.036789450236778265,0.305606053910914,-0.03904342127237026,0.5290689035719751
327,6.539999999999883,0.30137184262275696,0.19707852602005005,0.28058478236198425,-0.7488889694213867,-0.5443354845046997,1.001982569694519,0.4847392737865448,0.28715071082115173,-0.8261793255805969,0.0,0.0,0.0,0.27000001072883606,0.0,0.08950524777173996,-0.3345035910606384,0.5971790552139282,1.4200173616409302,0.6708248853683472,0.5909402370452881,19.786151885986328,7.4938764572143555,0.24253645539283752,0.28777357935905457,-0.007700037676841021,0.23647192120552063,3.405294895172119,10.704578399658203,0.7212730646133423,1.2065544128417969,0.917938768863678,0.503341019153595,0.36343449354171753,1.2744725942611694,0.7300459742546082,1.2030954360961914,0.9271173477172852,0.5117426514625549,0.41460976004600525,1.3296172618865967,1.5700000524520874,-0.39613068103790283,1.5700000524520874,-1.2603216171264648,3.316878080368042,10.636938095092773,1.5700000524520874,-0.4104578495025635,1.5700000524520874,-1.260214924812317,3.42661190032959,10.741281509399414,0.6847738504075682,0.28370175260587516,-0.013091989171101659,0.3144989977236392,0.0257220197193071,0.5238864203761153
328,6.559999999999882,0.2890039384365082,0.18990978598594666,0.26677054166793823,-0.5081319212913513,-0.14975333213806152,1.1339563131332397,0.4857536554336548,0.28945472836494446,-0.8247783780097961,0.0,0.0,0.0,0.27000001072883606,0.0,0.08874233067035675,-0.3375195562839508,0.5966577529907227,1.4233994483947754,0.6708195209503174,0.5897612571716309,19.845869064331055,7.694867134094238,-0.043351542204618454,-0.01659959927201271,-0.011358964256942272,-0.05572716146707535,2.9655725955963135,10.195734024047852,0.7300459742546082,1.2030954360961914,0.9271173477172852,0.5117426514625549,0.41460976004600525,1.3296172618865967,0.7223722338676453,1.1851540803909302,0.9036858081817627,0.49932384490966797,0.39347782731056213,1.3080024719238281,1.5700000524520874,-0.41855740547180176,1.5700000524520874,-1.2758451700210571,3.147822618484497,10.464019775390625,1.5700000524520874,-0.391806960105896,1.5700000524520874,-1.2708237171173096,2.9074759483337402,10.195780754089355,1.0073411918655246,1.014731646628408,-0.003529469073889402,0.9611153631955265,-0.23994142468934232,0.3496113455571326
329,6.579999999999882,0.3176529109477997,0.2100699096918106,0.2370518147945404,-0.8665134906768799,-0.4461187720298767,1.0078569650650024,0.4828301668167114,0.2890651524066925,-0.8266295194625854,0.0,0.0,0.0,0.27000001072883606,0.0,0.08947272598743439,-0.33639979362487793,0.5970922708511353,1.4279711246490479,0.6708929538726807,0.5918717384338379,19.91146469116211,7.902852535247803,-0.025639472529292107,0.21469537913799286,0.009988075122237206,0.10159493237733841,3.302762269973755,10.375138282775879,0.7223722338676453,1.1851540803909302,0.9036858081817627,0.49932384490966797,0.39347782731056213,1.3080024719238281,0.7397497892379761,1.1989856958389282,0.9217022657394409,0.5066993236541748,0.41835200786590576,1.3339450359344482,1.5700000524520874,-0.4012678861618042,1.5700000524520874,-1.2666258811950684,3.346816062927246,10.671560287475586,1.5700000524520874,-0.39613068103790283,1.5700000524520874,-1.2603216171264648,3.316878080368042,10.636938095092773,0.7386168327722444,0.3018115024112449,-0.021954958314470474,0.2711517787175932,0.014689479090187696,0.5341934912823554
330,6.5999999999998815,0.24309320747852325,0.14594966173171997,0.260911226272583,-0.4973980188369751,-0.449958860874176,1.0843439102172852,0.48032087087631226,0.2920134365558624,-0.827055037021637,0.0,0.0,0.0,0.27000001072883606,0.0,0.08961368352174759,-0.339412659406662,0.5967929363250732,1.4281072616577148,0.6708667278289795,0.5906257629394531,19.975177764892578,8.109342575073242,-0.04221031814813614,0.13191163539886475,0.008906967006623745,-0.14412721991539001,3.117983341217041,10.111963272094727,0.7397497892379761,1.1989856958389282,0.9217022657394409,0.5066993236541748,0.41835200786590576,1.3339450359344482,0.7513755559921265,1.147896409034729,0.9206631183624268,0.49306386709213257,0.4762515723705292,1.3839162588119507,1.5700000524520874,-0.4651294946670532,1.5700000524520874,-1.28367018699646,3.8100125789642334,11.071330070495605,1.5700000524520874,-0.41855740547180176,1.5700000524520874,-1.2758451700210571,3.147822618484497,10.464019775390625,1.0110951236723995,0.6403407624047253,-0.0116051863500779,0.804254839298121,-0.16869971056607636,0.5142697779042109
331,6.619999999999881,0.25738149881362915,0.15624655783176422,0.23882751166820526,-0.4593135416507721,-0.46497026085853577,1.1343934535980225,0.47966405749320984,0.2931269705295563,-0.8270423412322998,0.0,0.0,0.0,0.27000001072883606,0.0,0.08955864608287811,-0.3406141400337219,0.5978304147720337,1.4310290813446045,0.6708468198776245,0.591167688369751,20.041969299316406,8.319334983825684,-0.06992613524198532,0.14421281218528748,0.005595505237579346,-0.004979160148650408,3.3263494968414307,10.367365837097168,0.7513755559921265,1.147896409034729,0.9206631183624268,0.49306386709213257,0.4762515723705292,1.3839162588119507,0.7413269877433777,1.1678534746170044,0.9125498533248901,0.49897968769073486,0.47566550970077515,1.3968989849090576,1.5700000524520874,-0.440183162689209,1.5700000524520874,-1.276275396347046,3.805324077606201,11.175191879272461,1.5700000524520874,-0.4012678861618042,1.5700000524520874,-1.2666258811950684,3.346816062927246,10.671560287475586,0.6534056864349456,0.7340925870216717,0.010177805314622645,0.5325273154356243,-0.11924499284240575,0.011876684330328402
332,6.639999999999881,0.2287306785583496,0.12954363226890564,0.28681817650794983,-0.4488152265548706,-0.28870445489883423,1.1607599258422852,0.480488657951355,0.2929500341415405,-0.8266262412071228,0.0,0.0,0.0,0.27000001072883606,0.0,0.08994583040475845,-0.3405824899673462,0.5992319583892822,1.4273921251296997,0.6707639694213867,0.5878947973251343,20.11812973022461,8.536643981933594,0.203628808259964,-0.05069304257631302,-0.008494245819747448,0.03606124594807625,3.780683755874634,11.000205039978027,0.7413269877433777,1.1678534746170044,0.9125498533248901,0.49897968769073486,0.47566550970077515,1.3968989849090576,0.7342449426651001,1.1968249082565308,0.9115395545959473,0.5147472620010376,0.44131943583488464,1.3659861087799072,1.5700000524520874,-0.40396881103515625,1.5700000524520874,-1.2565659284591675,3.530555486679077,10.927888870239258,1.5700000524520874,-0.4651294946670532,1.5700000524520874,-1.28367018699646,3.8100125789642334,11.071330070495605,0.9185597304906103,0.6753931747500994,-0.008876893155154164,1.076410634176142,-0.08334653195877806,0.6952146848493683
333,6.65999999999988,0.33897265791893005,0.2138209342956543,0.19771869480609894,-1.07780921459198,-0.18549048900604248,1.0035372972488403,0.4790774881839752,0.29576805233955383,-0.826441764831543,0.0,0.0,0.0,0.27000001072883606,0.0,0.08966705948114395,-0.34367871284484863,0.6001769304275513,1.4267730712890625,0.6708122491836548,0.5878920555114746,20.194189071655273,8.756587028503418,-0.0002963553124573082,-0.22849473357200623,-0.002762164454907179,-0.09899657964706421,3.8314785957336426,11.156522750854492,0.7342449426651001,1.1968249082565308,0.9115395545959473,0.5147472620010376,0.44131943583488464,1.3659861087799072,0.735708475112915,1.2415359020233154,0.9133726358413696,0.5217868089675903,0.38957104086875916,1.3189187049865723,1.5700000524520874,-0.348080039024353,1.5700000524520874,-1.2477664947509766,3.1165683269500732,10.551349639892578,1.5700000524520874,-0.440183162689209,1.5700000524520874,-1.276275396347046,3.805324077606201,11.175191879272461,0.8234857212253957,0.3507510376396965,-0.03867479051532818,0.4173681610541351,0.02663303049947352,0.6545925791564997
334,6.67999999999988,0.26804137229919434,0.14865581691265106,0.2487325668334961,-0.5577647089958191,-0.17929445207118988,1.1839982271194458,0.4811533987522125,0.29427236318588257,-0.8257694840431213,0.0,0.0,0.0,0.27000001072883606,0.0,0.08945796638727188,-0.3423306941986084,0.5998140573501587,1.427673101425171,0.6708022356033325,0.588613748550415,20.2648983001709,8.971949577331543,-0.047546304762363434,-0.08038225769996643,-0.007048158906400204,0.05403650179505348,3.5702805519104004,10.902565956115723,0.735708475112915,1.2415359020233154,0.9133726358413696,0.5217868089675903,0.38957104086875916,1.3189187049865723,0.7275556921958923,1.207654595375061,0.8979076743125916,0.5101518630981445,0.40141019225120544,1.327003002166748,1.5700000524520874,-0.3904317617416382,1.5700000524520874,-1.2623101472854614,3.2112815380096436,10.616024017333984,1.5700000524520874,-0.40396881103515625,1.5700000524520874,-1.2565659284591675,3.530555486679077,10.927888870239258,1.0746117736220597,1.0045604524692022,-0.016163920213010385,0.9630462160476956,-0.15892709738568467,0.579830122996654
335,6.699999999999879,0.30148687958717346,0.17481175065040588,0.1739734411239624,-0.9236332178115845,-0.6800193190574646,1.0274851322174072,0.4771217405796051,0.2944048047065735,-0.8280583620071411,0.0,0.0,0.0,0.27000001072883606,0.0,0.08972533047199249,-0.34159839153289795,0.5999900102615356,1.436549425125122,0.670897364616394,0.5940357446670532,20.32704734802246,9.180228233337402,-0.11063786596059799,0.3896532654762268,0.013772008940577507,0.19424165785312653,3.1128058433532715,10.267914772033691,0.7275556921958923,1.207654595375061,0.8979076743125916,0.5101518630981445,0.40141019225120544,1.327003002166748,0.7796272039413452,1.1880335807800293,0.9402232766151428,0.49720385670661926,0.4667416512966156,1.3752379417419434,1.5700000524520874,-0.41495800018310547,1.5700000524520874,-1.2784950733184814,3.733933210372925,11.001903533935547,1.5700000524520874,-0.348080039024353,1.5700000524520874,-1.2477664947509766,3.1165683269500732,10.551349639892578,0.38082242323323356,0.18107352086477135,-0.0077750038827488765,-0.06077641989336513,0.056984954239699626,0.06120966324931132
336,6.719999999999879,0.17948386073112488,0.0934210866689682,0.2394982874393463,-0.3895520269870758,-0.7902438044548035,1.2071110010147095,0.4763871431350708,0.29500773549079895,-0.8282666802406311,0.0,0.0,0.0,0.27000001072883606,0.0,0.09013650566339493,-0.34216514229774475,0.6000291109085083,1.4376628398895264,0.6707656383514404,0.5944844484329224,20.39199447631836,9.391183853149414,0.19217316806316376,0.2665322721004486,-0.01236498262733221,0.25489985942840576,3.180551528930664,10.623517036437988,0.7796272039413452,1.1880335807800293,0.9402232766151428,0.49720385670661926,0.4667416512966156,1.3752379417419434,0.7937623262405396,1.1489163637161255,0.9462697505950928,0.49010053277015686,0.5447657108306885,1.4508715867996216,1.5700000524520874,-0.4638545513153076,1.5700000524520874,-1.2873742580413818,4.358125686645508,11.606972694396973,1.5700000524520874,-0.3904317617416382,1.5700000524520874,-1.2623101472854614,3.2112815380096436,10.616024017333984,0.6455317696876257,0.6717002245425521,0.016361231271940113,0.2183659289788853,-0.05196010291739839,-0.033288043723398886
337,6.7399999999998785,0.2845665514469147,0.1753402203321457,0.16608896851539612,-0.8127342462539673,-0.3210640549659729,1.0817034244537354,0.47431889176368713,0.2974555790424347,-0.8285781741142273,0.0,0.0,0.0,0.27000001072883606,0.0,0.09010970592498779,-0.3446657657623291,0.6010663509368896,1.4387702941894531,0.670901894569397,0.5948721170425415,20.4639892578125,9.606583595275879,0.3133338689804077,0.1212039440870285,-0.008097654208540916,0.13402745127677917,3.5232861042022705,10.974200248718262,0.7937623262405396,1.1489163637161255,0.9462697505950928,0.49010053277015686,0.5447657108306885,1.4508715867996216,0.7877561450004578,1.2442517280578613,0.9518786668777466,0.5233020186424255,0.40116792917251587,1.3220781087875366,1.5700000524520874,-0.34468531608581543,1.5700000524520874,-1.2458724975585938,3.209343433380127,10.576624870300293,1.5700000524520874,-0.41495800018310547,1.5700000524520874,-1.2784950733184814,3.733933210372925,11.001903533935547,0.29451339366338836,0.27834377009437006,-0.01436940381022822,0.08956814316208472,0.4474715837434582,0.1559532242048327
338,6.759999999999878,0.261864572763443,0.13491594791412354,0.21443471312522888,-0.6189662218093872,-0.397011399269104,1.1779091358184814,0.47867387533187866,0.294744074344635,-0.8270412683486938,0.0,0.0,0.0,0.27000001072883606,0.0,0.08998425304889679,-0.342350572347641,0.6027138233184814,1.4339755773544312,0.6707345247268677,0.5905318260192871,20.5504207611084,9.833846092224121,0.2761557698249817,-0.028269238770008087,-0.01401558704674244,0.10348480194807053,4.341445446014404,11.592292785644531,0.7877561450004578,1.2442517280578613,0.9518786668777466,0.5233020186424255,0.40116792917251587,1.3220781087875366,0.7559778094291687,1.2351676225662231,0.926662266254425,0.5286265015602112,0.4256837069988251,1.3581180572509766,1.5700000524520874,-0.35604047775268555,1.5700000524520874,-1.2392168045043945,3.4054696559906006,10.864944458007812,1.5700000524520874,-0.4638545513153076,1.5700000524520874,-1.2873742580413818,4.358125686645508,11.606972694396973,0.3244480644222172,0.20680579776900032,0.013702181587973428,0.23343882963345308,0.0791606500026738,0.1632599002114823
339,6.779999999999878,0.2226264476776123,0.10844866186380386,0.23546649515628815,-0.5369217991828918,-0.2592350244522095,1.2432130575180054,0.4790138304233551,0.29346925020217896,-0.8272977471351624,0.0,0.0,0.0,0.27000001072883606,0.0,0.08961498737335205,-0.3408844769001007,0.5990922451019287,1.4388781785964966,0.6709326505661011,0.5927233695983887,20.616405487060547,10.041638374328613,-0.25876423716545105,0.28957128524780273,0.022362228482961655,0.187000572681427,3.1638286113739014,10.294400215148926,0.7559778094291687,1.2351676225662231,0.926662266254425,0.5286265015602112,0.4256837069988251,1.3581180572509766,0.77728271484375,1.1844732761383057,0.9225395917892456,0.4972813129425049,0.4304918646812439,1.3419923782348633,1.5700000524520874,-0.4194084405899048,1.5700000524520874,-1.2783982753753662,3.443934917449951,10.735939025878906,1.5700000524520874,-0.34468531608581543,1.5700000524520874,-1.2458724975585938,3.209343433380127,10.576624870300293,1.4871376873485378,1.1100767933832723,-0.046246254341575366,0.7446889244856933,-0.09503940622605,0.6556984132425079
340,6.799999999999877,0.17507410049438477,0.09311703592538834,0.2039874792098999,-0.5729286670684814,-0.8968140482902527,1.209411382675171,0.47545838356018066,0.29645127058029175,-0.8282849788665771,0.0,0.0,0.0,0.27000001072883606,0.0,0.09008972346782684,-0.34370389580726624,0.6007851362228394,1.4440948963165283,0.6707733869552612,0.598488450050354,20.684511184692383,10.25897216796875,0.17674891650676727,0.4027196168899536,-0.012417086400091648,0.36538878083229065,3.373857021331787,10.877008438110352,0.77728271484375,1.1844732761383057,0.9225395917892456,0.4972813129425049,0.4304918646812439,1.3419923782348633,0.8160633444786072,1.1643280982971191,0.9547096490859985,0.4930957555770874,0.5409502983093262,1.4517436027526855,1.5700000524520874,-0.44458985328674316,1.5700000524520874,-1.2836302518844604,4.327602386474609,11.613948822021484,1.5700000524520874,-0.35604047775268555,1.5700000524520874,-1.2392168045043945,3.4054696559906006,10.864944458007812,0.6610670126008547,0.7269775514432721,0.017640343829185667,0.17181429693677508,-0.07481895407203787,-0.0658339265049186
341,6.819999999999877,0.2031114399433136,0.12036262452602386,0.17457924783229828,-0.6198753118515015,-0.3575223684310913,1.190812587738037,0.4742600917816162,0.297890841960907,-0.8284554481506348,0.0,0.0,0.0,0.27000001072883606,0.0,0.08991334587335587,-0.34517818689346313,0.5997700691223145,1.4424042701721191,0.6708838939666748,0.597274661064148,20.75301742553711,10.469889640808105,0.05654432624578476,-0.1276082843542099,-0.011823531240224838,-0.0047491081058979034,3.4719040393829346,10.755770683288574,0.8160633444786072,1.1643280982971191,0.9547096490859985,0.4930957555770874,0.5409502983093262,1.4517436027526855,0.8131359219551086,1.1912403106689453,0.9526988863945007,0.504425048828125,0.49345770478248596,1.4023109674453735,1.5700000524520874,-0.41094958782196045,1.5700000524520874,-1.2694686651229858,3.9476616382598877,11.218487739562988,1.5700000524520874,-0.4194084405899048,1.5700000524520874,-1.2783982753753662,3.443934917449951,10.735939025878906,0.6623609188612551,0.740044600648293,-0.0032817685472519287,0.44154020077952083,-0.06336729051063994,0.057702034542046476
342,6.839999999999876,0.25874656438827515,0.15848131477832794,0.16386932134628296,-0.9019942283630371,0.013584037311375141,1.1374444961547852,0.47505518794059753,0.29700934886932373,-0.8283163905143738,0.0,0.0,0.0,0.27000001072883606,0.0,0.08985491096973419,-0.34428900480270386,0.6005654335021973,1.439301609992981,0.6708669662475586,0.5941120386123657,20.837717056274414,10.696298599243164,0.028425045311450958,-0.28281649947166443,-0.00976710207760334,-0.12635110318660736,4.372567176818848,11.571592330932617,0.8131359219551086,1.1912403106689453,0.9526988863945007,0.504425048828125,0.49345770478248596,1.4023109674453735,0.7759284377098083,1.258324146270752,0.9256421327590942,0.5334604978561401,0.3829985558986664,1.3178051710128784,1.5700000524520874,-0.32709479331970215,1.5700000524520874,-1.2331743240356445,3.063988447189331,10.542441368103027,1.5700000524520874,-0.44458985328674316,1.5700000524520874,-1.2836302518844604,4.327602386474609,11.613948822021484,0.8562569926742931,0.40095784386274413,-0.03505114949446231,0.7191789159421695,0.1025525902057236,0.9328088435981776
343,6.859999999999876,0.17810507118701935,0.09090651571750641,0.18722112476825714,-0.5921550989151001,-0.31000763177871704,1.2060765027999878,0.474926620721817,0.29666927456855774,-0.8285119533538818,0.0,0.0,0.0,0.27000001072883606,0.0,0.0899922251701355,-0.3438502252101898,0.6008585691452026,1.4393813610076904,0.6707891225814819,0.5954116582870483,20.91702651977539,10.919017791748047,0.08845341205596924,0.10406817495822906,0.0002493448555469513,0.16221457719802856,3.9040884971618652,11.16729736328125,0.7759284377098083,1.258324146270752,0.9256421327590942,0.5334604978561401,0.3829985558986664,1.3178051710128784,0.7950636148452759,1.2100187540054321,0.9365519285202026,0.5161116719245911,0.42993393540382385,1.3485792875289917,1.5700000524520874,-0.3874765634536743,1.5700000524520874,-1.2548604011535645,3.439471483230591,10.788634300231934,1.5700000524520874,-0.41094958782196045,1.5700000524520874,-1.2694686651229858,3.9476616382598877,11.218487739562988,1.2810987885318585,0.849542181971433,-0.030353159873895308,0.6668970739974363,-0.07484332464656074,0.7324079831481995
344,6.8799999999998755,0.23005497455596924,0.12860989570617676,0.10056468844413757,-0.8843554854393005,-0.6908450126647949,1.0675902366638184,0.4721071124076843,0.2992400825023651,-0.8291985392570496,0.0,0.0,0.0,0.27000001072883606,0.0,0.08975517749786377,-0.34633323550224304,0.600582480430603,1.4479248523712158,0.670844554901123,0.5989066362380981,20.978893280029297,11.126805305480957,-0.24714462459087372,0.18894831836223602,0.008113420568406582,-0.0021564147900789976,3.1397016048431396,10.219632148742676,0.7950636148452759,1.2100187540054321,0.9365519285202026,0.5161116719245911,0.42993393540382385,1.3485792875289917,0.847863495349884,1.1635662317276,0.9706423282623291,0.48828861117362976,0.5297537446022034,1.4270480871200562,1.5700000524520874,-0.44554221630096436,1.5700000524520874,-1.2896392345428467,4.238029956817627,11.41638469696045,1.5700000524520874,-0.32709479331970215,1.5700000524520874,-1.2331743240356445,3.063988447189331,10.542441368103027,0.17212998520452416,0.06995578094633093,0.010334911574878092,-0.07022738238238624,0.031252678872077944,0.0016942907170154342
345,6.899999999999875,0.1451052576303482,0.06974413245916367,0.1691298484802246,-0.49973171949386597,-0.30178967118263245,1.1608455181121826,0.47083598375320435,0.2981533408164978,-0.8303120136260986,0.0,0.0,0.0,0.27000001072883606,0.0,0.0903833881020546,-0.3447461426258087,0.6009174585342407,1.4496304988861084,0.6708283424377441,0.5999579429626465,21.04716682434082,11.33977222442627,0.18148952722549438,0.22937370836734772,-0.002348805544897914,0.1559651643037796,3.402104616165161,10.713553428649902,0.847863495349884,1.1635662317276,0.9706423282623291,0.48828861117362976,0.5297537446022034,1.4270480871200562,0.8483068346977234,1.1980030536651611,0.976667046546936,0.5119714736938477,0.44965359568595886,1.3535922765731812,1.5700000524520874,-0.40249621868133545,1.5700000524520874,-1.2600356340408325,3.597228765487671,10.82873821258545,1.5700000524520874,-0.3874765634536743,1.5700000524520874,-1.2548604011535645,3.439471483230591,10.788634300231934,1.0225867304472303,0.3985407213706953,-0.03527379889176707,0.8150057519781999,0.14875485140114542,0.8981442601510317
346,6.919999999999875,0.16571061313152313,0.09292789548635483,0.10811980813741684,-0.733811616897583,-0.45621445775032043,1.0802013874053955,0.47095343470573425,0.3019077181816101,-0.8288875818252563,0.0,0.0,0.0,0.27000001072883606,0.0,0.08994714170694351,-0.34929731488227844,0.6029589176177979,1.4460780620574951,0.6707288026809692,0.5981547832489014,21.13066864013672,11.565412521362305,0.17965678870677948,-0.1904158592224121,-0.0139759611338377,-0.07789339125156403,4.069161891937256,11.41807746887207,0.8483068346977234,1.1980030536651611,0.976667046546936,0.5119714736938477,0.44965359568595886,1.3535922765731812,0.8375570178031921,1.2041637897491455,0.9676317572593689,0.5183053612709045,0.494145005941391,1.4093422889709473,1.5700000524520874,-0.394795298576355,1.5700000524520874,-1.2521183490753174,3.953160047531128,11.274738311767578,1.5700000524520874,-0.44554221630096436,1.5700000524520874,-1.2896392345428467,4.238029956817627,11.41638469696045,0.4735990500214857,0.6362831501947124,0.020581924322682355,0.2988671484635308,-0.116406265241217,-0.050327495054691695
347,6.939999999999874,0.16971176862716675,0.08479975163936615,0.13485489785671234,-0.7057852745056152,-0.15288832783699036,1.0866730213165283,0.47280773520469666,0.29841306805610657,-0.8290973901748657,0.0,0.0,0.0,0.27000001072883606,0.0,0.09027355164289474,-0.34548938274383545,0.6015081405639648,1.446233868598938,0.6708725690841675,0.5988531112670898,21.202774047851562,11.777942657470703,0.13312813639640808,0.14412596821784973,0.0012658564373850822,0.207190603017807,3.5611512660980225,10.778838157653809,0.8375570178031921,1.2041637897491455,0.9676317572593689,0.5183053612709045,0.494145005941391,1.4093422889709473,0.8516629338264465,1.2262052297592163,0.9831920862197876,0.5214254260063171,0.4060125946998596,1.3073651790618896,1.5700000524520874,-0.3672434091567993,1.5700000524520874,-1.2482181787490845,3.248100757598877,10.458921432495117,1.5700000524520874,-0.40249621868133545,1.5700000524520874,-1.2600356340408325,3.597228765487671,10.82873821258545,1.0925670496845719,0.490618064248042,-0.04439627152258829,0.415807264162936,0.042178905031818203,0.7702227155839623
348,6.959999999999874,0.1258539855480194,0.06570480763912201,0.1302693635225296,-0.6759114861488342,-0.2947080731391907,1.085464358329773,0.47110000252723694,0.299702525138855,-0.8296042084693909,0.0,0.0,0.0,0.27000001072883606,0.0,0.0901864692568779,-0.3466702401638031,0.6010631322860718,1.4459370374679565,0.670854926109314,0.6002070903778076,21.280994415283203,12.000737190246582,0.06953215599060059,0.06779250502586365,0.003128251526504755,0.10344178974628448,3.7545671463012695,11.200618743896484,0.8516629338264465,1.2262052297592163,0.9831920862197876,0.5214254260063171,0.4060125946998596,1.3073651790618896,0.8486204147338867,1.2032755613327026,0.9701424837112427,0.5165582299232483,0.4436097741127014,1.353865146636963,1.5700000524520874,-0.3959054946899414,1.5700000524520874,-1.2543022632598877,3.5488781929016113,10.830921173095703,1.5700000524520874,-0.394795298576355,1.5700000524520874,-1.2521183490753174,3.953160047531128,11.274738311767578,1.362659747429463,0.8010732038013533,-0.04159007922877578,0.6766138624463469,-0.03695385736947454,0.8882479799184999
349,6.979999999999873,0.14603842794895172,0.0741734504699707,0.08580796420574188,-0.6267284750938416,-0.3375062048435211,1.0490776300430298,0.4715254306793213,0.2991675138473511,-0.8295556306838989,0.0,0.0,0.0,0.27000001072883606,0.0,0.08980434387922287,-0.34611839056015015,0.6013089418411255,1.4497079849243164,0.6708543300628662,0.603419303894043,21.346473693847656,12.208466529846191,0.04283417761325836,0.10654459148645401,-0.009664383716881275,0.16003675758838654,3.2717690467834473,10.482821464538574,0.8486204147338867,1.2032755613327026,0.9701424837112427,0.5165582299232483,0.4436097741127014,1.353865146636963,0.8776107430458069,1.192655086517334,0.9966977834701538,0.5074065923690796,0.4548780024051666,1.3463058471679688,1.5700000524520874,-0.4091811180114746,1.5700000524520874,-1.2657417058944702,3.639024019241333,10.77044677734375,1.5700000524520874,-0.3672434091567993,1.5700000524520874,-1.2482181787490845,3.248100757598877,10.458921432495117,0.7032282263579415,0.7011297545652511,-0.005229780379146121,0.28144609536036214,-0.07560231358585057,0.04712057000829972
350,6.999999999999873,0.10597123205661774,0.04134290665388107,0.09135891497135162,-0.3482253849506378,-0.5022720694541931,1.0624586343765259,0.4706050157546997,0.29850783944129944,-0.8303155899047852,0.0,0.0,0.0,0.27000001072883606,0.0,0.09009859710931778,-0.34512290358543396,0.6016534566879272,1.450080394744873,0.670802116394043,0.6047327518463135,21.416378021240234,12.422493934631348,0.19235415756702423,0.10290797054767609,-0.013387561775743961,0.1540490835905075,3.5375049114227295,10.844012260437012,0.8776107430458069,1.192655086517334,0.9966977834701538,0.5074065923690796,0.4548780024051666,1.3463058471679688,0.8792882561683655,1.1787670850753784,1.0035009384155273,0.5095509886741638,0.4979014992713928,1.3928987979888916,1.5700000524520874,-0.4265410900115967,1.5700000524520874,-1.263061285018921,3.9832119941711426,11.143190383911133,1.5700000524520874,-0.3959054946899414,1.5700000524520874,-1.2543022632598877,3.5488781929016113,10.830921173095703,0.33790375907841685,0.29578639485481784,0.006305846700126239,0.1519123581753874,0.36015271268385174,0.025568939738025875
351,7.019999999999873,0.10751961916685104,0.06413982808589935,0.10182511061429977,-0.7992197871208191,-0.27532827854156494,0.950924813747406,0.4729327857494354,0.29918861389160156,-0.828746497631073,0.0,0.0,0.0,0.27000001072883606,0.0,0.09014897793531418,-0.3464524447917938,0.5997222661972046,1.4482847452163696,0.6709216833114624,0.6037893295288086,21.4891357421875,12.633295059204102,0.08812199532985687,-0.043568629771471024,-0.009426884353160858,0.10709170997142792,3.644305467605591,10.785778999328613,0.8792882561683655,1.1787670850753784,1.0035009384155273,0.5095509886741638,0.4979014992713928,1.3928987979888916,0.9003196358680725,1.1985578536987305,1.017918348312378,0.517409086227417,0.4763116240501404,1.363608479499817,1.5700000524520874,-0.401802659034729,1.5700000524520874,-1.2532386779785156,3.810492992401123,10.908867835998535,1.5700000524520874,-0.4091811180114746,1.5700000524520874,-1.2657417058944702,3.639024019241333,10.77044677734375,0.7091864701042301,0.6350118547745423,-0.008954367232719918,0.2311057871223845,-0.0008134350474771068,0.08663207878014134
352,7.039999999999872,0.09358250349760056,0.02424074336886406,0.04510628432035446,-0.11431097239255905,-0.6099920272827148,1.0732464790344238,0.46878018975257874,0.298507422208786,-0.8313473463058472,0.0,0.0,0.0,0.27000001072883606,0.0,0.09021176397800446,-0.3447272777557373,0.6023709774017334,1.4471932649612427,0.6707799434661865,0.6034005880355835,21.566539764404297,12.852901458740234,-0.06030717119574547,-0.057341475039720535,0.014319388195872307,-0.4007096588611603,3.827535390853882,10.525105476379395,0.9003196358680725,1.1985578536987305,1.017918348312378,0.517409086227417,0.4763116240501404,1.363608479499817,0.8879439234733582,1.1319549083709717,1.0065759420394897,0.4989839792251587,0.5824825763702393,1.4710944890975952,1.5700000524520874,-0.4850562810897827,1.5700000524520874,-1.2762700319290161,4.659860610961914,11.768755912780762,1.5700000524520874,-0.4265410900115967,1.5700000524520874,-1.263061285018921,3.9832119941711426,11.143190383911133,0.09706302609856898,0.2744390290467811,0.01884556499239487,0.12024863383010143,0.5440606099583896,0.030586902975677788
353,7.059999999999872,0.14401020109653473,0.062289729714393616,0.05675199627876282,-0.5863682627677917,-0.17884214222431183,0.9778773784637451,0.47459834814071655,0.29920169711112976,-0.8277890682220459,0.0,0.0,0.0,0.27000001072883606,0.0,0.08950546383857727,-0.34683579206466675,0.6037927865982056,1.4481093883514404,0.6707445383071899,0.6039853096008301,21.642885208129883,13.06835651397705,0.1014198362827301,-0.018699679523706436,-0.01486403588205576,0.10777832567691803,3.8456356525421143,10.93342399597168,0.8879439234733582,1.1319549083709717,1.0065759420394897,0.4989839792251587,0.5824825763702393,1.4710944890975952,0.886695384979248,1.2289950847625732,1.0179144144058228,0.5276134610176086,0.4465002119541168,1.3428542613983154,1.5700000524520874,-0.36375606060028076,1.5700000524520874,-1.2404831647872925,3.5720016956329346,10.742834091186523,1.5700000524520874,-0.401802659034729,1.5700000524520874,-1.2532386779785156,3.810492992401123,10.908867835998535,0.40943374921130804,0.5364953388612701,0.015828259984091986,0.27217622318110557,-0.09829183331963165,-0.03014280364110178
354,7.079999999999871,0.1034504771232605,0.03169587254524231,0.0715862512588501,-0.45865175127983093,0.04171415790915489,1.0118542909622192,0.47540900111198425,0.2948724627494812,-0.8288766741752625,0.0,0.0,0.0,0.27000001072883606,0.0,0.08920558542013168,-0.3417876362800598,0.6017735004425049,1.4392403364181519,0.670905590057373,0.6006455421447754,21.735797882080078,13.29771900177002,-0.4057329297065735,-0.5645516514778137,0.03648243099451065,-0.3033721446990967,4.656277656555176,11.259310722351074,0.886695384979248,1.2289950847625732,1.0179144144058228,0.5276134610176086,0.4465002119541168,1.3428542613983154,0.8364508152008057,1.19547700881958,0.9678128361701965,0.5252195000648499,0.48116686940193176,1.3882451057434082,1.5700000524520874,-0.405653715133667,1.5700000524520874,-1.2434756755828857,3.849334955215454,11.105960845947266,1.5700000524520874,-0.4850562810897827,1.5700000524520874,-1.2762700319290161,4.659860610961914,11.768755912780762,1.376556056276998,0.7381220405623505,-0.06971914331376539,0.9281888743014317,-0.02661832583136814,1.194356030068846
355,7.099999999999871,0.06328693777322769,0.04363382235169411,0.0798620730638504,-0.7257506847381592,-0.7519091963768005,0.9759348034858704,0.4750427007675171,0.2985905110836029,-0.8277548551559448,0.0,0.0,0.0,0.27000001072883606,0.0,0.08967744559049606,-0.346195787191391,0.6011471748352051,1.4427495002746582,0.6708922386169434,0.6065225601196289,21.80841064453125,13.51350212097168,0.060993269085884094,0.25803446769714355,-0.009780939668416977,0.309879869222641,3.586435079574585,10.774160385131836,0.8364508152008057,1.19547700881958,0.9678128361701965,0.5252195000648499,0.48116686940193176,1.3882451057434082,0.9322492480278015,1.1652989387512207,1.0460636615753174,0.5013387203216553,0.5664798021316528,1.442280650138855,1.5700000524520874,-0.4433763027191162,1.5700000524520874,-1.2733266353607178,4.531838417053223,11.53824520111084,1.5700000524520874,-0.36375606060028076,1.5700000524520874,-1.2404831647872925,3.5720016956329346,10.742834091186523,0.6419474373611873,0.48098552542493334,0.003204801396627488,-0.10156822177229863,-0.022758561571469826,-0.06802491036213354
356,7.11999999999987,0.11421548575162888,0.0319536067545414,0.07469216734170914,-0.1725643128156662,0.06262871623039246,1.0471991300582886,0.4722325801849365,0.2916731536388397,-0.8318191766738892,0.0,0.0,0.0,0.27000001072883606,0.0,0.08973962813615799,-0.3372492492198944,0.6010565757751465,1.4437330961227417,0.67100989818573,0.6061283349990845,21.88250160217285,13.728981971740723,-0.3170296549797058,-0.03408059477806091,0.028369946405291557,-0.1636582612991333,3.816054105758667,10.523568153381348,0.9322492480278015,1.1652989387512207,1.0460636615753174,0.5013387203216553,0.5664798021316528,1.442280650138855,0.8801957964897156,1.1949864625930786,1.0116479396820068,0.5166070461273193,0.4508381187915802,1.340894103050232,1.5700000524520874,-0.4062669277191162,1.5700000524520874,-1.2542412281036377,3.6067049503326416,10.727152824401855,1.5700000524520874,-0.405653715133667,1.5700000524520874,-1.2434756755828857,3.849334955215454,11.105960845947266,1.228006209042885,0.5780734229198137,-0.05002887370388187,1.0322040609293008,0.04867674852100112,1.327101287534223
357,7.13999999999987,0.11233219504356384,0.06488612294197083,0.0881204903125763,-0.801206111907959,-0.1282641589641571,0.8780257105827332,0.4800281822681427,0.29713523387908936,-0.8253990411758423,0.0,0.0,0.0,0.27000001072883606,0.0,0.08933860063552856,-0.34554654359817505,0.600698709487915,1.4391672611236572,0.6709722280502319,0.605554461479187,21.97272300720215,13.957365989685059,0.08716031163930893,-0.18179287016391754,-0.016195550560951233,0.053468525409698486,4.546395301818848,11.56474494934082,0.8801957964897156,1.1949864625930786,1.0116479396820068,0.5166070461273193,0.4508381187915802,1.340894103050232,0.89798504114151,1.2392373085021973,1.027626872062683,0.5394946932792664,0.4409584701061249,1.3366708755493164,1.5700000524520874,-0.3509533405303955,1.5700000524520874,-1.225631594657898,3.527667760848999,10.693367004394531,1.5700000524520874,-0.4433763027191162,1.5700000524520874,-1.2733266353607178,4.531838417053223,11.53824520111084,0.5959105557124431,0.6249109283024019,0.013532623447595427,0.159157328894592,-0.029645992455492376,-0.03659754247704328
358,7.15999999999987,0.06352391093969345,0.024495355784893036,0.04426579549908638,-0.38229504227638245,-0.7567862868309021,0.9722208380699158,0.476690411567688,0.29711398482322693,-0.8273388147354126,0.0,0.0,0.0,0.27000001072883606,0.0,0.08940069377422333,-0.3447763919830322,0.6026691198348999,1.4405419826507568,0.6706877946853638,0.6093257665634155,22.04594612121582,14.173078536987305,0.11514448374509811,0.08346141874790192,-0.012065603397786617,0.1843167245388031,3.62693452835083,10.751728057861328,0.89798504114151,1.2392373085021973,1.027626872062683,0.5394946932792664,0.4409584701061249,1.3366708755493164,0.9467124938964844,1.1568396091461182,1.0687768459320068,0.5008705854415894,0.5795403718948364,1.4450626373291016,1.5700000524520874,-0.45395052433013916,1.5700000524520874,-1.273911714553833,4.636322975158691,11.560501098632812,1.5700000524520874,-0.4062669277191162,1.5700000524520874,-1.2542412281036377,3.6067049503326416,10.727152824401855,0.46100688195644857,0.3861343623966773,0.01992750602117077,-0.001430126802196341,-0.0440662022314271,-0.05601030271290952
359,7.179999999999869,0.09664352983236313,0.04967842996120453,0.10926500707864761,-0.5226321816444397,0.04790078103542328,0.9257383346557617,0.47374457120895386,0.29277467727661133,-0.8305715322494507,0.0,0.0,0.0,0.27000001072883606,0.0,0.08957449346780777,-0.33889833092689514,0.5973252058029175,1.4441944360733032,0.671173095703125,0.608832597732544,22.115079879760742,14.378387451171875,-0.40643802285194397,0.09754824638366699,0.031949277967214584,0.029016626998782158,3.512639045715332,10.292967796325684,0.9467124938964844,1.1568396091461182,1.0687768459320068,0.5008705854415894,0.5795403718948364,1.4450626373291016,0.9332951903343201,1.1919125318527222,1.0529553890228271,0.5121448040008545,0.46027180552482605,1.3329498767852783,1.5700000524520874,-0.410109281539917,1.5700000524520874,-1.2598190307617188,3.6821744441986084,10.663599014282227,1.5700000524520874,-0.3509533405303955,1.5700000524520874,-1.225631594657898,3.527667760848999,10.693367004394531,1.6208667465070548,0.8255787732024089,-0.09100804147063357,0.9579781391747488,0.07310856125089238,1.205729005573378
360,7.199999999999869,0.09842879325151443,0.0467778816819191,0.07538200914859772,-0.4078781306743622,-0.2536102831363678,0.8254492282867432,0.47554537653923035,0.29746511578559875,-0.8278714418411255,0.0,0.0,0.0,0.27000001072883606,0.0,0.08981035649776459,-0.3449473977088928,0.6005649566650391,1.4406242370605469,0.6709655523300171,0.6094138622283936,22.205141067504883,14.607500076293945,0.20301924645900726,-0.1571863442659378,-0.020005619153380394,0.011670716106891632,4.621888637542725,11.572566986083984,0.9332951903343201,1.1919125318527222,1.0529553890228271,0.5121448040008545,0.46027180552482605,1.3329498767852783,0.9186550378799438,1.2238399982452393,1.059552550315857,0.5394165515899658,0.4749009311199188,1.363383173942566,1.5700000524520874,-0.3702000379562378,1.5700000524520874,-1.22572922706604,3.7992074489593506,10.907065391540527,1.5700000524520874,-0.45395052433013916,1.5700000524520874,-1.273911714553833,4.636322975158691,11.560501098632812,0.2554925106763921,0.34317396623027285,0.01996389429709211,0.18296297456889654,0.44473916493480203,0.023877293530240706
361,7.219999999999868,0.06970491260290146,0.010122914798557758,0.00748621067032218,-0.00954637210816145,-0.6942710876464844,0.9081011414527893,0.4718865752220154,0.291558176279068,-0.8320558071136475,0.0,0.0,0.0,0.27000001072883606,0.0,0.0895184651017189,-0.3370373547077179,0.6007566452026367,1.4410465955734253,0.6708494424819946,0.6096645593643188,22.279836654663086,14.818547248840332,-0.45341166853904724,-0.13328322768211365,0.03059982694685459,-0.3109045624732971,3.7012434005737305,10.011802673339844,0.9186550378799438,1.2238399982452393,1.059552550315857,0.5394165515899658,0.4749009311199188,1.363383173942566,0.9496620297431946,1.1024802923202515,1.0714447498321533,0.48486942052841187,0.6506211757659912,1.5032309293746948,1.5700000524520874,-0.5218995809555054,1.5700000524520874,-1.2939131259918213,5.20496940612793,12.025847434997559,1.5700000524520874,-0.410109281539917,1.5700000524520874,-1.2598190307617188,3.6821744441986084,10.663599014282227,0.32154912920208467,0.3417423757785505,0.026245970690323972,0.07679462654743396,-0.039012973298704345,-0.04727889904819804
362,7.239999999999868,0.1051059439778328,0.04956287890672684,0.06216660514473915,-0.4455803334712982,-0.2753652334213257,0.7200537323951721,0.4744703769683838,0.2939520478248596,-0.8297409415245056,0.0,0.0,0.0,0.27000001072883606,0.0,0.08937346935272217,-0.3404734432697296,0.5995327234268188,1.4438267946243286,0.6710188388824463,0.6123752593994141,22.353517532348633,15.032991409301758,0.17979209125041962,0.21089287102222443,-0.012256528250873089,0.2177223116159439,3.6499550342559814,10.90748119354248,0.9496620297431946,1.1024802923202515,1.0714447498321533,0.48486942052841187,0.6506211757659912,1.5032309293746948,0.9664989113807678,1.224000334739685,1.1077462434768677,0.5282255411148071,0.47805312275886536,1.3445864915847778,1.5700000524520874,-0.3699995279312134,1.5700000524520874,-1.2397180795669556,3.824424982070923,10.756691932678223,1.5700000524520874,-0.3702000379562378,1.5700000524520874,-1.22572922706604,3.7992074489593506,10.907065391540527,0.43164268806873096,0.5071253708436094,-0.003485064085788636,0.199774527850634,0.42440849918657975,0.024085212034439252
363,7.2599999999998674,0.10698684304952621,0.051223013550043106,0.10421132296323776,-0.6189177632331848,0.3910007178783417,0.6755655407905579,0.4792739450931549,0.29136982560157776,-0.8278889656066895,0.0,0.0,0.0,0.27000001072883606,0.0,0.08931417018175125,-0.3384048342704773,0.5992231369018555,1.4323588609695435,0.6708855628967285,0.6058419942855835,22.45393180847168,15.266183853149414,0.04242997616529465,-0.5683093070983887,-0.0036187106743454933,-0.16393379867076874,5.199698448181152,11.950421333312988,0.9664989113807678,1.224000334739685,1.1077462434768677,0.5282255411148071,0.47805312275886536,1.3445864915847778,0.905487596988678,1.2702924013137817,1.061943531036377,0.5628333687782288,0.38453367352485657,1.270546793937683,1.5700000524520874,-0.3121345043182373,1.5700000524520874,-1.196458339691162,3.0762693881988525,10.164374351501465,1.5700000524520874,-0.5218995809555054,1.5700000524520874,-1.2939131259918213,5.20496940612793,12.025847434997559,1.195887228843178,0.7677885287640134,-0.032914207027122444,0.9895847311089643,0.02719361963314526,1.0582739687083134
364,7.279999999999867,0.07244259119033813,0.036364901810884476,0.046981025487184525,-0.4712851941585541,-0.5409007668495178,0.7331520915031433,0.47819000482559204,0.2954082190990448,-0.8270842432975769,0.0,0.0,0.0,0.27000001072883606,0.0,0.08911363035440445,-0.3430464267730713,0.6010763645172119,1.4368938207626343,0.6706748008728027,0.6106842756271362,22.533405303955078,15.48366928100586,0.0893271192908287,0.21442286670207977,-0.011469501070678234,0.213905930519104,3.8481340408325195,10.785234451293945,0.905487596988678,1.2702924013137817,1.061943531036377,0.5628333687782288,0.38453367352485657,1.270546793937683,0.9787359833717346,1.1857584714889526,1.1137404441833496,0.5163834691047668,0.515300452709198,1.3697539567947388,1.5700000524520874,-0.4178018569946289,1.5700000524520874,-1.2545206546783447,4.122403621673584,10.95803165435791,1.5700000524520874,-0.3699995279312134,1.5700000524520874,-1.2397180795669556,3.824424982070923,10.756691932678223,0.5337105276902001,0.5610294575292194,0.017157340161411128,0.09098828765680622,-0.07716813483586282,-0.07547127183007518
365,7.299999999999867,0.07433774322271347,0.022928353399038315,0.06378248333930969,-0.1650964617729187,-0.12030360847711563,0.7844153046607971,0.4729723036289215,0.289041131734848,-0.8323174715042114,0.0,0.0,0.0,0.27000001072883606,0.0,0.08912797272205353,-0.3342430889606476,0.5974875688552856,1.4453165531158447,0.6710408926010132,0.6143033504486084,22.594486236572266,15.6808443069458,-0.5633300542831421,0.24264270067214966,0.04763130471110344,-0.006433574017137289,3.0742592811584473,9.548791885375977,0.9787359833717346,1.1857584714889526,1.1137404441833496,0.5163834691047668,0.515300452709198,1.3697539567947388,0.9887674450874329,1.1470670700073242,1.1113688945770264,0.4953780770301819,0.5023784637451172,1.3452626466751099,1.5700000524520874,-0.4661661386489868,1.5700000524520874,-1.2807774543762207,4.0190277099609375,10.762101173400879,1.5700000524520874,-0.3121345043182373,1.5700000524520874,-1.196458339691162,3.0762693881988525,10.164374351501465,1.6335577497750968,0.7469911568528467,-0.09367378935598047,1.0007364530917169,-0.0275377842944442,1.415727042255586
366,7.319999999999866,0.09333813935518265,0.055920250713825226,0.08073993027210236,-0.5497967600822449,-0.1286526918411255,0.5455054640769958,0.4762381315231323,0.2948898375034332,-0.82839435338974,0.0,0.0,0.0,0.27000001072883606,0.0,0.08950808644294739,-0.3419901132583618,0.597496747970581,1.443544864654541,0.6711245775222778,0.6152759790420532,22.674541473388672,15.895110130310059,0.15546348690986633,-0.053844887763261795,-0.017520491033792496,0.08664967119693756,4.110642910003662,10.97485637664795,0.9887674450874329,1.1470670700073242,1.1113688945770264,0.4953780770301819,0.5023784637451172,1.3452626466751099,0.9981959462165833,1.2233742475509644,1.1378788948059082,0.5374226570129395,0.4623470604419708,1.3167110681533813,1.5700000524520874,-0.37078213691711426,1.5700000524520874,-1.2282216548919678,3.6987764835357666,10.53368854522705,1.5700000524520874,-0.4178018569946289,1.5700000524520874,-1.2545206546783447,4.122403621673584,10.95803165435791,0.38031056902199367,0.508101486811948,0.00416154458811846,0.16755974964836007,0.4248823135841473,0.026777085114073174
367,7.339999999999866,0.050849247723817825,0.015616411343216896,0.0194451492279768,-0.11224764585494995,-0.523378312587738,0.6339275240898132,0.4735097885131836,0.29351383447647095,-0.8304445147514343,0.0,0.0,0.0,0.27000001072883606,0.0,0.08948994427919388,-0.33973774313926697,0.6017605066299438,1.439220905303955,0.670732855796814,0.6149173974990845,22.754079818725586,16.110828399658203,0.2867390215396881,-0.21227960288524628,-0.016676275059580803,-0.029936421662569046,3.767116069793701,10.75330638885498,0.9981959462165833,1.2233742475509644,1.1378788948059082,0.5374226570129395,0.4623470604419708,1.3167110681533813,1.015857458114624,1.1696199178695679,1.1597917079925537,0.5159043073654175,0.5685942769050598,1.4028230905532837,1.5700000524520874,-0.43797504901885986,1.5700000524520874,-1.2551195621490479,4.5487542152404785,11.22258472442627,1.5700000524520874,-0.4661661386489868,1.5700000524520874,-1.2807774543762207,4.0190277099609375,10.762101173400879,0.3278678133650743,0.36797071672995063,0.031753392270594816,0.09190562151674975,-0.0380195442954836,-0.04234125628948249
368,7.359999999999865,0.10407589375972748,0.049939606338739395,0.08029785752296448,-0.4267715811729431,-0.07762216031551361,0.6103838682174683,0.4767646789550781,0.29018014669418335,-0.8297535181045532,0.0,0.0,0.0,0.27000001072883606,0.0,0.0893058255314827,-0.33642399311065674,0.600121259689331,1.4419069290161133,0.6708996295928955,0.613634467124939,22.827009201049805,16.314390182495117,0.09519225358963013,0.17605414986610413,-0.009083479642868042,0.20971548557281494,3.712409734725952,10.536506652832031,1.015857458114624,1.1696199178695679,1.1597917079925537,0.5159043073654175,0.5685942769050598,1.4028230905532837,1.016998052597046,1.2244666814804077,1.16603422164917,0.5298668742179871,0.45271822810173035,1.2910093069076538,1.5700000524520874,-0.36941659450531006,1.5700000524520874,-1.237666368484497,3.6217458248138428,10.32807445526123,1.5700000524520874,-0.37078213691711426,1.5700000524520874,-1.2282216548919678,3.6987764835357666,10.53368854522705,0.6583139823276856,0.629199750666035,-0.012507052659024964,0.3939183290147259,-0.018241285550788078,0.17389513233502996
369,7.379999999999865,0.0880386158823967,0.04521938040852547,0.07085809856653214,-0.4042586088180542,0.10106275230646133,0.6194043755531311,0.47641026973724365,0.2896822988986969,-0.830130934715271,0.0,0.0,0.0,0.27000001072883606,0.0,0.08903376013040543,-0.3357478082180023,0.598574161529541,1.4383814334869385,0.670966386795044,0.6117576360702515,22.917652130126953,16.532930374145508,-0.4179648160934448,-0.33196398615837097,0.026569519191980362,-0.2755020558834076,4.555860996246338,10.701081275939941,1.016998052597046,1.2244666814804077,1.16603422164917,0.5298668742179871,0.45271822810173035,1.2910093069076538,0.9805004000663757,1.1974598169326782,1.124549150466919,0.5292544364929199,0.48861509561538696,1.3400018215179443,1.5700000524520874,-0.4031752347946167,1.5700000524520874,-1.2384319305419922,3.9089207649230957,10.720014572143555,1.5700000524520874,-0.43797504901885986,1.5700000524520874,-1.2551195621490479,4.5487542152404785,11.22258472442627,1.356852406240236,0.7624767844182143,-0.04362506885073891,0.9586311860987653,-0.048921207700916014,1.1710698356744693
370,7.3999999999998645,0.03981272503733635,0.04517900198698044,0.07115685194730759,-0.6119699478149414,-0.6307619214057922,0.5709689259529114,0.4749787449836731,0.2949536442756653,-0.829094409942627,0.0,0.0,0.0,0.27000001072883606,0.0,0.08965862542390823,-0.34179162979125977,0.5996977090835571,1.4419333934783936,0.6708642244338989,0.6159845590591431,22.989465713500977,16.74015235900879,0.21782825887203217,0.2530813217163086,-0.01139375101774931,0.19451875984668732,3.369540214538574,10.328042030334473,0.9805004000663757,1.1974598169326782,1.124549150466919,0.5292544364929199,0.48861509561538696,1.3400018215179443,1.0797146558761597,1.1659363508224487,1.2030290365219116,0.5062917470932007,0.5685415267944336,1.3845945596694946,1.5700000524520874,-0.4425795078277588,1.5700000524520874,-1.2671352624893188,4.548332214355469,11.076756477355957,1.5700000524520874,-0.36941659450531006,1.5700000524520874,-1.237666368484497,3.6217458248138428,10.32807445526123,0.5221861787572202,0.48085732965814554,0.012340659317915836,-0.003279372208359277,-0.01670703642685556,-0.06269871811235461
371,7.419999999999864,0.12013044208288193,0.06068124994635582,0.04121468961238861,-0.24730923771858215,0.13394682109355927,0.6200376152992249,0.4721055328845978,0.29045864939689636,-0.8323161602020264,0.0,0.0,0.0,0.27000001072883606,0.0,0.08940813690423965,-0.3357625901699066,0.5998536348342896,1.442638635635376,0.6709461212158203,0.6148239374160767,23.065879821777344,16.94771957397461,-0.35392674803733826,-0.1509624719619751,0.02630077302455902,-0.32680898904800415,3.9244673252105713,10.123726844787598,1.0797146558761597,1.1659363508224487,1.2030290365219116,0.5062917470932007,0.5685415267944336,1.3845945596694946,1.0201290845870972,1.1982505321502686,1.1653459072113037,0.521230936050415,0.4792524576187134,1.3147611618041992,1.5700000524520874,-0.4021867513656616,1.5700000524520874,-1.2484612464904785,3.834019660949707,10.518089294433594,1.5700000524520874,-0.4031752347946167,1.5700000524520874,-1.2384319305419922,3.9089207649230957,10.720014572143555,1.0814559080458945,0.46812591399380654,-0.05051688366647156,0.9914740511154765,0.09453670613375653,1.3974971595472638
372,7.439999999999864,0.09601199626922607,0.06193609908223152,0.03655250370502472,-0.5028675198554993,-0.424104243516922,0.5314930081367493,0.4734257459640503,0.29272302985191345,-0.8307715058326721,0.0,0.0,0.0,0.27000001072883606,0.0,0.08938518911600113,-0.33876755833625793,0.6021690368652344,1.4397107362747192,0.6707742214202881,0.6151785850524902,23.156482696533203,17.168819427490234,0.15693679451942444,-0.14339473843574524,-0.015860825777053833,0.016958652064204216,4.585823059082031,11.105969429016113,1.0201290845870972,1.1982505321502686,1.1653459072113037,0.521230936050415,0.4792524576187134,1.3147611618041992,1.0381072759628296,1.2119992971420288,1.1902244091033936,0.5323800444602966,0.5456767082214355,1.3810421228408813,1.5700000524520874,-0.3850008249282837,1.5700000524520874,-1.2345249652862549,4.365413665771484,11.04833698272705,1.5700000524520874,-0.4425795078277588,1.5700000524520874,-1.2671352624893188,4.548332214355469,11.076756477355957,0.25755495099837944,0.17014309942335348,0.01636059779952781,-0.06659081291426006,0.0572587569150933,-0.011131108962029401
373,7.459999999999863,0.08796263486146927,0.04666144773364067,0.10813762992620468,-0.3822447657585144,-0.11104739457368851,0.5828495621681213,0.47554874420166016,0.29307523369789124,-0.8294337391853333,0.0,0.0,0.0,0.27000001072883606,0.0,0.08964790403842926,-0.33965054154396057,0.601912260055542,1.4400811195373535,0.6708530187606812,0.6130886077880859,23.23129653930664,17.37360954284668,0.21428975462913513,0.20956917107105255,-0.010043300688266754,0.1958141028881073,3.801668643951416,10.50634765625,1.0381072759628296,1.2119992971420288,1.1902244091033936,0.5323800444602966,0.5456767082214355,1.3810421228408813,1.062839388847351,1.2210543155670166,1.2158616781234741,0.5291375517845154,0.4687507748603821,1.2879992723464966,1.5700000524520874,-0.3736821413040161,1.5700000524520874,-1.2385780811309814,3.7500061988830566,10.303994178771973,1.5700000524520874,-0.4021867513656616,1.5700000524520874,-1.2484612464904785,3.834019660949707,10.518089294433594,0.5634839857774399,0.5573204401829646,-0.003932348916409367,0.35089106224606503,0.05087575857272775,0.15376438930999115
374,7.479999999999863,0.06130585819482803,0.02461225353181362,0.04311904311180115,-0.0650271400809288,-0.6646283268928528,0.6518007516860962,0.4712945520877838,0.291660338640213,-0.8323554992675781,0.0,0.0,0.0,0.27000001072883606,0.0,0.08961158990859985,-0.33703431487083435,0.602371096611023,1.4425785541534424,0.6707870960235596,0.6147341728210449,23.31850242614746,17.591127395629883,-0.35650306940078735,0.08118972182273865,0.03248821571469307,-0.17852047085762024,4.360270977020264,10.38724136352539,1.062839388847351,1.2210543155670166,1.2158616781234741,0.5291375517845154,0.4687507748603821,1.2879992723464966,1.0518194437026978,1.1364569664001465,1.192494511604309,0.5029733180999756,0.6407316327095032,1.4675325155258179,1.5700000524520874,-0.479428768157959,1.5700000524520874,-1.2712833881378174,5.125853061676025,11.740260124206543,1.5700000524520874,-0.3850008249282837,1.5700000524520874,-1.2345249652862549,4.365413665771484,11.04833698272705,0.3696575542063876,0.4077046924467247,0.02236970111551173,0.11351225245667074,-0.03769695809063123,-0.038197401055708013
375,7.499999999999862,0.09825179725885391,0.05737020820379257,0.07540996372699738,-0.33949655294418335,-0.27584442496299744,0.5031559467315674,0.4720817506313324,0.29557931423187256,-0.8305249810218811,0.0,0.0,0.0,0.27000001072883606,0.0,0.08955027163028717,-0.34191638231277466,0.6014282703399658,1.4447767734527588,0.6709537506103516,0.6165090799331665,23.391948699951172,17.79498863220215,0.1436668038368225,0.12311752140522003,-0.01108836755156517,0.1416410356760025,3.585012912750244,10.312938690185547,1.0518194437026978,1.1364569664001465,1.192494511604309,0.5029733180999756,0.6407316327095032,1.4675325155258179,1.0893805027008057,1.2054522037506104,1.2408720254898071,0.5195452570915222,0.5295110940933228,1.3415735960006714,1.5700000524520874,-0.3931847810745239,1.5700000524520874,-1.2505683898925781,4.236088752746582,10.732588768005371,1.5700000524520874,-0.3736821413040161,1.5700000524520874,-1.2385780811309814,3.7500061988830566,10.303994178771973,0.44233741503585833,0.6409438265377796,-0.0029699626684731584,0.18532468582324135,0.42273256967727946,-0.008028536769039363
376,7.519999999999862,0.11027398705482483,0.06216585636138916,0.0691443383693695,-0.42121994495391846,-0.24655891954898834,0.4379786252975464,0.47172823548316956,0.2929997444152832,-0.8316391110420227,0.0,0.0,0.0,0.27000001072883606,0.0,0.08973313868045807,-0.33873653411865234,0.602630615234375,1.4384254217147827,0.6708643436431885,0.6115957498550415,23.489185333251953,18.0201358795166,0.06203657016158104,-0.3136482834815979,0.00750259542837739,-0.38721591234207153,4.844114303588867,11.18664264678955,1.0893805027008057,1.2054522037506104,1.2408720254898071,0.5195452570915222,0.5295110940933228,1.3415735960006714,1.0601211786270142,1.2139649391174316,1.2210971117019653,0.537648618221283,0.5565543174743652,1.383188247680664,1.5700000524520874,-0.38254380226135254,1.5700000524520874,-1.2279391288757324,4.452434539794922,11.065505981445312,1.5700000524520874,-0.479428768157959,1.5700000524520874,-1.2712833881378174,5.125853061676025,11.740260124206543,0.35893208533323495,0.23325014479501416,0.0045984399148011335,0.25735732138221934,0.10424016688010873,0.24168749958538172
377,7.5399999999998615,0.12248945981264114,0.06451575458049774,0.057484306395053864,-0.33289527893066406,-0.3968196213245392,0.4993351995944977,0.4728442430496216,0.2944042682647705,-0.8305085301399231,0.0,0.0,0.0,0.27000001072883606,0.0,0.08961596339941025,-0.3406662940979004,0.6047168970108032,1.4403588771820068,0.6706537008285522,0.6136714220046997,23.57468605041504,18.235464096069336,0.13248589634895325,0.08604563027620316,-0.013487632386386395,0.10139632225036621,4.279844284057617,10.764211654663086,1.0601211786270142,1.2139649391174316,1.2210971117019653,0.537648618221283,0.5565543174743652,1.383188247680664,1.078405499458313,1.2178226709365845,1.2451701164245605,0.5273755192756653,0.5435491800308228,1.360273838043213,1.5700000524520874,-0.3777216672897339,1.5700000524520874,-1.2407805919647217,4.348393440246582,10.882190704345703,1.5700000524520874,-0.3931847810745239,1.5700000524520874,-1.2505683898925781,4.236088752746582,10.732588768005371,0.267254246272147,0.1599031670759139,0.015510243530700407,-0.06884768576288636,0.050294770454732074,-0.01798143893011428
378,7.559999999999861,0.09592234343290329,0.06554176658391953,0.0632546991109848,-0.4574403762817383,-0.6512914896011353,0.4924292266368866,0.46933308243751526,0.2943984270095825,-0.8324998617172241,0.0,0.0,0.0,0.27000001072883606,0.0,0.08983089029788971,-0.33990660309791565,0.6032388210296631,1.4419605731964111,0.6708287000656128,0.6133871078491211,23.662307739257812,18.45034408569336,-0.09686245769262314,0.006547244731336832,0.014784493483603,-0.22232668101787567,4.2037224769592285,10.507994651794434,1.078405499458313,1.2178226709365845,1.2451701164245605,0.5273755192756653,0.5435491800308228,1.360273838043213,1.110927700996399,1.166071891784668,1.2558672428131104,0.5080934166908264,0.6410984992980957,1.4456323385238647,1.5700000524520874,-0.44241011142730713,1.5700000524520874,-1.264883279800415,5.128787994384766,11.565058708190918,1.5700000524520874,-0.38254380226135254,1.5700000524520874,-1.2279391288757324,4.452434539794922,11.065505981445312,0.32145825758557933,0.19003335086114426,0.0018443905461236199,-0.029250327164685785,0.06932558845806369,0.021270125215178126
379,7.579999999999861,0.15072420239448547,0.0905163437128067,0.0922410637140274,-0.534847617149353,-0.1955975592136383,0.4635685980319977,0.4710601568222046,0.2960418164730072,-0.8309401869773865,0.0,0.0,0.0,0.27000001072883606,0.0,0.0898825153708458,-0.34225255250930786,0.6044648885726929,1.445141077041626,0.6708076000213623,0.6143544912338257,23.748090744018555,18.66510009765625,0.10390082746744156,0.10687516629695892,-0.012181117199361324,0.10776547342538834,4.394090175628662,10.900303840637207,1.110927700996399,1.166071891784668,1.2558672428131104,0.5080934166908264,0.6410984992980957,1.4456323385238647,1.0973193645477295,1.2466806173324585,1.2631629705429077,0.5356749892234802,0.5107393264770508,1.3286799192428589,1.5700000524520874,-0.3416491746902466,1.5700000524520874,-1.2304062843322754,4.085914611816406,10.629439353942871,1.5700000524520874,-0.3777216672897339,1.5700000524520874,-1.2407805919647217,4.348393440246582,10.882190704345703,0.38206285543006224,0.21569618809120295,-0.0018353927592880126,0.13171447444173445,0.08231229638070303,0.14572686388667577
380,7.59999999999986,0.11238511651754379,0.06538522988557816,0.10352685302495956,-0.3367035686969757,0.035944707691669464,0.5237796306610107,0.4691289961338043,0.2952602803707123,-0.8323096632957458,0.0,0.0,0.0,0.27000001072883606,0.0,0.08990210294723511,-0.3408984839916229,0.6034587621688843,1.4407908916473389,0.6708943843841553,0.6104365587234497,23.849241256713867,18.890161514282227,-0.24430915713310242,-0.3784366250038147,0.025319023057818413,-0.45224180817604065,4.892639636993408,10.992012977600098,1.0973193645477295,1.2466806173324585,1.2631629705429077,0.5356749892234802,0.5107393264770508,1.3286799192428589,1.0664911270141602,1.2136799097061157,1.2281196117401123,0.5321915745735168,0.5324879884719849,1.355758786201477,1.5700000524520874,-0.3829001188278198,1.5700000524520874,-1.2347605228424072,4.259903907775879,10.846070289611816,1.5700000524520874,-0.44241011142730713,1.5700000524520874,-1.264883279800415,5.128787994384766,11.565058708190918,1.3331732354518806,0.7838752790159109,-0.05183677625104366,1.0833970606371768,-0.08955103573952528,1.1909261960947433
381,7.61999999999986,0.13873860239982605,0.06564906239509583,0.09437116980552673,-0.21554550528526306,-0.31077197194099426,0.5126370787620544,0.4689081311225891,0.299400269985199,-0.8309540748596191,0.0,0.0,0.0,0.27000001072883606,0.0,0.08985110372304916,-0.3458291292190552,0.6057169437408447,1.4477803707122803,0.6707504987716675,0.6147501468658447,23.930622100830078,19.103200912475586,0.061215464025735855,0.23379823565483093,-0.014873401261866093,0.16468755900859833,4.106062412261963,10.657402992248535,1.0664911270141602,1.2136799097061157,1.2281196117401123,0.5321915745735168,0.5324879884719849,1.355758786201477,1.1012823581695557,1.2211557626724243,1.266182541847229,0.5226024389266968,0.5161536931991577,1.3304094076156616,1.5700000524520874,-0.3735553026199341,1.5700000524520874,-1.2467468976974487,4.129229545593262,10.643275260925293,1.5700000524520874,-0.3416491746902466,1.5700000524520874,-1.2304062843322754,4.085914611816406,10.629439353942871,0.38644706347109725,0.6842292507545897,0.017264682188821823,0.2719138768620777,0.1983268145141901,-0.04731042095842142
382,7.639999999999859,0.1319567710161209,0.09046168625354767,0.1495777666568756,-0.47085249423980713,0.03636280074715614,0.5009452104568481,0.4673784077167511,0.29602524638175964,-0.8330224752426147,0.0,0.0,0.0,0.27000001072883606,0.0,0.09053008258342743,-0.3414444029331207,0.6027867794036865,1.4493556022644043,0.6710015535354614,0.614460825920105,24.015605926513672,19.31366729736328,0.07032308727502823,0.19819778203964233,0.00795365683734417,0.20484000444412231,4.212483882904053,10.759142875671387,1.1012823581695557,1.2211557626724243,1.266182541847229,0.5226024389266968,0.5161536931991577,1.3304094076156616,1.1136915683746338,1.2463493347167969,1.2749528884887695,0.5327354669570923,0.45130300521850586,1.2622829675674438,1.5700000524520874,-0.342063307762146,1.5700000524520874,-1.2340806722640991,3.610424041748047,10.09826374053955,1.5700000524520874,-0.3829001188278198,1.5700000524520874,-1.2347605228424072,4.259903907775879,10.846070289611816,1.491628820995917,0.6324681709834898,-0.07861729978258047,0.842873047416214,0.048209530779462995,1.1727049324114311
383,7.659999999999859,0.12062858790159225,0.04970250651240349,0.10365291684865952,0.16765595972537994,-0.42041391134262085,0.5905658006668091,0.4650588631629944,0.2957955002784729,-0.8344011306762695,0.0,0.0,0.0,0.27000001072883606,0.0,0.09029337018728256,-0.3406783938407898,0.6037577390670776,1.451585054397583,0.6709016561508179,0.6152143478393555,24.09630584716797,19.523969650268555,-0.26356983184814453,0.12224556505680084,0.013668293133378029,-0.22556152939796448,4.107132434844971,10.070438385009766,1.1136915683746338,1.2463493347167969,1.2749528884887695,0.5327354669570923,0.45130300521850586,1.2622829675674438,1.119352102279663,1.1595501899719238,1.2748464345932007,0.5021612048149109,0.5908018946647644,1.3922572135925293,1.5700000524520874,-0.4505622386932373,1.5700000524520874,-1.2722984552383423,4.726415157318115,11.138057708740234,1.5700000524520874,-0.3735553026199341,1.5700000524520874,-1.2467468976974487,4.129229545593262,10.643275260925293,0.5035069309501452,0.6074083490781401,0.024353477783607858,0.20749647779039293,-0.03054569701002663,-0.05928374616350851
384,7.6799999999998585,0.16525527834892273,0.11217062175273895,0.10438619554042816,-0.5664669871330261,-0.4491979479789734,0.4051485061645508,0.4655424952507019,0.2989960312843323,-0.832989513874054,0.0,0.0,0.0,0.27000001072883606,0.0,0.09018290787935257,-0.34461984038352966,0.603209376335144,1.4563826322555542,0.6708922386169434,0.6171194314956665,24.168331146240234,19.723764419555664,0.11631706357002258,0.1680794507265091,-0.014387915842235088,0.12681812047958374,3.513934850692749,10.12253189086914,1.119352102279663,1.1595501899719238,1.2748464345932007,0.5021612048149109,0.5908018946647644,1.3922572135925293,1.1815623044967651,1.206734538078308,1.3300752639770508,0.5069669485092163,0.5640884637832642,1.3487491607666016,1.5700000524520874,-0.39158177375793457,1.5700000524520874,-1.2662912607192993,4.512707710266113,10.789993286132812,1.5700000524520874,-0.342063307762146,1.5700000524520874,-1.2340806722640991,3.610424041748047,10.09826374053955,0.39002279904226533,0.22386953956658218,0.008168501160042752,-0.050101846864928135,0.07041149125888602,0.002178055657427791
385,7.699999999999858,0.1907406747341156,0.1212410181760788,0.1370631605386734,-0.5546005964279175,0.07460764050483704,0.4155268967151642,0.4657239317893982,0.29962384700775146,-0.8326624631881714,0.0,0.0,0.0,0.27000001072883606,0.0,0.09051621705293655,-0.3454124331474304,0.6046618223190308,1.4523292779922485,0.6708465814590454,0.6129388809204102,24.259693145751953,19.93999671936035,0.1986120194196701,-0.0883278101682663,-0.0063320365734398365,0.0003322756674606353,4.700497150421143,11.062819480895996,1.1815623044967651,1.206734538078308,1.3300752639770508,0.5069669485092163,0.5640884637832642,1.3487491607666016,1.1377747058868408,1.273864984512329,1.3104751110076904,0.5450260639190674,0.4610074460506439,1.2684545516967773,1.5700000524520874,-0.3076688051223755,1.5700000524520874,-1.218717336654663,3.6880595684051514,10.147636413574219,1.5700000524520874,-0.4505622386932373,1.5700000524520874,-1.2722984552383423,4.726415157318115,11.138057708740234,0.8262713074485166,0.35288471836527524,-0.023256437141716546,0.6998601350462117,0.037410602412734306,0.9072844392911001
386,7.719999999999858,0.17868147790431976,0.08303284645080566,0.15777751803398132,-0.15208043158054352,-0.005466855596750975,0.47297316789627075,0.4654644727706909,0.298485666513443,-0.83321613073349,0.0,0.0,0.0,0.27000001072883606,0.0,0.09055064618587494,-0.34399059414863586,0.6039875745773315,1.4516290426254272,0.6708719730377197,0.6096905469894409,24.34804344177246,20.151296615600586,-0.14895303547382355,0.06992616504430771,0.018151814118027687,-0.2677484452724457,4.465647220611572,10.308892250061035,1.1377747058868408,1.273864984512329,1.3104751110076904,0.5450260639190674,0.4610074460506439,1.2684545516967773,1.1329841613769531,1.218895673751831,1.3028584718704224,0.5246449112892151,0.49594569206237793,1.2952927350997925,1.5700000524520874,-0.3763803243637085,1.5700000524520874,-1.2441937923431396,3.9675655364990234,10.36234188079834,1.5700000524520874,-0.39158177375793457,1.5700000524520874,-1.2662912607192993,4.512707710266113,10.789993286132812,0.8389540491039256,0.5144419112157985,-0.030526964468855056,0.8159140417259518,0.35579771816352057,1.0139742228843431
387,7.739999999999857,0.13554838299751282,0.07149983942508698,0.16192211210727692,-0.07053771615028381,-0.5936136245727539,0.5651203989982605,0.463640034198761,0.30055201053619385,-0.8334904909133911,0.0,0.0,0.0,0.27000001072883606,0.0,0.0906541496515274,-0.3460817039012909,0.605613112449646,1.460541009902954,0.670691728591919,0.614872932434082,24.422677993774414,20.354656219482422,0.16150540113449097,0.5703713297843933,-0.011478929780423641,0.3692093789577484,3.658853530883789,10.156678199768066,1.1329841613769531,1.218895673751831,1.3028584718704224,0.5246449112892151,0.49594569206237793,1.2952927350997925,1.1860629320144653,1.1895921230316162,1.343178391456604,0.5011191964149475,0.5635507702827454,1.349010944366455,1.5700000524520874,-0.41300976276397705,1.5700000524520874,-1.2736010551452637,4.508406162261963,10.79208755493164,1.5700000524520874,-0.3076688051223755,1.5700000524520874,-1.218717336654663,3.6880595684051514,10.147636413574219,0.6436474330176303,0.7311872288741998,0.019530734568474983,0.2484071699828334,-0.10679090080983578,-0.06550075668532074
388,7.759999999999857,0.2032059282064438,0.13031074404716492,0.2001093327999115,-0.5233777165412903,-0.008686212822794914,0.45817339420318604,0.4623594880104065,0.30239927768707275,-0.8335336446762085,0.0,0.0,0.0,0.27000001072883606,0.0,0.09103117138147354,-0.34802499413490295,0.603771448135376,1.4614957571029663,0.6709566116333008,0.6124043464660645,24.50012969970703,20.55424690246582,0.16499702632427216,0.20538245141506195,-0.0022333748638629913,0.1605757623910904,3.9070096015930176,10.293736457824707,1.1860629320144653,1.1895921230316162,1.343178391456604,0.5011191964149475,0.5635507702827454,1.349010944366455,1.194846510887146,1.2487916946411133,1.3548860549926758,0.5233910083770752,0.47164177894592285,1.2565211057662964,1.5700000524520874,-0.3390103578567505,1.5700000524520874,-1.2457611560821533,3.773134231567383,10.052168846130371,1.5700000524520874,-0.3763803243637085,1.5700000524520874,-1.2441937923431396,3.9675655364990234,10.36234188079834,0.8985104037378928,0.5673318794753417,-0.04293630737967469,0.7210743417838508,0.39761590011820935,0.8357262961760163
389,7.779999999999856,0.16081015765666962,0.07040148228406906,0.17231793701648712,0.21852481365203857,-0.4220937192440033,0.6359999179840088,0.46097102761268616,0.30151012539863586,-0.8346241116523743,0.0,0.0,0.0,0.27000001072883606,0.0,0.09105532616376877,-0.34666404128074646,0.6053327322006226,1.458756685256958,0.6706922054290771,0.6103389263153076,24.58879280090332,20.767499923706055,-0.17558029294013977,-0.08085381984710693,0.013002649880945683,-0.3039509356021881,4.483532428741455,10.30080795288086,1.194846510887146,1.2487916946411133,1.3548860549926758,0.5233910083770752,0.47164177894592285,1.2565211057662964,1.1680983304977417,1.1717294454574585,1.3300670385360718,0.5034780502319336,0.623253345489502,1.412302017211914,1.5700000524520874,-0.4353381395339966,1.5700000524520874,-1.270652413368225,4.986026763916016,11.298416137695312,1.5700000524520874,-0.41300976276397705,1.5700000524520874,-1.2736010551452637,4.508406162261963,10.79208755493164,0.5391906874265686,0.6783861304497547,0.03951595523314566,0.28913136374438864,-0.06793357342753836,-0.05514721264964351
390,7.799999999999856,0.2833698093891144,0.19079729914665222,0.1365833431482315,-0.8996344804763794,-0.29287928342819214,0.35065311193466187,0.46130484342575073,0.3068741261959076,-0.8324819207191467,0.0,0.0,0.0,0.27000001072883606,0.0,0.09067286550998688,-0.3531704545021057,0.6042344570159912,1.4636603593826294,0.6708762645721436,0.6106373071670532,24.66427993774414,20.96495246887207,0.021813953295350075,-0.006921361666172743,-0.01157916896045208,-0.014199502766132355,3.759725332260132,10.086443901062012,1.1680983304977417,1.1717294454574585,1.3300670385360718,0.5034780502319336,0.623253345489502,1.412302017211914,1.2256720066070557,1.2442693710327148,1.3805012702941895,0.5100126266479492,0.5466464757919312,1.3222490549087524,1.5700000524520874,-0.34466326236724854,1.5700000524520874,-1.2624841928482056,4.373171806335449,10.57799243927002,1.5700000524520874,-0.3390103578567505,1.5700000524520874,-1.2457611560821533,3.773134231567383,10.052168846130371,0.35487511305619,0.174517024677467,-0.012305739582716413,0.04447901740781823,0.058316510469267335,0.10297848196308124
391,7.8199999999998555,0.24556571245193481,0.1269751638174057,0.2265133261680603,-0.37785258889198303,-0.03397565335035324,0.45318129658699036,0.46023136377334595,0.30501291155815125,-0.833759069442749,0.0,0.0,0.0,0.27000001072883606,0.0,0.09155881404876709,-0.3507058620452881,0.6062736511230469,1.4592556953430176,0.6707988977432251,0.6067265272140503,24.758859634399414,21.183818817138672,0.2592914402484894,-0.07601717114448547,-0.007051450200378895,0.00019167791469953954,4.841228008270264,11.204318046569824,1.2256720066070557,1.2442693710327148,1.3805012702941895,0.5100126266479492,0.5466464757919312,1.3222490549087524,1.1784785985946655,1.276471734046936,1.3605138063430786,0.5398308634757996,0.4922674894332886,1.2883037328720093,1.5700000524520874,-0.30441033840179443,1.5700000524520874,-1.2252113819122314,3.9381399154663086,10.306429862976074,1.5700000524520874,-0.4353381395339966,1.5700000524520874,-1.270652413368225,4.986026763916016,11.298416137695312,0.5961767748565556,0.4064918972501177,-0.021084812440316014,0.8514334933503545,0.34623794540743624,0.9245665547441781
392,7.839999999999855,0.24882349371910095,0.12011624127626419,0.19494426250457764,-0.2079404890537262,-0.05705394595861435,0.5539811849594116,0.45925822854042053,0.3066294491291046,-0.8337027430534363,0.0,0.0,0.0,0.27000001072883606,0.0,0.09079303592443466,-0.3524366617202759,0.6063436269760132,1.4625606536865234,0.6707223653793335,0.6045829057693481,24.846752166748047,21.3922061920166,-0.313520610332489,-0.09338228404521942,0.00930098444223404,-0.4018452763557434,4.38930082321167,10.180597305297852,1.1784785985946655,1.276471734046936,1.3605138063430786,0.5398308634757996,0.4922674894332886,1.2883037328720093,1.180708885192871,1.2167558670043945,1.3452072143554688,0.5097800493240356,0.5418161153793335,1.3291608095169067,1.5700000524520874,-0.3790551424026489,1.5700000524520874,-1.26277494430542,4.334528923034668,10.633286476135254,1.5700000524520874,-0.34466326236724854,1.5700000524520874,-1.2624841928482056,4.373171806335449,10.57799243927002,0.9070466577543819,1.1251286332934107,-0.002157330965561144,1.1357138456903222,-0.10103581964490083,0.6848046886087822
393,7.859999999999855,0.2855391800403595,0.17279170453548431,0.17728038132190704,-0.724790632724762,-0.6474111676216125,0.46623295545578003,0.45581451058387756,0.3101141154766083,-0.8343034982681274,0.0,0.0,0.0,0.27000001072883606,0.0,0.09142651408910751,-0.3558780550956726,0.6073867082595825,1.4713435173034668,0.6706705093383789,0.608625054359436,24.925281524658203,21.596406936645508,0.0691167563199997,0.19403253495693207,-0.0216862503439188,0.1386076807975769,3.934786796569824,10.341796875,1.180708885192871,1.2167558670043945,1.3452072143554688,0.5097800493240356,0.5418161153793335,1.3291608095169067,1.2447081804275513,1.2261966466903687,1.3965317010879517,0.4991714358329773,0.5984550714492798,1.3736636638641357,1.5700000524520874,-0.3672541379928589,1.5700000524520874,-1.2760356664657593,4.787640571594238,10.989309310913086,1.5700000524520874,-0.30441033840179443,1.5700000524520874,-1.2252113819122314,3.9381399154663086,10.306429862976074,0.15843673991958696,0.06655437098034245,0.007790596341715528,-0.0508718809285309,0.03211713237241032,0.007848598412163454
394,7.879999999999854,0.32266420125961304,0.18665872514247894,0.22105981409549713,-0.6030706167221069,-0.0480993278324604,0.5398263335227966,0.4546307921409607,0.3113265931606293,-0.8344978094100952,0.0,0.0,0.0,0.27000001072883606,0.0,0.09168457239866257,-0.35707807540893555,0.6080610752105713,1.472877860069275,0.670823335647583,0.6049720048904419,25.009117126464844,21.80127716064453,0.09308716654777527,0.13112860918045044,0.005215936806052923,-0.11611482501029968,4.251889228820801,10.336237907409668,1.2447081804275513,1.2261966466903687,1.3965317010879517,0.4991714358329773,0.5984550714492798,1.3736636638641357,1.2313951253890991,1.2709863185882568,1.3965497016906738,0.5201475024223328,0.49151086807250977,1.2720553874969482,1.5700000524520874,-0.31126701831817627,1.5700000524520874,-1.249815583229065,3.932086944580078,10.176443099975586,1.5700000524520874,-0.3790551424026489,1.5700000524520874,-1.26277494430542,4.334528923034668,10.633286476135254,0.5393102398257223,0.29568579548176466,-0.02761956102680152,0.6620080747292452,0.22149040961751076,0.7192388271774313
395,7.899999999999854,0.23909617960453033,0.12624886631965637,0.24043288826942444,-0.11258364468812943,-0.7193800806999207,0.6859305500984192,0.4530640244483948,0.30966103076934814,-0.8359683156013489,0.0,0.0,0.0,0.27000001072883606,0.0,0.09246867150068283,-0.35475102066993713,0.6079256534576416,1.4728648662567139,0.6704725027084351,0.6030131578445435,25.104934692382812,22.018898010253906,-0.07527751475572586,0.1448955088853836,0.02537357434630394,-0.20029081404209137,4.776332378387451,10.585129737854004,1.2313951253890991,1.2709863185882568,1.3965497016906738,0.5201475024223328,0.49151086807250977,1.2720553874969482,1.2291394472122192,1.1911368370056152,1.3875770568847656,0.4981233477592468,0.6637498140335083,1.4444907903671265,1.5700000524520874,-0.41107892990112305,1.5700000524520874,-1.2773457765579224,5.309998512268066,11.555926322937012,1.5700000524520874,-0.3672541379928589,1.5700000524520874,-1.2760356664657593,4.787640571594238,10.989309310913086,0.35017423073440845,0.2178717589980117,0.020649499539763028,-0.03327503098567419,0.07090132833398854,-0.005194177891560514
396,7.919999999999853,0.3622027635574341,0.2431168109178543,0.20798665285110474,-0.8774508237838745,-0.1951344907283783,0.5722695589065552,0.45096808671951294,0.31585413217544556,-0.8347837924957275,0.0,0.0,0.0,0.27000001072883606,0.0,0.09207296371459961,-0.3617187440395355,0.6067761182785034,1.4795668125152588,0.6708481311798096,0.6013282537460327,25.18400001525879,22.217069625854492,-0.13386622071266174,0.016751542687416077,0.00029334737337194383,-0.2344508320093155,4.009055137634277,10.002748489379883,1.2291394472122192,1.1911368370056152,1.3875770568847656,0.4981233477592468,0.6637498140335083,1.4444907903671265,1.2623385190963745,1.2546825408935547,1.4131215810775757,0.5013092160224915,0.5543470978736877,1.3272852897644043,1.5700000524520874,-0.33164680004119873,1.5700000524520874,-1.273363471031189,4.434776782989502,10.618282318115234,1.5700000524520874,-0.31126701831817627,1.5700000524520874,-1.249815583229065,3.932086944580078,10.176443099975586,0.4970157079859021,0.17066644217826266,-0.03938629075895328,0.5438945844915697,0.16218173496838872,0.5992940226950161
397,7.939999999999853,0.365084171295166,0.20564089715480804,0.2274545133113861,-0.4387253224849701,-0.13702598214149475,0.6925137042999268,0.450183629989624,0.31559067964553833,-0.8353066444396973,0.0,0.0,0.0,0.27000001072883606,0.0,0.09211868047714233,-0.3612356185913086,0.6097855567932129,1.4759271144866943,0.6706880331039429,0.5979485511779785,25.28531837463379,22.440471649169922,-0.10718658566474915,-0.4264734387397766,-0.004836199339479208,-0.4728935658931732,5.381740570068359,11.241186141967773,1.2623385190963745,1.2546825408935547,1.4131215810775757,0.5013092160224915,0.5543470978736877,1.3272852897644043,1.2005950212478638,1.2745054960250854,1.3732845783233643,0.5233622789382935,0.5656061768531799,1.3655145168304443,1.5700000524520874,-0.3068680763244629,1.5700000524520874,-1.2457971572875977,4.5248494148254395,10.924116134643555,1.5700000524520874,-0.41107892990112305,1.5700000524520874,-1.2773457765579224,5.309998512268066,11.555926322937012,0.24910671904201465,0.265380535795666,0.0003981742592369386,0.6999025509355459,0.3528888537576247,0.7800870132861064
398,7.9599999999998525,0.38588231801986694,0.23348011076450348,0.24635855853557587,-0.8877889513969421,-0.3018139898777008,0.6261329054832458,0.4502081274986267,0.3187897503376007,-0.834077775478363,0.0,0.0,0.0,0.27000001072883606,0.0,0.09233468025922775,-0.36507347226142883,0.6091721057891846,1.4802488088607788,0.6705732345581055,0.5963575839996338,25.37458610534668,22.6496524810791,-0.0560070276260376,-0.08485482633113861,-0.04277900233864784,-0.14686493575572968,4.50516414642334,10.629538536071777,1.2005950212478638,1.2745054960250854,1.3732845783233643,0.5233622789382935,0.5656061768531799,1.3655145168304443,1.2537658214569092,1.2694796323776245,1.409416913986206,0.5060047507286072,0.5629600286483765,1.3425147533416748,1.5700000524520874,-0.31315040588378906,1.5700000524520874,-1.2674939632415771,4.503680229187012,10.740118026733398,1.5700000524520874,-0.33164680004119873,1.5700000524520874,-1.273363471031189,4.434776782989502,10.618282318115234,0.5228224654295968,0.20773596276345074,-0.019189824247222376,0.3874962272886595,0.025622187298440124,0.48005497673913666
399,7.979999999999852,0.3851853907108307,0.22866882383823395,0.2560082674026489,-0.6057038307189941,-0.31591323018074036,0.767080545425415,0.44688504934310913,0.3192508816719055,-0.8356869220733643,0.0,0.0,0.0,0.27000001072883606,0.0,0.09259683638811111,-0.3649127781391144,0.6106493473052979,1.48879873752594,0.6706445217132568,0.5969687700271606,25.46350860595703,22.862558364868164,0.04133492335677147,0.4305218756198883,0.01508093811571598,-0.02249876596033573,4.512441158294678,10.590448379516602,1.2537658214569092,1.2694796323776245,1.409416913986206,0.5060047507286072,0.5629600286483765,1.3425147533416748,1.255731463432312,1.2782200574874878,1.4148859977722168,0.5086881518363953,0.517805814743042,1.305601716041565,1.5700000524520874,-0.30222487449645996,1.5700000524520874,-1.2641397714614868,4.142446517944336,10.44481372833252,1.5700000524520874,-0.3068680763244629,1.5700000524520874,-1.2457971572875977,4.5248494148254395,10.924116134643555,0.491622811835434,0.1731878302509391,-0.03587377857994767,0.6918576150796323,0.10406311482023156,0.7401546872330016
400,7.999999999999852,0.37344634532928467,0.23268680274486542,0.28944042325019836,-0.7138456106185913,-0.4333430528640747,0.7954469323158264,0.4459567070007324,0.32187145948410034,-0.835177481174469,0.0,0.0,0.0,0.27000001072883606,0.0,0.09280633926391602,-0.3678509593009949,0.609534740447998,1.4935507774353027,0.6707910299301147,0.5954188108444214,25.55382537841797,23.073150634765625,0.029425887390971184,0.3529835343360901,0.0070390114560723305,0.050077978521585464,4.489660263061523,10.537586212158203,1.255731463432312,1.2782200574874878,1.4148859977722168,0.5086881518363953,0.517805814743042,1.305601716041565,1.2793664932250977,1.262223243713379,1.4277535676956177,0.5005558133125305,0.5538644790649414,1.3347804546356201,1.5700000524520874,-0.32222092151641846,1.5700000524520874,-1.2743052244186401,4.430915832519531,10.678243637084961,1.5700000524520874,-0.31315040588378906,1.5700000524520874,-1.2674939632415771,4.503680229187012,10.740118026733398,0.6000441396050018,0.25551313430561606,-0.02576430671310348,0.35701243747484135,0.04462457676897813,0.4676542066732594
401,8.019999999999854,0.35577237606048584,0.22509586811065674,0.2749587595462799,-0.5264049172401428,-0.48778215050697327,0.8903701305389404,0.44271039962768555,0.32377633452415466,-0.8361676931381226,0.0,0.0,0.0,0.27000001072883606,0.0,0.09320550411939621,-0.369436115026474,0.6096173524856567,1.4997036457061768,0.6707812547683716,0.595703125,25.637136459350586,23.279369354248047,0.00973434653133154,0.3732864260673523,0.006274309009313583,0.045386891812086105,4.132427215576172,10.209826469421387,1.2793664932250977,1.262223243713379,1.4277535676956177,0.5005558133125305,0.5538644790649414,1.3347804546356201,1.2980835437774658,1.241613507270813,1.4401649236679077,0.4881792664527893,0.578838050365448,1.3528116941452026,1.5700000524520874,-0.34798312187194824,1.5700000524520874,-1.2897758483886719,4.630704402923584,10.822493553161621,1.5700000524520874,-0.30222487449645996,1.5700000524520874,-1.2641397714614868,4.142446517944336,10.44481372833252,0.507015630492635,0.1789680553109121,-0.012440781054063876,0.3004827856916652,0.06168086702880693,0.4410383902820918
402,8.039999999999857,0.3568033277988434,0.2321133017539978,0.28993287682533264,-0.6434004306793213,-0.44567906856536865,0.8658889532089233,0.4410053789615631,0.3253759741783142,-0.8364476561546326,0.0,0.0,0.0,0.27000001072883606,0.0,0.09368074685335159,-0.3709855377674103,0.6090651750564575,1.5028870105743408,0.6708314418792725,0.5935219526290894,25.7252140045166,23.48828125,0.08945395052433014,0.2878568172454834,0.0022317548282444477,-0.033323727548122406,4.3747334480285645,10.451210975646973,1.2980835437774658,1.241613507270813,1.4401649236679077,0.4881792664527893,0.578838050365448,1.3528116941452026,1.3094313144683838,1.2532379627227783,1.448884129524231,0.49441084265708923,0.5797696113586426,1.3547669649124146,1.5700000524520874,-0.33345258235931396,1.5700000524520874,-1.2819864749908447,4.638156890869141,10.838135719299316,1.5700000524520874,-0.32222092151641846,1.5700000524520874,-1.2743052244186401,4.430915832519531,10.678243637084961,0.548268777091911,0.22977313362655138,-0.017729680101691514,0.3959159765682241,0.13444042577622994,0.48171147851679663
403,8.05999999999986,0.34397241473197937,0.2139025777578354,0.29284682869911194,-0.43013837933540344,-0.4120001494884491,0.9251790046691895,0.440828412771225,0.3267609775066376,-0.836000919342041,0.0,0.0,0.0,0.27000001072883606,0.0,0.09363572299480438,-0.37260404229164124,0.6092458963394165,1.5033243894577026,0.6704123020172119,0.59096360206604,25.8176212310791,23.701324462890625,0.001359301619231701,0.1062527745962143,0.009346282109618187,-0.08736004680395126,4.606291770935059,10.577457427978516,1.3094313144683838,1.2532379627227783,1.448884129524231,0.49441084265708923,0.5797696113586426,1.3547669649124146,1.299885869026184,1.2472280263900757,1.4446008205413818,0.4943837523460388,0.602103054523468,1.3796521425247192,1.5700000524520874,-0.3409649133682251,1.5700000524520874,-1.2820203304290771,4.816824436187744,11.037217140197754,1.5700000524520874,-0.34798312187194824,1.5700000524520874,-1.2897758483886719,4.630704402923584,10.822493553161621,0.6494447248951047,0.33675613333277177,0.03178515548581906,0.4381320678057392,0.14550719723777128,0.48338129194233304
404,8.079999999999863,0.3426974415779114,0.21326643228530884,0.30994024872779846,-0.5629169344902039,-0.5002487301826477,0.9009175896644592,0.4403163194656372,0.3278482258319855,-0.8358451128005981,0.0,0.0,0.0,0.27000001072883606,0.0,0.09391390532255173,-0.3737950623035431,0.6088521480560303,1.50502610206604,0.6706627607345581,0.5886046886444092,25.91023826599121,23.91389274597168,0.00884236954152584,0.17418242990970612,0.014720330014824867,0.010051274672150612,4.618247032165527,10.635397911071777,1.299885869026184,1.2472280263900757,1.4446008205413818,0.4943837523460388,0.602103054523468,1.3796521425247192,1.314271092414856,1.2477577924728394,1.4564554691314697,0.4922449588775635,0.618038535118103,1.3927395343780518,1.5700000524520874,-0.3403027057647705,1.5700000524520874,-1.284693717956543,4.944308280944824,11.141916275024414,1.5700000524520874,-0.33345258235931396,1.5700000524520874,-1.2819864749908447,4.638156890869141,10.838135719299316,0.7040794442796461,0.34443516298270094,-0.03408473782577204,0.42640427817320514,0.05488532891270381,0.465174848294037
405,8.099999999999866,0.3278305232524872,0.18445740640163422,0.31479504704475403,-0.25894999504089355,-0.3131733238697052,0.9817290902137756,0.4398331344127655,0.3295062780380249,-0.8354474306106567,0.0,0.0,0.0,0.27000001072883606,0.0,0.09363960474729538,-0.3756754994392395,0.6100050210952759,1.5061283111572266,0.6706862449645996,0.5864982604980469,26.005735397338867,24.130949020385742,-0.05568172037601471,0.09091147035360336,0.00517955981194973,-0.09815691411495209,4.789758205413818,10.773198127746582,1.314271092414856,1.2477577924728394,1.4564554691314697,0.4922449588775635,0.618038535118103,1.3927395343780518,1.2966859340667725,1.252207636833191,1.4452649354934692,0.49667754769325256,0.6008016467094421,1.3825172185897827,1.5700000524520874,-0.33474040031433105,1.5700000524520874,-1.2791531085968018,4.806413173675537,11.060137748718262,1.5700000524520874,-0.3409649133682251,1.5700000524520874,-1.2820203304290771,4.816824436187744,11.037217140197754,0.8189844795539045,1.0213252207231571,0.0038171817953198683,1.0700429094133703,-0.214323155345447,0.343457240553505
406,8.11999999999987,0.3222898840904236,0.18231937289237976,0.33464860916137695,-0.34372714161872864,-0.3986143469810486,0.9836001396179199,0.4396580755710602,0.3311479389667511,-0.8348903059959412,0.0,0.0,0.0,0.27000001072883606,0.0,0.09389194846153259,-0.3776034116744995,0.6105414628982544,1.507136344909668,0.6706827878952026,0.5848511457443237,26.10428810119629,24.350509643554688,0.12186424434185028,0.15567100048065186,-0.008782805874943733,0.0895562618970871,4.9110541343688965,11.106308937072754,1.2966859340667725,1.252207636833191,1.4452649354934692,0.49667754769325256,0.6008016467094421,1.3825172185897827,1.3059636354446411,1.2649593353271484,1.4554685354232788,0.5001932978630066,0.5974940061569214,1.3803439140319824,1.5700000524520874,-0.31880080699920654,1.5700000524520874,-1.2747583389282227,4.779952049255371,11.04275131225586,1.5700000524520874,-0.3403027057647705,1.5700000524520874,-1.284693717956543,4.944308280944824,11.141916275024414,0.8065479737308312,1.0128292641976442,0.0040516499587432975,0.9531638894125809,-0.18637790466708637,0.2694479056513579
407,8.139999999999873,0.3193337023258209,0.17975255846977234,0.3279504179954529,-0.316689670085907,-0.4208419620990753,1.0096356868743896,0.4376707673072815,0.33163198828697205,-0.8357418775558472,0.0,0.0,0.0,0.27000001072883606,0.0,0.09420797973871231,-0.37775465846061707,0.6100494861602783,1.5085490942001343,0.670750617980957,0.5831713676452637,26.200265884399414,24.56734275817871,-0.016314834356307983,0.12984924018383026,0.003205720568075776,-0.06993269920349121,4.742999076843262,10.804428100585938,1.3059636354446411,1.2649593353271484,1.4554685354232788,0.5001932978630066,0.5974940061569214,1.3803439140319824,1.3199193477630615,1.2453898191452026,1.4620988368988037,0.4902125298976898,0.6209751963615417,1.3963459730148315,1.5700000524520874,-0.3432626724243164,1.5700000524520874,-1.2872343063354492,4.967801570892334,11.170767784118652,1.5700000524520874,-0.33474040031433105,1.5700000524520874,-1.2791531085968018,4.806413173675537,11.060137748718262,0.8348443070648948,0.9557117082828634,-0.0016884066769762285,0.981396426456028,-0.19074656772008858,0.3385295660553034
